sample_id,group,target_depth,replicate,spearman_rho
EE87811,Breast cancer,20000000,0,0.9539177624250731
EE87811,Breast cancer,20000000,1,0.9533558673286598
EE87811,Breast cancer,20000000,2,0.9625161383619449
EE87811,Breast cancer,20000000,3,0.9606399194352129
EE87811,Breast cancer,20000000,4,0.9602204848739091
EE87811,Breast cancer,20000000,5,0.9549048895165463
EE87811,Breast cancer,20000000,6,0.9539716159267169
EE87811,Breast cancer,20000000,7,0.9536651506485961
EE87811,Breast cancer,20000000,8,0.9580783005311493
EE87811,Breast cancer,20000000,9,0.9622105028654957
EE87811,Breast cancer,20000000,10,0.9615693327479446
EE87811,Breast cancer,20000000,11,0.9581517129788257
EE87811,Breast cancer,20000000,12,0.9569583535809252
EE87811,Breast cancer,20000000,13,0.9502444196482916
EE87811,Breast cancer,20000000,14,0.9622465902621352
EE87811,Breast cancer,20000000,15,0.9503081108052442
EE87811,Breast cancer,20000000,16,0.958513954879029
EE87811,Breast cancer,20000000,17,0.9585069197908758
EE87811,Breast cancer,20000000,18,0.9463791443508894
EE87811,Breast cancer,20000000,19,0.9605397345687297
EE87811,Breast cancer,10000000,0,0.8670286914345197
EE87811,Breast cancer,10000000,1,0.9032265650139856
EE87811,Breast cancer,10000000,2,0.8947837426929537
EE87811,Breast cancer,10000000,3,0.8733782493313411
EE87811,Breast cancer,10000000,4,0.8901301621587819
EE87811,Breast cancer,10000000,5,0.8752653465888292
EE87811,Breast cancer,10000000,6,0.8741668774071871
EE87811,Breast cancer,10000000,7,0.902069372842563
EE87811,Breast cancer,10000000,8,0.8761486409903321
EE87811,Breast cancer,10000000,9,0.8897123705790071
EE87811,Breast cancer,10000000,10,0.8873729287202264
EE87811,Breast cancer,10000000,11,0.9049525717806982
EE87811,Breast cancer,10000000,12,0.875587918408611
EE87811,Breast cancer,10000000,13,0.9060773538245046
EE87811,Breast cancer,10000000,14,0.8993800002866148
EE87811,Breast cancer,10000000,15,0.8852779055239774
EE87811,Breast cancer,10000000,16,0.8738895308768718
EE87811,Breast cancer,10000000,17,0.8938872249313102
EE87811,Breast cancer,10000000,18,0.87457590794978
EE87811,Breast cancer,10000000,19,0.8773510548072452
EE87811,Breast cancer,5000000,0,0.8036256565044222
EE87811,Breast cancer,5000000,1,0.7882107684435059
EE87811,Breast cancer,5000000,2,0.8041892778121997
EE87811,Breast cancer,5000000,3,0.7946988589705474
EE87811,Breast cancer,5000000,4,0.8007252003371632
EE87811,Breast cancer,5000000,5,0.7955343475151159
EE87811,Breast cancer,5000000,6,0.7830584654909384
EE87811,Breast cancer,5000000,7,0.7862315636107391
EE87811,Breast cancer,5000000,8,0.8004275249196426
EE87811,Breast cancer,5000000,9,0.7939853904669345
EE87811,Breast cancer,5000000,10,0.8180864951060541
EE87811,Breast cancer,5000000,11,0.7765299289758978
EE87811,Breast cancer,5000000,12,0.8082083332125573
EE87811,Breast cancer,5000000,13,0.794629797940377
EE87811,Breast cancer,5000000,14,0.784862770183212
EE87811,Breast cancer,5000000,15,0.8101397899723255
EE87811,Breast cancer,5000000,16,0.8053932550016425
EE87811,Breast cancer,5000000,17,0.7879978524089578
EE87811,Breast cancer,5000000,18,0.8044500125866205
EE87811,Breast cancer,5000000,19,0.7859614350773053
EE87811,Breast cancer,2000000,0,0.6494810734366759
EE87811,Breast cancer,2000000,1,0.6680601027823229
EE87811,Breast cancer,2000000,2,0.6464287472476242
EE87811,Breast cancer,2000000,3,0.666118874298572
EE87811,Breast cancer,2000000,4,0.6416112958771877
EE87811,Breast cancer,2000000,5,0.6207804778909327
EE87811,Breast cancer,2000000,6,0.6135260391754135
EE87811,Breast cancer,2000000,7,0.61140427869183
EE87811,Breast cancer,2000000,8,0.6320366258456214
EE87811,Breast cancer,2000000,9,0.6632728658189857
EE87811,Breast cancer,2000000,10,0.6468066226955188
EE87811,Breast cancer,2000000,11,0.6035181075925231
EE87811,Breast cancer,2000000,12,0.6315916907526185
EE87811,Breast cancer,2000000,13,0.6249565660582211
EE87811,Breast cancer,2000000,14,0.6182293074126248
EE87811,Breast cancer,2000000,15,0.6700872289133585
EE87811,Breast cancer,2000000,16,0.6507683212685391
EE87811,Breast cancer,2000000,17,0.6125683099798269
EE87811,Breast cancer,2000000,18,0.6353057719076063
EE87811,Breast cancer,2000000,19,0.655485261847628
EE87811,Breast cancer,1000000,0,0.5481554394537901
EE87811,Breast cancer,1000000,1,0.47295181290609606
EE87811,Breast cancer,1000000,2,0.5253157611130599
EE87811,Breast cancer,1000000,3,0.5695799945494509
EE87811,Breast cancer,1000000,4,0.5494233911910561
EE87811,Breast cancer,1000000,5,0.5318146356269253
EE87811,Breast cancer,1000000,6,0.5356221350935352
EE87811,Breast cancer,1000000,7,0.5358368676108135
EE87811,Breast cancer,1000000,8,0.5188768316170121
EE87811,Breast cancer,1000000,9,0.5283839573330216
EE87811,Breast cancer,1000000,10,0.5235272113834328
EE87811,Breast cancer,1000000,11,0.556031667220457
EE87811,Breast cancer,1000000,12,0.5566835493076122
EE87811,Breast cancer,1000000,13,0.5375913256823706
EE87811,Breast cancer,1000000,14,0.59941183717384
EE87811,Breast cancer,1000000,15,0.5325594843670453
EE87811,Breast cancer,1000000,16,0.5215453156661074
EE87811,Breast cancer,1000000,17,0.5362557754722492
EE87811,Breast cancer,1000000,18,0.5521396249098655
EE87811,Breast cancer,1000000,19,0.5036142610779915
EE87812,Breast cancer,20000000,0,0.9211786117686603
EE87812,Breast cancer,20000000,1,0.910785311257053
EE87812,Breast cancer,20000000,2,0.9051063666244996
EE87812,Breast cancer,20000000,3,0.9192306740265849
EE87812,Breast cancer,20000000,4,0.9224265582394562
EE87812,Breast cancer,20000000,5,0.9192628530409169
EE87812,Breast cancer,20000000,6,0.9199871414222084
EE87812,Breast cancer,20000000,7,0.9196303712572356
EE87812,Breast cancer,20000000,8,0.897820360326793
EE87812,Breast cancer,20000000,9,0.9264719944865755
EE87812,Breast cancer,20000000,10,0.9166809105488541
EE87812,Breast cancer,20000000,11,0.9127071279773732
EE87812,Breast cancer,20000000,12,0.9163202143539285
EE87812,Breast cancer,20000000,13,0.9105019535397569
EE87812,Breast cancer,20000000,14,0.9044657827642947
EE87812,Breast cancer,20000000,15,0.9116949220994268
EE87812,Breast cancer,20000000,16,0.9122604650193271
EE87812,Breast cancer,20000000,17,0.9268940346360841
EE87812,Breast cancer,20000000,18,0.9016138361944864
EE87812,Breast cancer,20000000,19,0.9130590778041666
EE87812,Breast cancer,10000000,0,0.8049844250965046
EE87812,Breast cancer,10000000,1,0.8133595672639111
EE87812,Breast cancer,10000000,2,0.8113971033675926
EE87812,Breast cancer,10000000,3,0.828319942781283
EE87812,Breast cancer,10000000,4,0.8109695914828533
EE87812,Breast cancer,10000000,5,0.8159669142409728
EE87812,Breast cancer,10000000,6,0.8054684782452928
EE87812,Breast cancer,10000000,7,0.7985110366202395
EE87812,Breast cancer,10000000,8,0.8079394032672026
EE87812,Breast cancer,10000000,9,0.8139936371536035
EE87812,Breast cancer,10000000,10,0.8192965302684668
EE87812,Breast cancer,10000000,11,0.8113127474494549
EE87812,Breast cancer,10000000,12,0.8126374284928888
EE87812,Breast cancer,10000000,13,0.8216857377541547
EE87812,Breast cancer,10000000,14,0.80635665812468
EE87812,Breast cancer,10000000,15,0.785195243238173
EE87812,Breast cancer,10000000,16,0.821408750346869
EE87812,Breast cancer,10000000,17,0.8293919278452688
EE87812,Breast cancer,10000000,18,0.8165639847781537
EE87812,Breast cancer,10000000,19,0.8058328697557653
EE87812,Breast cancer,5000000,0,0.6727440710734138
EE87812,Breast cancer,5000000,1,0.6764350712894646
EE87812,Breast cancer,5000000,2,0.7053766964007708
EE87812,Breast cancer,5000000,3,0.6995008458309425
EE87812,Breast cancer,5000000,4,0.6854275425887878
EE87812,Breast cancer,5000000,5,0.6962321891761261
EE87812,Breast cancer,5000000,6,0.7055712591104806
EE87812,Breast cancer,5000000,7,0.6465494626389507
EE87812,Breast cancer,5000000,8,0.731620346824327
EE87812,Breast cancer,5000000,9,0.6726998412121931
EE87812,Breast cancer,5000000,10,0.701763268392682
EE87812,Breast cancer,5000000,11,0.6719387269877708
EE87812,Breast cancer,5000000,12,0.7081411603465954
EE87812,Breast cancer,5000000,13,0.6654196864145232
EE87812,Breast cancer,5000000,14,0.6760875509569603
EE87812,Breast cancer,5000000,15,0.7071853443998964
EE87812,Breast cancer,5000000,16,0.7224198488498283
EE87812,Breast cancer,5000000,17,0.688522145823117
EE87812,Breast cancer,5000000,18,0.735929708781857
EE87812,Breast cancer,5000000,19,0.7249792530039176
EE87812,Breast cancer,2000000,0,0.5573295543178122
EE87812,Breast cancer,2000000,1,0.5286304072246188
EE87812,Breast cancer,2000000,2,0.5388067626418893
EE87812,Breast cancer,2000000,3,0.5604250027863621
EE87812,Breast cancer,2000000,4,0.5707512859311897
EE87812,Breast cancer,2000000,5,0.4881790889908899
EE87812,Breast cancer,2000000,6,0.510759052339056
EE87812,Breast cancer,2000000,7,0.5075071886554778
EE87812,Breast cancer,2000000,8,0.49338591736457926
EE87812,Breast cancer,2000000,9,0.48459380733719465
EE87812,Breast cancer,2000000,10,0.5367907823651513
EE87812,Breast cancer,2000000,11,0.48517987816888186
EE87812,Breast cancer,2000000,12,0.5921629540101135
EE87812,Breast cancer,2000000,13,0.47512466803786896
EE87812,Breast cancer,2000000,14,0.5549988987317723
EE87812,Breast cancer,2000000,15,0.4809285744040627
EE87812,Breast cancer,2000000,16,0.6408179059026631
EE87812,Breast cancer,2000000,17,0.5174814135238777
EE87812,Breast cancer,2000000,18,0.517543044117092
EE87812,Breast cancer,2000000,19,0.5149943542602402
EE87812,Breast cancer,1000000,0,0.3704614550025348
EE87812,Breast cancer,1000000,1,0.4363359164492046
EE87812,Breast cancer,1000000,2,0.4039215740557731
EE87812,Breast cancer,1000000,3,0.41910092039984337
EE87812,Breast cancer,1000000,4,0.3602480618286798
EE87812,Breast cancer,1000000,5,0.4229625828365489
EE87812,Breast cancer,1000000,6,0.4213842390749402
EE87812,Breast cancer,1000000,7,0.3430000072793668
EE87812,Breast cancer,1000000,8,0.41619822515082056
EE87812,Breast cancer,1000000,9,0.3540291400913674
EE87812,Breast cancer,1000000,10,0.40353622718079846
EE87812,Breast cancer,1000000,11,0.37950429553292037
EE87812,Breast cancer,1000000,12,0.49466033413031296
EE87812,Breast cancer,1000000,13,0.39312908199067276
EE87812,Breast cancer,1000000,14,0.45215801555219376
EE87812,Breast cancer,1000000,15,0.48224908547910983
EE87812,Breast cancer,1000000,16,0.3962530852003022
EE87812,Breast cancer,1000000,17,0.37870284283408784
EE87812,Breast cancer,1000000,18,0.3433490409679868
EE87812,Breast cancer,1000000,19,0.424000781546357
EE87813,Breast cancer,20000000,0,0.9603742940667329
EE87813,Breast cancer,20000000,1,0.9500270981173323
EE87813,Breast cancer,20000000,2,0.9501276086823411
EE87813,Breast cancer,20000000,3,0.9528712930622306
EE87813,Breast cancer,20000000,4,0.943176876446916
EE87813,Breast cancer,20000000,5,0.9535456673879641
EE87813,Breast cancer,20000000,6,0.9548351900320619
EE87813,Breast cancer,20000000,7,0.9423584611917181
EE87813,Breast cancer,20000000,8,0.9330584654909385
EE87813,Breast cancer,20000000,9,0.9519194871928743
EE87813,Breast cancer,20000000,10,0.9460162510536348
EE87813,Breast cancer,20000000,11,0.9544785501464993
EE87813,Breast cancer,20000000,12,0.9341776959044062
EE87813,Breast cancer,20000000,13,0.9461916722795382
EE87813,Breast cancer,20000000,14,0.9401994708050356
EE87813,Breast cancer,20000000,15,0.9481086686616788
EE87813,Breast cancer,20000000,16,0.9517030775905085
EE87813,Breast cancer,20000000,17,0.94858907398698
EE87813,Breast cancer,20000000,18,0.9439855207463449
EE87813,Breast cancer,20000000,19,0.9523912785751603
EE87813,Breast cancer,10000000,0,0.848348969033887
EE87813,Breast cancer,10000000,1,0.8839947184727085
EE87813,Breast cancer,10000000,2,0.8729722986889984
EE87813,Breast cancer,10000000,3,0.8681971674650625
EE87813,Breast cancer,10000000,4,0.8596245868514204
EE87813,Breast cancer,10000000,5,0.8901220196956413
EE87813,Breast cancer,10000000,6,0.8596154021529977
EE87813,Breast cancer,10000000,7,0.8706819215170778
EE87813,Breast cancer,10000000,8,0.8750784607748239
EE87813,Breast cancer,10000000,9,0.8710766681301387
EE87813,Breast cancer,10000000,10,0.877163191897663
EE87813,Breast cancer,10000000,11,0.8622390340563407
EE87813,Breast cancer,10000000,12,0.8848545625803662
EE87813,Breast cancer,10000000,13,0.8759657938380444
EE87813,Breast cancer,10000000,14,0.8714132266075704
EE87813,Breast cancer,10000000,15,0.8607916949481556
EE87813,Breast cancer,10000000,16,0.8786997724018704
EE87813,Breast cancer,10000000,17,0.8655199255844009
EE87813,Breast cancer,10000000,18,0.8798914381674376
EE87813,Breast cancer,10000000,19,0.8584835346367355
EE87813,Breast cancer,5000000,0,0.7618395772211596
EE87813,Breast cancer,5000000,1,0.7891099175091913
EE87813,Breast cancer,5000000,2,0.7539630345201355
EE87813,Breast cancer,5000000,3,0.7721236586106223
EE87813,Breast cancer,5000000,4,0.778853189091008
EE87813,Breast cancer,5000000,5,0.7752329522101407
EE87813,Breast cancer,5000000,6,0.7591174742470177
EE87813,Breast cancer,5000000,7,0.7841848612719701
EE87813,Breast cancer,5000000,8,0.7584067349243925
EE87813,Breast cancer,5000000,9,0.7595383014801798
EE87813,Breast cancer,5000000,10,0.7786942355269347
EE87813,Breast cancer,5000000,11,0.7620152140295292
EE87813,Breast cancer,5000000,12,0.7722916013471479
EE87813,Breast cancer,5000000,13,0.7707878111945758
EE87813,Breast cancer,5000000,14,0.7639048517355173
EE87813,Breast cancer,5000000,15,0.767686582388155
EE87813,Breast cancer,5000000,16,0.7826152549372641
EE87813,Breast cancer,5000000,17,0.7463281846855283
EE87813,Breast cancer,5000000,18,0.7456734859252641
EE87813,Breast cancer,5000000,19,0.7446118390111273
EE87813,Breast cancer,2000000,0,0.6388012248674934
EE87813,Breast cancer,2000000,1,0.6503950821082793
EE87813,Breast cancer,2000000,2,0.5842635229548114
EE87813,Breast cancer,2000000,3,0.646135402096577
EE87813,Breast cancer,2000000,4,0.615582958273833
EE87813,Breast cancer,2000000,5,0.6205721386500602
EE87813,Breast cancer,2000000,6,0.6546487376999144
EE87813,Breast cancer,2000000,7,0.6002978382834466
EE87813,Breast cancer,2000000,8,0.633402629497863
EE87813,Breast cancer,2000000,9,0.6006165668710071
EE87813,Breast cancer,2000000,10,0.5715461532606508
EE87813,Breast cancer,2000000,11,0.5994569823724465
EE87813,Breast cancer,2000000,12,0.6125827583776563
EE87813,Breast cancer,2000000,13,0.6593950556517066
EE87813,Breast cancer,2000000,14,0.5811375103358419
EE87813,Breast cancer,2000000,15,0.5817150117615517
EE87813,Breast cancer,2000000,16,0.5962502391441593
EE87813,Breast cancer,2000000,17,0.60801724195911
EE87813,Breast cancer,2000000,18,0.6088435065622311
EE87813,Breast cancer,2000000,19,0.6296075575219866
EE87813,Breast cancer,1000000,0,0.5097849384495724
EE87813,Breast cancer,1000000,1,0.5218775183628294
EE87813,Breast cancer,1000000,2,0.4917145295648129
EE87813,Breast cancer,1000000,3,0.47183896587564583
EE87813,Breast cancer,1000000,4,0.5031078644899909
EE87813,Breast cancer,1000000,5,0.4972402989906443
EE87813,Breast cancer,1000000,6,0.46758543204834235
EE87813,Breast cancer,1000000,7,0.498977290244676
EE87813,Breast cancer,1000000,8,0.4551812330376319
EE87813,Breast cancer,1000000,9,0.5183411925478361
EE87813,Breast cancer,1000000,10,0.5027055943779282
EE87813,Breast cancer,1000000,11,0.5118252681899763
EE87813,Breast cancer,1000000,12,0.5198066575195337
EE87813,Breast cancer,1000000,13,0.44664858399220714
EE87813,Breast cancer,1000000,14,0.4681429421339049
EE87813,Breast cancer,1000000,15,0.4528772398310546
EE87813,Breast cancer,1000000,16,0.46216181859416466
EE87813,Breast cancer,1000000,17,0.42595441731288886
EE87813,Breast cancer,1000000,18,0.4806749842484089
EE87813,Breast cancer,1000000,19,0.4695593667109463
EE87814,Breast cancer,20000000,0,0.9207378765237807
EE87814,Breast cancer,20000000,1,0.9237161289818273
EE87814,Breast cancer,20000000,2,0.9212357392900555
EE87814,Breast cancer,20000000,3,0.9287244603501129
EE87814,Breast cancer,20000000,4,0.9248963301592926
EE87814,Breast cancer,20000000,5,0.937799137810863
EE87814,Breast cancer,20000000,6,0.9324668015492829
EE87814,Breast cancer,20000000,7,0.9264383823987308
EE87814,Breast cancer,20000000,8,0.9276250324070034
EE87814,Breast cancer,20000000,9,0.9242912474383811
EE87814,Breast cancer,20000000,10,0.9263594330761186
EE87814,Breast cancer,20000000,11,0.9359319733031434
EE87814,Breast cancer,20000000,12,0.9318563122328459
EE87814,Breast cancer,20000000,13,0.9343432158951304
EE87814,Breast cancer,20000000,14,0.9197107536533605
EE87814,Breast cancer,20000000,15,0.924471829755945
EE87814,Breast cancer,20000000,16,0.9324132567116696
EE87814,Breast cancer,20000000,17,0.9271131646041266
EE87814,Breast cancer,20000000,18,0.9262331923275849
EE87814,Breast cancer,20000000,19,0.9221630681322233
EE87814,Breast cancer,10000000,0,0.8336929913585668
EE87814,Breast cancer,10000000,1,0.8469919135570059
EE87814,Breast cancer,10000000,2,0.86014478798149
EE87814,Breast cancer,10000000,3,0.8513926681905994
EE87814,Breast cancer,10000000,4,0.830432553697916
EE87814,Breast cancer,10000000,5,0.8441683027589272
EE87814,Breast cancer,10000000,6,0.8590476444831231
EE87814,Breast cancer,10000000,7,0.8439405092101029
EE87814,Breast cancer,10000000,8,0.8461611868975392
EE87814,Breast cancer,10000000,9,0.8449669618738441
EE87814,Breast cancer,10000000,10,0.8411663531465468
EE87814,Breast cancer,10000000,11,0.8521784020188099
EE87814,Breast cancer,10000000,12,0.8492927594822692
EE87814,Breast cancer,10000000,13,0.8271773923533803
EE87814,Breast cancer,10000000,14,0.8397604428679262
EE87814,Breast cancer,10000000,15,0.8546580751738254
EE87814,Breast cancer,10000000,16,0.8345774582747619
EE87814,Breast cancer,10000000,17,0.8553606068936048
EE87814,Breast cancer,10000000,18,0.8329459692201867
EE87814,Breast cancer,10000000,19,0.8422642040384014
EE87814,Breast cancer,5000000,0,0.7567519707488849
EE87814,Breast cancer,5000000,1,0.693191532880569
EE87814,Breast cancer,5000000,2,0.7162162597893993
EE87814,Breast cancer,5000000,3,0.7362408246243992
EE87814,Breast cancer,5000000,4,0.7015114268563004
EE87814,Breast cancer,5000000,5,0.7145480970265063
EE87814,Breast cancer,5000000,6,0.7093202982701551
EE87814,Breast cancer,5000000,7,0.6810641482788137
EE87814,Breast cancer,5000000,8,0.7462332027287619
EE87814,Breast cancer,5000000,9,0.7433347750921402
EE87814,Breast cancer,5000000,10,0.7134162620432332
EE87814,Breast cancer,5000000,11,0.7538793951387542
EE87814,Breast cancer,5000000,12,0.7468724920704216
EE87814,Breast cancer,5000000,13,0.7003240700329998
EE87814,Breast cancer,5000000,14,0.7098193009893957
EE87814,Breast cancer,5000000,15,0.7421419368118805
EE87814,Breast cancer,5000000,16,0.7454319721772681
EE87814,Breast cancer,5000000,17,0.736168051582961
EE87814,Breast cancer,5000000,18,0.722782708772926
EE87814,Breast cancer,5000000,19,0.7364508350405641
EE87814,Breast cancer,2000000,0,0.5568999595417277
EE87814,Breast cancer,2000000,1,0.529802711202599
EE87814,Breast cancer,2000000,2,0.5644883908081997
EE87814,Breast cancer,2000000,3,0.5712625488829093
EE87814,Breast cancer,2000000,4,0.5809622424840024
EE87814,Breast cancer,2000000,5,0.6068321395558419
EE87814,Breast cancer,2000000,6,0.6025860498452702
EE87814,Breast cancer,2000000,7,0.6269831316648631
EE87814,Breast cancer,2000000,8,0.5685137975182362
EE87814,Breast cancer,2000000,9,0.531123594341896
EE87814,Breast cancer,2000000,10,0.5643038691880002
EE87814,Breast cancer,2000000,11,0.5820638675034816
EE87814,Breast cancer,2000000,12,0.6139060968097254
EE87814,Breast cancer,2000000,13,0.5569621535344981
EE87814,Breast cancer,2000000,14,0.5412371666218804
EE87814,Breast cancer,2000000,15,0.5413964807229791
EE87814,Breast cancer,2000000,16,0.5866604688404539
EE87814,Breast cancer,2000000,17,0.6049938643277284
EE87814,Breast cancer,2000000,18,0.5390458429358125
EE87814,Breast cancer,2000000,19,0.5756023236570852
EE87814,Breast cancer,1000000,0,0.47341077544056615
EE87814,Breast cancer,1000000,1,0.45774656006857245
EE87814,Breast cancer,1000000,2,0.47507379516750436
EE87814,Breast cancer,1000000,3,0.40657932603586494
EE87814,Breast cancer,1000000,4,0.3862195543234634
EE87814,Breast cancer,1000000,5,0.37461620492486947
EE87814,Breast cancer,1000000,6,0.4326249220623716
EE87814,Breast cancer,1000000,7,0.4660032185539033
EE87814,Breast cancer,1000000,8,0.5048293119601308
EE87814,Breast cancer,1000000,9,0.43321583102653
EE87814,Breast cancer,1000000,10,0.470859919632905
EE87814,Breast cancer,1000000,11,0.4303171290070154
EE87814,Breast cancer,1000000,12,0.4874145910397462
EE87814,Breast cancer,1000000,13,0.4732595080954387
EE87814,Breast cancer,1000000,14,0.4696644161219236
EE87814,Breast cancer,1000000,15,0.4862806150557164
EE87814,Breast cancer,1000000,16,0.4451258566240337
EE87814,Breast cancer,1000000,17,0.4609987038499825
EE87814,Breast cancer,1000000,18,0.49874362581388515
EE87814,Breast cancer,1000000,19,0.46571051766078697
EE87815,Breast cancer,20000000,0,0.913612244180093
EE87815,Breast cancer,20000000,1,0.9075151026406335
EE87815,Breast cancer,20000000,2,0.8970115206082486
EE87815,Breast cancer,20000000,3,0.8964304744385284
EE87815,Breast cancer,20000000,4,0.8995614795050946
EE87815,Breast cancer,20000000,5,0.9164456259339406
EE87815,Breast cancer,20000000,6,0.9215547284260556
EE87815,Breast cancer,20000000,7,0.9070191940655123
EE87815,Breast cancer,20000000,8,0.9162501891697781
EE87815,Breast cancer,20000000,9,0.9011916657655675
EE87815,Breast cancer,20000000,10,0.9021658951954257
EE87815,Breast cancer,20000000,11,0.9015379956893476
EE87815,Breast cancer,20000000,12,0.9065346849387883
EE87815,Breast cancer,20000000,13,0.9026978260274812
EE87815,Breast cancer,20000000,14,0.9070044073524489
EE87815,Breast cancer,20000000,15,0.8868131832340822
EE87815,Breast cancer,20000000,16,0.9049485478560008
EE87815,Breast cancer,20000000,17,0.9165189379530941
EE87815,Breast cancer,20000000,18,0.9016381984442033
EE87815,Breast cancer,20000000,19,0.9065750715559662
EE87815,Breast cancer,10000000,0,0.7784521890597246
EE87815,Breast cancer,10000000,1,0.8097955266251304
EE87815,Breast cancer,10000000,2,0.7746130827660711
EE87815,Breast cancer,10000000,3,0.794314476257229
EE87815,Breast cancer,10000000,4,0.7986563633023748
EE87815,Breast cancer,10000000,5,0.803117911985836
EE87815,Breast cancer,10000000,6,0.8204143735386621
EE87815,Breast cancer,10000000,7,0.798788271205254
EE87815,Breast cancer,10000000,8,0.7971139006357947
EE87815,Breast cancer,10000000,9,0.7887634008658371
EE87815,Breast cancer,10000000,10,0.8184990899983194
EE87815,Breast cancer,10000000,11,0.7700771644946919
EE87815,Breast cancer,10000000,12,0.785077535791011
EE87815,Breast cancer,10000000,13,0.7895504642107881
EE87815,Breast cancer,10000000,14,0.8025098784771557
EE87815,Breast cancer,10000000,15,0.7938222155055948
EE87815,Breast cancer,10000000,16,0.7967431058332319
EE87815,Breast cancer,10000000,17,0.8047155283937462
EE87815,Breast cancer,10000000,18,0.7682748139935721
EE87815,Breast cancer,10000000,19,0.7894358380418484
EE87815,Breast cancer,5000000,0,0.6721415178356018
EE87815,Breast cancer,5000000,1,0.6614928043667836
EE87815,Breast cancer,5000000,2,0.6499559761438205
EE87815,Breast cancer,5000000,3,0.7055510658012341
EE87815,Breast cancer,5000000,4,0.652875212076563
EE87815,Breast cancer,5000000,5,0.7305652432772568
EE87815,Breast cancer,5000000,6,0.7069806543863341
EE87815,Breast cancer,5000000,7,0.6928058958209593
EE87815,Breast cancer,5000000,8,0.6542342643833592
EE87815,Breast cancer,5000000,9,0.6807955557914338
EE87815,Breast cancer,5000000,10,0.6765433986208524
EE87815,Breast cancer,5000000,11,0.6744943314532007
EE87815,Breast cancer,5000000,12,0.695792887004759
EE87815,Breast cancer,5000000,13,0.6756497800004041
EE87815,Breast cancer,5000000,14,0.688744793342488
EE87815,Breast cancer,5000000,15,0.7008673351737472
EE87815,Breast cancer,5000000,16,0.683630435804665
EE87815,Breast cancer,5000000,17,0.6309481550138737
EE87815,Breast cancer,5000000,18,0.6787483014821889
EE87815,Breast cancer,5000000,19,0.6623213055039142
EE87815,Breast cancer,2000000,0,0.5492947681935058
EE87815,Breast cancer,2000000,1,0.5505077941864568
EE87815,Breast cancer,2000000,2,0.5516071537535046
EE87815,Breast cancer,2000000,3,0.5320176088922236
EE87815,Breast cancer,2000000,4,0.5536602631452261
EE87815,Breast cancer,2000000,5,0.5321924026384459
EE87815,Breast cancer,2000000,6,0.48807317182518123
EE87815,Breast cancer,2000000,7,0.5556703371760935
EE87815,Breast cancer,2000000,8,0.48657692064921726
EE87815,Breast cancer,2000000,9,0.4883179835144107
EE87815,Breast cancer,2000000,10,0.5080857363117911
EE87815,Breast cancer,2000000,11,0.4952765810210301
EE87815,Breast cancer,2000000,12,0.5038015454820243
EE87815,Breast cancer,2000000,13,0.46978006229961405
EE87815,Breast cancer,2000000,14,0.513418324152001
EE87815,Breast cancer,2000000,15,0.44733664401574547
EE87815,Breast cancer,2000000,16,0.5271853103692438
EE87815,Breast cancer,2000000,17,0.5119312088202038
EE87815,Breast cancer,2000000,18,0.5179537982613794
EE87815,Breast cancer,2000000,19,0.48134476405253734
EE87815,Breast cancer,1000000,0,0.4369240244554093
EE87815,Breast cancer,1000000,1,0.31407446664943894
EE87815,Breast cancer,1000000,2,0.4371883329435286
EE87815,Breast cancer,1000000,3,0.37181253467875824
EE87815,Breast cancer,1000000,4,0.30458225835123026
EE87815,Breast cancer,1000000,5,0.32837733572485317
EE87815,Breast cancer,1000000,6,0.3895711776183621
EE87815,Breast cancer,1000000,7,0.348914675618617
EE87815,Breast cancer,1000000,8,0.3519272480570905
EE87815,Breast cancer,1000000,9,0.3420694277397363
EE87815,Breast cancer,1000000,10,0.2963099732251408
EE87815,Breast cancer,1000000,11,0.4033003559706595
EE87815,Breast cancer,1000000,12,0.37374741216203067
EE87815,Breast cancer,1000000,13,0.37949065043176883
EE87815,Breast cancer,1000000,14,0.3822921734674141
EE87815,Breast cancer,1000000,15,0.4129156164312331
EE87815,Breast cancer,1000000,16,0.4183189195404094
EE87815,Breast cancer,1000000,17,0.35376040794133906
EE87815,Breast cancer,1000000,18,0.37251389397521806
EE87815,Breast cancer,1000000,19,0.4421523406597509
EE87816,Breast cancer,20000000,0,0.9706881749287697
EE87816,Breast cancer,20000000,1,0.9634091385795116
EE87816,Breast cancer,20000000,2,0.9634857428727392
EE87816,Breast cancer,20000000,3,0.966028210703496
EE87816,Breast cancer,20000000,4,0.9657029681558038
EE87816,Breast cancer,20000000,5,0.9659322262384115
EE87816,Breast cancer,20000000,6,0.9650527436192402
EE87816,Breast cancer,20000000,7,0.9600256025101197
EE87816,Breast cancer,20000000,8,0.9581645455007355
EE87816,Breast cancer,20000000,9,0.9692290455339568
EE87816,Breast cancer,20000000,10,0.9666379183434713
EE87816,Breast cancer,20000000,11,0.9676762452431732
EE87816,Breast cancer,20000000,12,0.9698164753947792
EE87816,Breast cancer,20000000,13,0.9684465873959883
EE87816,Breast cancer,20000000,14,0.9699302744596336
EE87816,Breast cancer,20000000,15,0.9697749814026144
EE87816,Breast cancer,20000000,16,0.9676307777289955
EE87816,Breast cancer,20000000,17,0.9679267725490861
EE87816,Breast cancer,20000000,18,0.9624510143302633
EE87816,Breast cancer,20000000,19,0.965796899610595
EE87816,Breast cancer,10000000,0,0.8932696353870146
EE87816,Breast cancer,10000000,1,0.8963966669315682
EE87816,Breast cancer,10000000,2,0.9035351317971656
EE87816,Breast cancer,10000000,3,0.892631266276784
EE87816,Breast cancer,10000000,4,0.8994570898529637
EE87816,Breast cancer,10000000,5,0.8832660005914686
EE87816,Breast cancer,10000000,6,0.8992222970605057
EE87816,Breast cancer,10000000,7,0.9057451917126663
EE87816,Breast cancer,10000000,8,0.9082614733819623
EE87816,Breast cancer,10000000,9,0.8963572394372262
EE87816,Breast cancer,10000000,10,0.9013936639911618
EE87816,Breast cancer,10000000,11,0.886696387742792
EE87816,Breast cancer,10000000,12,0.8939790719155373
EE87816,Breast cancer,10000000,13,0.902077891453801
EE87816,Breast cancer,10000000,14,0.8969545233662638
EE87816,Breast cancer,10000000,15,0.8912096573521233
EE87816,Breast cancer,10000000,16,0.8886538829233314
EE87816,Breast cancer,10000000,17,0.8928607534579415
EE87816,Breast cancer,10000000,18,0.9000728261903305
EE87816,Breast cancer,10000000,19,0.8935709862146632
EE87816,Breast cancer,5000000,0,0.7898858359880887
EE87816,Breast cancer,5000000,1,0.8009477306132471
EE87816,Breast cancer,5000000,2,0.791330439252184
EE87816,Breast cancer,5000000,3,0.8219043983631695
EE87816,Breast cancer,5000000,4,0.8174852437387893
EE87816,Breast cancer,5000000,5,0.7732629320759461
EE87816,Breast cancer,5000000,6,0.7728877273683125
EE87816,Breast cancer,5000000,7,0.8067143859526615
EE87816,Breast cancer,5000000,8,0.7841054036008156
EE87816,Breast cancer,5000000,9,0.8042627423034182
EE87816,Breast cancer,5000000,10,0.8051101383798633
EE87816,Breast cancer,5000000,11,0.80745946706144
EE87816,Breast cancer,5000000,12,0.81701857551546
EE87816,Breast cancer,5000000,13,0.8106493127541153
EE87816,Breast cancer,5000000,14,0.8124915155534075
EE87816,Breast cancer,5000000,15,0.8059041977328779
EE87816,Breast cancer,5000000,16,0.8090795629386346
EE87816,Breast cancer,5000000,17,0.7878603493940765
EE87816,Breast cancer,5000000,18,0.8123312718787986
EE87816,Breast cancer,5000000,19,0.8139815863081552
EE87816,Breast cancer,2000000,0,0.6619475772255238
EE87816,Breast cancer,2000000,1,0.628066319453566
EE87816,Breast cancer,2000000,2,0.6140530168537809
EE87816,Breast cancer,2000000,3,0.6423144151012866
EE87816,Breast cancer,2000000,4,0.658040475373324
EE87816,Breast cancer,2000000,5,0.6340178517979128
EE87816,Breast cancer,2000000,6,0.647664197502558
EE87816,Breast cancer,2000000,7,0.6405524615913082
EE87816,Breast cancer,2000000,8,0.5956695186351368
EE87816,Breast cancer,2000000,9,0.6662639946965869
EE87816,Breast cancer,2000000,10,0.675438031947117
EE87816,Breast cancer,2000000,11,0.6934920349443289
EE87816,Breast cancer,2000000,12,0.6222328530224454
EE87816,Breast cancer,2000000,13,0.6520021984000165
EE87816,Breast cancer,2000000,14,0.6791685724102272
EE87816,Breast cancer,2000000,15,0.6696340192256927
EE87816,Breast cancer,2000000,16,0.6209547569387518
EE87816,Breast cancer,2000000,17,0.6755163738756168
EE87816,Breast cancer,2000000,18,0.6441896790727899
EE87816,Breast cancer,2000000,19,0.6541380749483179
EE87816,Breast cancer,1000000,0,0.5645499428496794
EE87816,Breast cancer,1000000,1,0.5397990885944041
EE87816,Breast cancer,1000000,2,0.5697003541988628
EE87816,Breast cancer,1000000,3,0.5498276468317589
EE87816,Breast cancer,1000000,4,0.5523949220591995
EE87816,Breast cancer,1000000,5,0.5427992787795584
EE87816,Breast cancer,1000000,6,0.5739962764513045
EE87816,Breast cancer,1000000,7,0.5387362564751738
EE87816,Breast cancer,1000000,8,0.563949955110601
EE87816,Breast cancer,1000000,9,0.5557736975998279
EE87816,Breast cancer,1000000,10,0.4804472858247601
EE87816,Breast cancer,1000000,11,0.5381711080282002
EE87816,Breast cancer,1000000,12,0.47888758164328765
EE87816,Breast cancer,1000000,13,0.48792141620818374
EE87816,Breast cancer,1000000,14,0.4917661106014189
EE87816,Breast cancer,1000000,15,0.5169314411635043
EE87816,Breast cancer,1000000,16,0.5143851602883068
EE87816,Breast cancer,1000000,17,0.5139967414834886
EE87816,Breast cancer,1000000,18,0.5215491263402845
EE87816,Breast cancer,1000000,19,0.5585055072456907
EE87820,Breast cancer,20000000,0,0.9587462430675069
EE87820,Breast cancer,20000000,1,0.9528785235694998
EE87820,Breast cancer,20000000,2,0.9657888222871593
EE87820,Breast cancer,20000000,3,0.9529070547603445
EE87820,Breast cancer,20000000,4,0.9727176675816626
EE87820,Breast cancer,20000000,5,0.9693061058051203
EE87820,Breast cancer,20000000,6,0.969229631791303
EE87820,Breast cancer,20000000,7,0.9695946095591216
EE87820,Breast cancer,20000000,8,0.9612050715168824
EE87820,Breast cancer,20000000,9,0.9602580053440615
EE87820,Breast cancer,20000000,10,0.9603389739975328
EE87820,Breast cancer,20000000,11,0.9616808519231197
EE87820,Breast cancer,20000000,12,0.9709939407046292
EE87820,Breast cancer,20000000,13,0.9590327274906493
EE87820,Breast cancer,20000000,14,0.9582920890433714
EE87820,Breast cancer,20000000,15,0.9655315855916184
EE87820,Breast cancer,20000000,16,0.9684033997714899
EE87820,Breast cancer,20000000,17,0.9670133184641102
EE87820,Breast cancer,20000000,18,0.9698628548648286
EE87820,Breast cancer,20000000,19,0.9659885406230744
EE87820,Breast cancer,10000000,0,0.9009409430405393
EE87820,Breast cancer,10000000,1,0.9093625298177002
EE87820,Breast cancer,10000000,2,0.8880344875654819
EE87820,Breast cancer,10000000,3,0.9118237684361651
EE87820,Breast cancer,10000000,4,0.9023155862378044
EE87820,Breast cancer,10000000,5,0.9061767422591234
EE87820,Breast cancer,10000000,6,0.8982965315712611
EE87820,Breast cancer,10000000,7,0.9150995790672256
EE87820,Breast cancer,10000000,8,0.906519294161126
EE87820,Breast cancer,10000000,9,0.8982724770785182
EE87820,Breast cancer,10000000,10,0.9085437888639766
EE87820,Breast cancer,10000000,11,0.911607895453379
EE87820,Breast cancer,10000000,12,0.9143350492380455
EE87820,Breast cancer,10000000,13,0.928851139633002
EE87820,Breast cancer,10000000,14,0.9200145652380662
EE87820,Breast cancer,10000000,15,0.9080396726860097
EE87820,Breast cancer,10000000,16,0.9065742247397995
EE87820,Breast cancer,10000000,17,0.9037859196618989
EE87820,Breast cancer,10000000,18,0.9195228907437784
EE87820,Breast cancer,10000000,19,0.9024039629433892
EE87820,Breast cancer,5000000,0,0.8343886969972666
EE87820,Breast cancer,5000000,1,0.811260896244175
EE87820,Breast cancer,5000000,2,0.8279781030923465
EE87820,Breast cancer,5000000,3,0.8082968442418456
EE87820,Breast cancer,5000000,4,0.795151957825167
EE87820,Breast cancer,5000000,5,0.8171638563226553
EE87820,Breast cancer,5000000,6,0.8181058415984764
EE87820,Breast cancer,5000000,7,0.8148895035181957
EE87820,Breast cancer,5000000,8,0.8083813955790985
EE87820,Breast cancer,5000000,9,0.8303853274117
EE87820,Breast cancer,5000000,10,0.8340758635583067
EE87820,Breast cancer,5000000,11,0.827222886810086
EE87820,Breast cancer,5000000,12,0.8390795700890129
EE87820,Breast cancer,5000000,13,0.7887697194172342
EE87820,Breast cancer,5000000,14,0.8109254267627782
EE87820,Breast cancer,5000000,15,0.8435055525655527
EE87820,Breast cancer,5000000,16,0.8087489269658338
EE87820,Breast cancer,5000000,17,0.8132276665212379
EE87820,Breast cancer,5000000,18,0.8274598751564889
EE87820,Breast cancer,5000000,19,0.8454342277883377
EE87820,Breast cancer,2000000,0,0.6516492934181966
EE87820,Breast cancer,2000000,1,0.6907108950528295
EE87820,Breast cancer,2000000,2,0.7090306492291418
EE87820,Breast cancer,2000000,3,0.6894171563965297
EE87820,Breast cancer,2000000,4,0.6847213964859358
EE87820,Breast cancer,2000000,5,0.725662071027751
EE87820,Breast cancer,2000000,6,0.6924691999510092
EE87820,Breast cancer,2000000,7,0.6527941662958892
EE87820,Breast cancer,2000000,8,0.653636032563797
EE87820,Breast cancer,2000000,9,0.6930410614502449
EE87820,Breast cancer,2000000,10,0.6421217423041554
EE87820,Breast cancer,2000000,11,0.6980579687690611
EE87820,Breast cancer,2000000,12,0.6753123888757286
EE87820,Breast cancer,2000000,13,0.7189387321298181
EE87820,Breast cancer,2000000,14,0.6741627923060959
EE87820,Breast cancer,2000000,15,0.6840104068499095
EE87820,Breast cancer,2000000,16,0.717401346483347
EE87820,Breast cancer,2000000,17,0.6979597411497689
EE87820,Breast cancer,2000000,18,0.7110825408313365
EE87820,Breast cancer,2000000,19,0.6476798099379681
EE87820,Breast cancer,1000000,0,0.5521864907464435
EE87820,Breast cancer,1000000,1,0.5701894650638406
EE87820,Breast cancer,1000000,2,0.5217077840615727
EE87820,Breast cancer,1000000,3,0.5303088001040557
EE87820,Breast cancer,1000000,4,0.5285601184552843
EE87820,Breast cancer,1000000,5,0.5350032723748881
EE87820,Breast cancer,1000000,6,0.5568399118373135
EE87820,Breast cancer,1000000,7,0.5632274111580666
EE87820,Breast cancer,1000000,8,0.5761462313590333
EE87820,Breast cancer,1000000,9,0.5076375828149773
EE87820,Breast cancer,1000000,10,0.5259336593369834
EE87820,Breast cancer,1000000,11,0.5272226105098087
EE87820,Breast cancer,1000000,12,0.5291417270431912
EE87820,Breast cancer,1000000,13,0.5315423643850611
EE87820,Breast cancer,1000000,14,0.5246979536226203
EE87820,Breast cancer,1000000,15,0.5301412854332404
EE87820,Breast cancer,1000000,16,0.555800526110663
EE87820,Breast cancer,1000000,17,0.5618516672832957
EE87820,Breast cancer,1000000,18,0.5155746543763983
EE87820,Breast cancer,1000000,19,0.537974951008839
EE87822,Breast cancer,20000000,0,0.9503836077234847
EE87822,Breast cancer,20000000,1,0.9394175989244133
EE87822,Breast cancer,20000000,2,0.9415352255983408
EE87822,Breast cancer,20000000,3,0.9288038656506611
EE87822,Breast cancer,20000000,4,0.9428866139208762
EE87822,Breast cancer,20000000,5,0.944247056662424
EE87822,Breast cancer,20000000,6,0.9492407315970564
EE87822,Breast cancer,20000000,7,0.9379652440589333
EE87822,Breast cancer,20000000,8,0.9290307472436135
EE87822,Breast cancer,20000000,9,0.9439084604751812
EE87822,Breast cancer,20000000,10,0.9416976840229241
EE87822,Breast cancer,20000000,11,0.949347673883077
EE87822,Breast cancer,20000000,12,0.9500162849262814
EE87822,Breast cancer,20000000,13,0.9419603924536957
EE87822,Breast cancer,20000000,14,0.9429329933909256
EE87822,Breast cancer,20000000,15,0.9470725565119513
EE87822,Breast cancer,20000000,16,0.9434596479068659
EE87822,Breast cancer,20000000,17,0.9436344828754231
EE87822,Breast cancer,20000000,18,0.9352806413915927
EE87822,Breast cancer,20000000,19,0.9485547282396702
EE87822,Breast cancer,10000000,0,0.8587310655162127
EE87822,Breast cancer,10000000,1,0.879630926241513
EE87822,Breast cancer,10000000,2,0.8780296802552435
EE87822,Breast cancer,10000000,3,0.8538638918889343
EE87822,Breast cancer,10000000,4,0.876698420101592
EE87822,Breast cancer,10000000,5,0.8997790461202141
EE87822,Breast cancer,10000000,6,0.8753285137876087
EE87822,Breast cancer,10000000,7,0.8749457060557779
EE87822,Breast cancer,10000000,8,0.860700173662454
EE87822,Breast cancer,10000000,9,0.864190945320429
EE87822,Breast cancer,10000000,10,0.8780445972477173
EE87822,Breast cancer,10000000,11,0.8656757538565273
EE87822,Breast cancer,10000000,12,0.8822411576107277
EE87822,Breast cancer,10000000,13,0.8804934410911267
EE87822,Breast cancer,10000000,14,0.8972026876838193
EE87822,Breast cancer,10000000,15,0.8722017611170679
EE87822,Breast cancer,10000000,16,0.865758597463981
EE87822,Breast cancer,10000000,17,0.867120668698157
EE87822,Breast cancer,10000000,18,0.9000042992205384
EE87822,Breast cancer,10000000,19,0.8851523161724953
EE87822,Breast cancer,5000000,0,0.8062271603908905
EE87822,Breast cancer,5000000,1,0.7976210979688139
EE87822,Breast cancer,5000000,2,0.7843421736598484
EE87822,Breast cancer,5000000,3,0.8092378136391414
EE87822,Breast cancer,5000000,4,0.8038720474430721
EE87822,Breast cancer,5000000,5,0.7925503756696424
EE87822,Breast cancer,5000000,6,0.7740454227965099
EE87822,Breast cancer,5000000,7,0.8038465778179532
EE87822,Breast cancer,5000000,8,0.8096913550491741
EE87822,Breast cancer,5000000,9,0.7729492392333839
EE87822,Breast cancer,5000000,10,0.8081117823395838
EE87822,Breast cancer,5000000,11,0.7794354530478043
EE87822,Breast cancer,5000000,12,0.7991924630755584
EE87822,Breast cancer,5000000,13,0.7837851244293806
EE87822,Breast cancer,5000000,14,0.8019369747612465
EE87822,Breast cancer,5000000,15,0.7771783694489572
EE87822,Breast cancer,5000000,16,0.7948199536863201
EE87822,Breast cancer,5000000,17,0.8143033450462701
EE87822,Breast cancer,5000000,18,0.7706385384734642
EE87822,Breast cancer,5000000,19,0.7920162171809882
EE87822,Breast cancer,2000000,0,0.6297010124941378
EE87822,Breast cancer,2000000,1,0.6493946347257593
EE87822,Breast cancer,2000000,2,0.6470714050722796
EE87822,Breast cancer,2000000,3,0.6681195862182251
EE87822,Breast cancer,2000000,4,0.6148450105678599
EE87822,Breast cancer,2000000,5,0.645903091852948
EE87822,Breast cancer,2000000,6,0.6497397546431404
EE87822,Breast cancer,2000000,7,0.65032858585376
EE87822,Breast cancer,2000000,8,0.616499093141281
EE87822,Breast cancer,2000000,9,0.6434855188489151
EE87822,Breast cancer,2000000,10,0.6511024236091585
EE87822,Breast cancer,2000000,11,0.645436745140693
EE87822,Breast cancer,2000000,12,0.6162499163361859
EE87822,Breast cancer,2000000,13,0.6338039965265592
EE87822,Breast cancer,2000000,14,0.6395523390798018
EE87822,Breast cancer,2000000,15,0.6366159713086951
EE87822,Breast cancer,2000000,16,0.6549100770651779
EE87822,Breast cancer,2000000,17,0.6723974736410958
EE87822,Breast cancer,2000000,18,0.6344106649080712
EE87822,Breast cancer,2000000,19,0.6086782542069077
EE87822,Breast cancer,1000000,0,0.4916652273504606
EE87822,Breast cancer,1000000,1,0.51237724704758
EE87822,Breast cancer,1000000,2,0.5311786109265529
EE87822,Breast cancer,1000000,3,0.4463083304965027
EE87822,Breast cancer,1000000,4,0.5208068238417722
EE87822,Breast cancer,1000000,5,0.5320499940804354
EE87822,Breast cancer,1000000,6,0.47439801413751187
EE87822,Breast cancer,1000000,7,0.5056110050166148
EE87822,Breast cancer,1000000,8,0.5343044122676732
EE87822,Breast cancer,1000000,9,0.45023652720872626
EE87822,Breast cancer,1000000,10,0.5135364576602404
EE87822,Breast cancer,1000000,11,0.524914339231235
EE87822,Breast cancer,1000000,12,0.5483517022708699
EE87822,Breast cancer,1000000,13,0.5329076951483198
EE87822,Breast cancer,1000000,14,0.5133109254897155
EE87822,Breast cancer,1000000,15,0.49538734303487514
EE87822,Breast cancer,1000000,16,0.4990109186529457
EE87822,Breast cancer,1000000,17,0.5462019260317126
EE87822,Breast cancer,1000000,18,0.5428948536350549
EE87822,Breast cancer,1000000,19,0.5183571602180407
EE87823,Breast cancer,20000000,0,0.9477664246509488
EE87823,Breast cancer,20000000,1,0.9427651935105221
EE87823,Breast cancer,20000000,2,0.9347864264488048
EE87823,Breast cancer,20000000,3,0.9366256460230257
EE87823,Breast cancer,20000000,4,0.9458354883719113
EE87823,Breast cancer,20000000,5,0.938358753017597
EE87823,Breast cancer,20000000,6,0.9456654737415335
EE87823,Breast cancer,20000000,7,0.9391658991038081
EE87823,Breast cancer,20000000,8,0.9350874370261902
EE87823,Breast cancer,20000000,9,0.9459583418557781
EE87823,Breast cancer,20000000,10,0.9459882409804309
EE87823,Breast cancer,20000000,11,0.9418647022268661
EE87823,Breast cancer,20000000,12,0.9342670024401334
EE87823,Breast cancer,20000000,13,0.935319204097027
EE87823,Breast cancer,20000000,14,0.9382022223061801
EE87823,Breast cancer,20000000,15,0.9442479686182957
EE87823,Breast cancer,20000000,16,0.9354032343166391
EE87823,Breast cancer,20000000,17,0.9444256045941732
EE87823,Breast cancer,20000000,18,0.9420625468527517
EE87823,Breast cancer,20000000,19,0.9492303743839414
EE87823,Breast cancer,10000000,0,0.8431140115217165
EE87823,Breast cancer,10000000,1,0.8409254528186603
EE87823,Breast cancer,10000000,2,0.8954380710309401
EE87823,Breast cancer,10000000,3,0.8651151474567506
EE87823,Breast cancer,10000000,4,0.8636190002035454
EE87823,Breast cancer,10000000,5,0.8515479286802947
EE87823,Breast cancer,10000000,6,0.8586271025468322
EE87823,Breast cancer,10000000,7,0.8771972599634438
EE87823,Breast cancer,10000000,8,0.8568432517219682
EE87823,Breast cancer,10000000,9,0.8520036321899579
EE87823,Breast cancer,10000000,10,0.8564163912342801
EE87823,Breast cancer,10000000,11,0.8381361706451829
EE87823,Breast cancer,10000000,12,0.8514601716300952
EE87823,Breast cancer,10000000,13,0.8495567243066204
EE87823,Breast cancer,10000000,14,0.84843352037114
EE87823,Breast cancer,10000000,15,0.8346914527587317
EE87823,Breast cancer,10000000,16,0.8726518764794857
EE87823,Breast cancer,10000000,17,0.8582304017426174
EE87823,Breast cancer,10000000,18,0.8517871078101206
EE87823,Breast cancer,10000000,19,0.8518598037210406
EE87823,Breast cancer,5000000,0,0.7493278152184535
EE87823,Breast cancer,5000000,1,0.7466504512227374
EE87823,Breast cancer,5000000,2,0.7358453374953264
EE87823,Breast cancer,5000000,3,0.7409791930753888
EE87823,Breast cancer,5000000,4,0.79575691027652
EE87823,Breast cancer,5000000,5,0.7396237781358546
EE87823,Breast cancer,5000000,6,0.7493696674803598
EE87823,Breast cancer,5000000,7,0.7693902136939005
EE87823,Breast cancer,5000000,8,0.7812720090778694
EE87823,Breast cancer,5000000,9,0.7648321154379799
EE87823,Breast cancer,5000000,10,0.7483271472326699
EE87823,Breast cancer,5000000,11,0.7446877267675986
EE87823,Breast cancer,5000000,12,0.7531962221771421
EE87823,Breast cancer,5000000,13,0.777412742107999
EE87823,Breast cancer,5000000,14,0.7598750288222846
EE87823,Breast cancer,5000000,15,0.729830870126913
EE87823,Breast cancer,5000000,16,0.759305870639481
EE87823,Breast cancer,5000000,17,0.7441320767492973
EE87823,Breast cancer,5000000,18,0.765727974172367
EE87823,Breast cancer,5000000,19,0.7556859594571447
EE87823,Breast cancer,2000000,0,0.5893267060630526
EE87823,Breast cancer,2000000,1,0.6137488921160208
EE87823,Breast cancer,2000000,2,0.5580197528029432
EE87823,Breast cancer,2000000,3,0.5941477573147184
EE87823,Breast cancer,2000000,4,0.5413123704187959
EE87823,Breast cancer,2000000,5,0.6063212685464215
EE87823,Breast cancer,2000000,6,0.6059829003040644
EE87823,Breast cancer,2000000,7,0.5922367802225433
EE87823,Breast cancer,2000000,8,0.5397509451649545
EE87823,Breast cancer,2000000,9,0.6263148084353481
EE87823,Breast cancer,2000000,10,0.5580224795834249
EE87823,Breast cancer,2000000,11,0.5972698287185576
EE87823,Breast cancer,2000000,12,0.6117228264102721
EE87823,Breast cancer,2000000,13,0.5728845509244903
EE87823,Breast cancer,2000000,14,0.5843298256631796
EE87823,Breast cancer,2000000,15,0.5960066325908941
EE87823,Breast cancer,2000000,16,0.6115165967679594
EE87823,Breast cancer,2000000,17,0.5670136251918078
EE87823,Breast cancer,2000000,18,0.5986579330818477
EE87823,Breast cancer,2000000,19,0.6256832565518011
EE87823,Breast cancer,1000000,0,0.44565531212500864
EE87823,Breast cancer,1000000,1,0.46616920877932083
EE87823,Breast cancer,1000000,2,0.4800209580511193
EE87823,Breast cancer,1000000,3,0.5021002758032637
EE87823,Breast cancer,1000000,4,0.4312305092756711
EE87823,Breast cancer,1000000,5,0.4974076511867486
EE87823,Breast cancer,1000000,6,0.4300469571032715
EE87823,Breast cancer,1000000,7,0.5030490353370142
EE87823,Breast cancer,1000000,8,0.49786216338441874
EE87823,Breast cancer,1000000,9,0.47467640253688276
EE87823,Breast cancer,1000000,10,0.4912199717082053
EE87823,Breast cancer,1000000,11,0.4502265746479232
EE87823,Breast cancer,1000000,12,0.43622069258242485
EE87823,Breast cancer,1000000,13,0.4813710033245052
EE87823,Breast cancer,1000000,14,0.45988695425559245
EE87823,Breast cancer,1000000,15,0.41761418644276216
EE87823,Breast cancer,1000000,16,0.44214012696285193
EE87823,Breast cancer,1000000,17,0.49249216650047334
EE87823,Breast cancer,1000000,18,0.46457620487642753
EE87823,Breast cancer,1000000,19,0.5034095202948813
EE87824,Breast cancer,20000000,0,0.9426082719608745
EE87824,Breast cancer,20000000,1,0.9537149825230171
EE87824,Breast cancer,20000000,2,0.9403305970314534
EE87824,Breast cancer,20000000,3,0.9388895113349601
EE87824,Breast cancer,20000000,4,0.9446304689667933
EE87824,Breast cancer,20000000,5,0.9417013969861162
EE87824,Breast cancer,20000000,6,0.94242952861001
EE87824,Breast cancer,20000000,7,0.9449370164191141
EE87824,Breast cancer,20000000,8,0.9488651360573022
EE87824,Breast cancer,20000000,9,0.9522137728786931
EE87824,Breast cancer,20000000,10,0.944614249180217
EE87824,Breast cancer,20000000,11,0.9526311229694326
EE87824,Breast cancer,20000000,12,0.9516368305103958
EE87824,Breast cancer,20000000,13,0.9518069754201838
EE87824,Breast cancer,20000000,14,0.944421305373635
EE87824,Breast cancer,20000000,15,0.9469812306453651
EE87824,Breast cancer,20000000,16,0.9413244986522595
EE87824,Breast cancer,20000000,17,0.9449231416619224
EE87824,Breast cancer,20000000,18,0.9499422862212588
EE87824,Breast cancer,20000000,19,0.9544334734705524
EE87824,Breast cancer,10000000,0,0.8831540905780628
EE87824,Breast cancer,10000000,1,0.8749143087179074
EE87824,Breast cancer,10000000,2,0.878317188647146
EE87824,Breast cancer,10000000,3,0.8919723746409953
EE87824,Breast cancer,10000000,4,0.9011849563759395
EE87824,Breast cancer,10000000,5,0.8885228399348083
EE87824,Breast cancer,10000000,6,0.8860130070963196
EE87824,Breast cancer,10000000,7,0.8919809114608102
EE87824,Breast cancer,10000000,8,0.8985743019071328
EE87824,Breast cancer,10000000,9,0.8921416762530601
EE87824,Breast cancer,10000000,10,0.8820587664363763
EE87824,Breast cancer,10000000,11,0.8815775794346136
EE87824,Breast cancer,10000000,12,0.885361284346538
EE87824,Breast cancer,10000000,13,0.8859783527731927
EE87824,Breast cancer,10000000,14,0.8838836552754694
EE87824,Breast cancer,10000000,15,0.8778841724502721
EE87824,Breast cancer,10000000,16,0.8582385442057582
EE87824,Breast cancer,10000000,17,0.8785820649547085
EE87824,Breast cancer,10000000,18,0.8793561995306719
EE87824,Breast cancer,10000000,19,0.8754891666156406
EE87824,Breast cancer,5000000,0,0.7852390822597226
EE87824,Breast cancer,5000000,1,0.7821658688491162
EE87824,Breast cancer,5000000,2,0.7669356719356004
EE87824,Breast cancer,5000000,3,0.7875531702843089
EE87824,Breast cancer,5000000,4,0.8241854548310038
EE87824,Breast cancer,5000000,5,0.7943851332039411
EE87824,Breast cancer,5000000,6,0.7983946775388313
EE87824,Breast cancer,5000000,7,0.7913901594750262
EE87824,Breast cancer,5000000,8,0.8146296226271116
EE87824,Breast cancer,5000000,9,0.8243917848537092
EE87824,Breast cancer,5000000,10,0.8299723361434282
EE87824,Breast cancer,5000000,11,0.793252711981744
EE87824,Breast cancer,5000000,12,0.7707779825643482
EE87824,Breast cancer,5000000,13,0.7917514894193578
EE87824,Breast cancer,5000000,14,0.8040089580122489
EE87824,Breast cancer,5000000,15,0.8005801602886267
EE87824,Breast cancer,5000000,16,0.8217650453464367
EE87824,Breast cancer,5000000,17,0.8121909619466053
EE87824,Breast cancer,5000000,18,0.7860539253608733
EE87824,Breast cancer,5000000,19,0.7915387431424177
EE87824,Breast cancer,2000000,0,0.6279798669440011
EE87824,Breast cancer,2000000,1,0.7011823655789559
EE87824,Breast cancer,2000000,2,0.6404085979798517
EE87824,Breast cancer,2000000,3,0.6376669193110872
EE87824,Breast cancer,2000000,4,0.650785168930186
EE87824,Breast cancer,2000000,5,0.6528630954168432
EE87824,Breast cancer,2000000,6,0.5982297633735073
EE87824,Breast cancer,2000000,7,0.6325409906718206
EE87824,Breast cancer,2000000,8,0.645640642945229
EE87824,Breast cancer,2000000,9,0.6816956377199934
EE87824,Breast cancer,2000000,10,0.6800177349384339
EE87824,Breast cancer,2000000,11,0.6662035884652251
EE87824,Breast cancer,2000000,12,0.6356366816365885
EE87824,Breast cancer,2000000,13,0.6450002071443383
EE87824,Breast cancer,2000000,14,0.6290317429880176
EE87824,Breast cancer,2000000,15,0.5899170559714714
EE87824,Breast cancer,2000000,16,0.6649239189389763
EE87824,Breast cancer,2000000,17,0.6661304365704127
EE87824,Breast cancer,2000000,18,0.6262921052734071
EE87824,Breast cancer,2000000,19,0.6421046326740971
EE87824,Breast cancer,1000000,0,0.5375740549025004
EE87824,Breast cancer,1000000,1,0.5140064416675652
EE87824,Breast cancer,1000000,2,0.5209157133685648
EE87824,Breast cancer,1000000,3,0.5186941557162628
EE87824,Breast cancer,1000000,4,0.5616609158330074
EE87824,Breast cancer,1000000,5,0.5115760784777639
EE87824,Breast cancer,1000000,6,0.5376336703520895
EE87824,Breast cancer,1000000,7,0.47061124302264246
EE87824,Breast cancer,1000000,8,0.4904592940072219
EE87824,Breast cancer,1000000,9,0.4874968219960245
EE87824,Breast cancer,1000000,10,0.5208891760537325
EE87824,Breast cancer,1000000,11,0.5714948231679964
EE87824,Breast cancer,1000000,12,0.5096064888153743
EE87824,Breast cancer,1000000,13,0.5418136707153651
EE87824,Breast cancer,1000000,14,0.5054050253503589
EE87824,Breast cancer,1000000,15,0.5415971340868382
EE87824,Breast cancer,1000000,16,0.5317300191375653
EE87824,Breast cancer,1000000,17,0.5752459028220076
EE87824,Breast cancer,1000000,18,0.5133779810767021
EE87824,Breast cancer,1000000,19,0.5509268705271546
EE87825,Breast cancer,20000000,0,0.923716910658289
EE87825,Breast cancer,20000000,1,0.9243579981193842
EE87825,Breast cancer,20000000,2,0.9197807136966654
EE87825,Breast cancer,20000000,3,0.9174961339585008
EE87825,Breast cancer,20000000,4,0.9065294559552912
EE87825,Breast cancer,20000000,5,0.9270999412439861
EE87825,Breast cancer,20000000,6,0.9215172730956083
EE87825,Breast cancer,20000000,7,0.9201381352586893
EE87825,Breast cancer,20000000,8,0.9149881901714608
EE87825,Breast cancer,20000000,9,0.9258273068249476
EE87825,Breast cancer,20000000,10,0.9137345114066139
EE87825,Breast cancer,20000000,11,0.9145995666906817
EE87825,Breast cancer,20000000,12,0.9263983691362603
EE87825,Breast cancer,20000000,13,0.9310668841464289
EE87825,Breast cancer,20000000,14,0.9051804956089325
EE87825,Breast cancer,20000000,15,0.9204311336523443
EE87825,Breast cancer,20000000,16,0.9185037800570885
EE87825,Breast cancer,20000000,17,0.9050693021322832
EE87825,Breast cancer,20000000,18,0.9121019949702703
EE87825,Breast cancer,20000000,19,0.9175205613479229
EE87825,Breast cancer,10000000,0,0.810022264751212
EE87825,Breast cancer,10000000,1,0.8242190075053969
EE87825,Breast cancer,10000000,2,0.8169150226490757
EE87825,Breast cancer,10000000,3,0.8361329944331609
EE87825,Breast cancer,10000000,4,0.8381227518659269
EE87825,Breast cancer,10000000,5,0.851502577578132
EE87825,Breast cancer,10000000,6,0.8156363953771655
EE87825,Breast cancer,10000000,7,0.8318690280222711
EE87825,Breast cancer,10000000,8,0.8290676758891795
EE87825,Breast cancer,10000000,9,0.8338119364601261
EE87825,Breast cancer,10000000,10,0.828508652507032
EE87825,Breast cancer,10000000,11,0.818384424874776
EE87825,Breast cancer,10000000,12,0.8370119244744203
EE87825,Breast cancer,10000000,13,0.8576888302342034
EE87825,Breast cancer,10000000,14,0.8244187258413119
EE87825,Breast cancer,10000000,15,0.8576897421900751
EE87825,Breast cancer,10000000,16,0.8134235995940494
EE87825,Breast cancer,10000000,17,0.8361029135052673
EE87825,Breast cancer,10000000,18,0.8137476044873442
EE87825,Breast cancer,10000000,19,0.8302802054486793
EE87825,Breast cancer,5000000,0,0.7156363744613986
EE87825,Breast cancer,5000000,1,0.7520024393517175
EE87825,Breast cancer,5000000,2,0.7172584508549987
EE87825,Breast cancer,5000000,3,0.6889280740403945
EE87825,Breast cancer,5000000,4,0.688341730194301
EE87825,Breast cancer,5000000,5,0.7205808246947228
EE87825,Breast cancer,5000000,6,0.7252968208778101
EE87825,Breast cancer,5000000,7,0.7682486854237109
EE87825,Breast cancer,5000000,8,0.6674612625159637
EE87825,Breast cancer,5000000,9,0.7150262317592542
EE87825,Breast cancer,5000000,10,0.7379883601205727
EE87825,Breast cancer,5000000,11,0.7102510795318522
EE87825,Breast cancer,5000000,12,0.6945035768212086
EE87825,Breast cancer,5000000,13,0.722365196637228
EE87825,Breast cancer,5000000,14,0.71469473579987
EE87825,Breast cancer,5000000,15,0.7234112751618397
EE87825,Breast cancer,5000000,16,0.6974709085253192
EE87825,Breast cancer,5000000,17,0.7236211552917543
EE87825,Breast cancer,5000000,18,0.7424042544044213
EE87825,Breast cancer,5000000,19,0.6581131609907157
EE87825,Breast cancer,2000000,0,0.5830350206059712
EE87825,Breast cancer,2000000,1,0.5483119082005617
EE87825,Breast cancer,2000000,2,0.5612004128620157
EE87825,Breast cancer,2000000,3,0.5437681286867567
EE87825,Breast cancer,2000000,4,0.5012801499750595
EE87825,Breast cancer,2000000,5,0.5868165340278363
EE87825,Breast cancer,2000000,6,0.529188044297216
EE87825,Breast cancer,2000000,7,0.5509236899904325
EE87825,Breast cancer,2000000,8,0.5605409579100111
EE87825,Breast cancer,2000000,9,0.5542430736458492
EE87825,Breast cancer,2000000,10,0.5806148891878332
EE87825,Breast cancer,2000000,11,0.5577027701311003
EE87825,Breast cancer,2000000,12,0.5339298979812837
EE87825,Breast cancer,2000000,13,0.5606986937111101
EE87825,Breast cancer,2000000,14,0.566001740630659
EE87825,Breast cancer,2000000,15,0.5309170149768242
EE87825,Breast cancer,2000000,16,0.6223501044954903
EE87825,Breast cancer,2000000,17,0.5571395252468317
EE87825,Breast cancer,2000000,18,0.5324255854569614
EE87825,Breast cancer,2000000,19,0.5498329345643309
EE87825,Breast cancer,1000000,0,0.3826516839016406
EE87825,Breast cancer,1000000,1,0.4245575751219757
EE87825,Breast cancer,1000000,2,0.3942863744301638
EE87825,Breast cancer,1000000,3,0.5056074874718506
EE87825,Breast cancer,1000000,4,0.3935055249550929
EE87825,Breast cancer,1000000,5,0.42271269497681774
EE87825,Breast cancer,1000000,6,0.4453044443036762
EE87825,Breast cancer,1000000,7,0.47180795719331076
EE87825,Breast cancer,1000000,8,0.44408079838617875
EE87825,Breast cancer,1000000,9,0.5013969048279852
EE87825,Breast cancer,1000000,10,0.4180803749181534
EE87825,Breast cancer,1000000,11,0.44147541972449156
EE87825,Breast cancer,1000000,12,0.4623569771952149
EE87825,Breast cancer,1000000,13,0.4265959292722807
EE87825,Breast cancer,1000000,14,0.4085776629075134
EE87825,Breast cancer,1000000,15,0.44584809663801894
EE87825,Breast cancer,1000000,16,0.35571779325534086
EE87825,Breast cancer,1000000,17,0.42459027926380033
EE87825,Breast cancer,1000000,18,0.44810675487453294
EE87825,Breast cancer,1000000,19,0.4359128635722769
EE87826,Breast cancer,20000000,0,0.9552783184328159
EE87826,Breast cancer,20000000,1,0.9505929170763888
EE87826,Breast cancer,20000000,2,0.9485877711928775
EE87826,Breast cancer,20000000,3,0.9481082778234481
EE87826,Breast cancer,20000000,4,0.9577592462554442
EE87826,Breast cancer,20000000,5,0.9512928928673328
EE87826,Breast cancer,20000000,6,0.949410159970088
EE87826,Breast cancer,20000000,7,0.9574851383762757
EE87826,Breast cancer,20000000,8,0.954363187728722
EE87826,Breast cancer,20000000,9,0.9443368843157922
EE87826,Breast cancer,20000000,10,0.9530848861553375
EE87826,Breast cancer,20000000,11,0.9496349570924763
EE87826,Breast cancer,20000000,12,0.9566409277978482
EE87826,Breast cancer,20000000,13,0.95587423346852
EE87826,Breast cancer,20000000,14,0.9507683383051486
EE87826,Breast cancer,20000000,15,0.9503572261429087
EE87826,Breast cancer,20000000,16,0.9582637363070435
EE87826,Breast cancer,20000000,17,0.9553641244376816
EE87826,Breast cancer,20000000,18,0.9533116374688797
EE87826,Breast cancer,20000000,19,0.9601991190506279
EE87826,Breast cancer,10000000,0,0.8804415429772233
EE87826,Breast cancer,10000000,1,0.888426758869748
EE87826,Breast cancer,10000000,2,0.8830124768591199
EE87826,Breast cancer,10000000,3,0.8834882390830454
EE87826,Breast cancer,10000000,4,0.89948122738838
EE87826,Breast cancer,10000000,5,0.8865674111266435
EE87826,Breast cancer,10000000,6,0.8879630437693719
EE87826,Breast cancer,10000000,7,0.8936138335888982
EE87826,Breast cancer,10000000,8,0.8934944976491082
EE87826,Breast cancer,10000000,9,0.8774072338100881
EE87826,Breast cancer,10000000,10,0.8795979837958471
EE87826,Breast cancer,10000000,11,0.876333768032299
EE87826,Breast cancer,10000000,12,0.8758012000655502
EE87826,Breast cancer,10000000,13,0.9108823694176902
EE87826,Breast cancer,10000000,14,0.8894531652034119
EE87826,Breast cancer,10000000,15,0.8941365145828258
EE87826,Breast cancer,10000000,16,0.8773875473303071
EE87826,Breast cancer,10000000,17,0.9013853912486111
EE87826,Breast cancer,10000000,18,0.8637341346342299
EE87826,Breast cancer,10000000,19,0.8897282646673165
EE87826,Breast cancer,5000000,0,0.7974150219134865
EE87826,Breast cancer,5000000,1,0.7974864280196381
EE87826,Breast cancer,5000000,2,0.7616538840851976
EE87826,Breast cancer,5000000,3,0.8004801382681487
EE87826,Breast cancer,5000000,4,0.7909262344951218
EE87826,Breast cancer,5000000,5,0.7950530302339427
EE87826,Breast cancer,5000000,6,0.7981266927875804
EE87826,Breast cancer,5000000,7,0.8210090664862908
EE87826,Breast cancer,5000000,8,0.797458294262402
EE87826,Breast cancer,5000000,9,0.7897630999203995
EE87826,Breast cancer,5000000,10,0.7994162961208053
EE87826,Breast cancer,5000000,11,0.8007888027709396
EE87826,Breast cancer,5000000,12,0.8128190318943227
EE87826,Breast cancer,5000000,13,0.8051747438572404
EE87826,Breast cancer,5000000,14,0.785764283928411
EE87826,Breast cancer,5000000,15,0.7799878178974519
EE87826,Breast cancer,5000000,16,0.7910925490451913
EE87826,Breast cancer,5000000,17,0.8182598585119966
EE87826,Breast cancer,5000000,18,0.7724774974888644
EE87826,Breast cancer,5000000,19,0.8142999047380655
EE87826,Breast cancer,2000000,0,0.6610703838642445
EE87826,Breast cancer,2000000,1,0.6275831865477807
EE87826,Breast cancer,2000000,2,0.659850990309232
EE87826,Breast cancer,2000000,3,0.6568759946426512
EE87826,Breast cancer,2000000,4,0.6241594615082037
EE87826,Breast cancer,2000000,5,0.6667692074241622
EE87826,Breast cancer,2000000,6,0.6409359716239713
EE87826,Breast cancer,2000000,7,0.6488687592691865
EE87826,Breast cancer,2000000,8,0.6621066807351083
EE87826,Breast cancer,2000000,9,0.6489070745923585
EE87826,Breast cancer,2000000,10,0.6475457735109256
EE87826,Breast cancer,2000000,11,0.6593259971802
EE87826,Breast cancer,2000000,12,0.6498656811072235
EE87826,Breast cancer,2000000,13,0.632896829969531
EE87826,Breast cancer,2000000,14,0.6641047979352415
EE87826,Breast cancer,2000000,15,0.6588229443038888
EE87826,Breast cancer,2000000,16,0.6449398163649748
EE87826,Breast cancer,2000000,17,0.6104386901981258
EE87826,Breast cancer,2000000,18,0.5833383300920384
EE87826,Breast cancer,2000000,19,0.6785903382797884
EE87826,Breast cancer,1000000,0,0.5820249465239646
EE87826,Breast cancer,1000000,1,0.5351179054154139
EE87826,Breast cancer,1000000,2,0.5145366697138638
EE87826,Breast cancer,1000000,3,0.5592911482875168
EE87826,Breast cancer,1000000,4,0.5456057465734279
EE87826,Breast cancer,1000000,5,0.5159127116778096
EE87826,Breast cancer,1000000,6,0.5517896112423574
EE87826,Breast cancer,1000000,7,0.5090381275627573
EE87826,Breast cancer,1000000,8,0.5198344011551863
EE87826,Breast cancer,1000000,9,0.5006687569133692
EE87826,Breast cancer,1000000,10,0.5184715310694792
EE87826,Breast cancer,1000000,11,0.48675701177882486
EE87826,Breast cancer,1000000,12,0.5056219967946727
EE87826,Breast cancer,1000000,13,0.5124136684956696
EE87826,Breast cancer,1000000,14,0.46573840281276413
EE87826,Breast cancer,1000000,15,0.5296921039778921
EE87826,Breast cancer,1000000,16,0.5189997321292139
EE87826,Breast cancer,1000000,17,0.5139721223119397
EE87826,Breast cancer,1000000,18,0.5566975036457568
EE87826,Breast cancer,1000000,19,0.5400166464543629
EE87827,Breast cancer,20000000,0,0.9402483255838799
EE87827,Breast cancer,20000000,1,0.9278407099706742
EE87827,Breast cancer,20000000,2,0.9307190381210584
EE87827,Breast cancer,20000000,3,0.9350632701955887
EE87827,Breast cancer,20000000,4,0.9361897962560304
EE87827,Breast cancer,20000000,5,0.9277293862146146
EE87827,Breast cancer,20000000,6,0.9309906055517269
EE87827,Breast cancer,20000000,7,0.926879443342136
EE87827,Breast cancer,20000000,8,0.9395839657313041
EE87827,Breast cancer,20000000,9,0.9114298686392708
EE87827,Breast cancer,20000000,10,0.9372558075304106
EE87827,Breast cancer,20000000,11,0.923138600356184
EE87827,Breast cancer,20000000,12,0.917810563315142
EE87827,Breast cancer,20000000,13,0.9269298614739032
EE87827,Breast cancer,20000000,14,0.9416425911669681
EE87827,Breast cancer,20000000,15,0.9350629444970628
EE87827,Breast cancer,20000000,16,0.9376480136949716
EE87827,Breast cancer,20000000,17,0.9351958447251145
EE87827,Breast cancer,20000000,18,0.9403586722443628
EE87827,Breast cancer,20000000,19,0.9367705818669301
EE87827,Breast cancer,10000000,0,0.8293435481076267
EE87827,Breast cancer,10000000,1,0.859413794765634
EE87827,Breast cancer,10000000,2,0.8564656368513552
EE87827,Breast cancer,10000000,3,0.8534345560924516
EE87827,Breast cancer,10000000,4,0.8253452078673131
EE87827,Breast cancer,10000000,5,0.8424659365743145
EE87827,Breast cancer,10000000,6,0.8411071274562555
EE87827,Breast cancer,10000000,7,0.8608494738666017
EE87827,Breast cancer,10000000,8,0.8249231485817646
EE87827,Breast cancer,10000000,9,0.8634878924830083
EE87827,Breast cancer,10000000,10,0.8511370738442291
EE87827,Breast cancer,10000000,11,0.8531705587613975
EE87827,Breast cancer,10000000,12,0.8639930508962573
EE87827,Breast cancer,10000000,13,0.823336755339176
EE87827,Breast cancer,10000000,14,0.8477187423867971
EE87827,Breast cancer,10000000,15,0.8387206692192747
EE87827,Breast cancer,10000000,16,0.8587902123684666
EE87827,Breast cancer,10000000,17,0.8602767004394325
EE87827,Breast cancer,10000000,18,0.8483976935333211
EE87827,Breast cancer,10000000,19,0.8483123605196065
EE87827,Breast cancer,5000000,0,0.7263915587799785
EE87827,Breast cancer,5000000,1,0.7474738773001499
EE87827,Breast cancer,5000000,2,0.7748590051082558
EE87827,Breast cancer,5000000,3,0.7729268889187885
EE87827,Breast cancer,5000000,4,0.7357647716619611
EE87827,Breast cancer,5000000,5,0.7593777725086995
EE87827,Breast cancer,5000000,6,0.7384639005274999
EE87827,Breast cancer,5000000,7,0.7181289778884735
EE87827,Breast cancer,5000000,8,0.7468857154307774
EE87827,Breast cancer,5000000,9,0.755297075411212
EE87827,Breast cancer,5000000,10,0.746912129581636
EE87827,Breast cancer,5000000,11,0.7456998675058398
EE87827,Breast cancer,5000000,12,0.7737205311420171
EE87827,Breast cancer,5000000,13,0.7336666249989675
EE87827,Breast cancer,5000000,14,0.7388270975354975
EE87827,Breast cancer,5000000,15,0.7080409218708015
EE87827,Breast cancer,5000000,16,0.7631307439073327
EE87827,Breast cancer,5000000,17,0.7722972685015861
EE87827,Breast cancer,5000000,18,0.7333229033803723
EE87827,Breast cancer,5000000,19,0.7294384509125487
EE87827,Breast cancer,2000000,0,0.6187204874378242
EE87827,Breast cancer,2000000,1,0.5715967575080659
EE87827,Breast cancer,2000000,2,0.5682801273272884
EE87827,Breast cancer,2000000,3,0.6150804906133932
EE87827,Breast cancer,2000000,4,0.5907381398871009
EE87827,Breast cancer,2000000,5,0.5468211795847682
EE87827,Breast cancer,2000000,6,0.6128410074019087
EE87827,Breast cancer,2000000,7,0.6192518847686372
EE87827,Breast cancer,2000000,8,0.5661356758793534
EE87827,Breast cancer,2000000,9,0.6326906953592336
EE87827,Breast cancer,2000000,10,0.6108904440161914
EE87827,Breast cancer,2000000,11,0.5783795601359648
EE87827,Breast cancer,2000000,12,0.5803106783221409
EE87827,Breast cancer,2000000,13,0.5554657767408926
EE87827,Breast cancer,2000000,14,0.5711516392643735
EE87827,Breast cancer,2000000,15,0.5899852321764903
EE87827,Breast cancer,2000000,16,0.5925016672101225
EE87827,Breast cancer,2000000,17,0.5573572205444011
EE87827,Breast cancer,2000000,18,0.5591442687297136
EE87827,Breast cancer,2000000,19,0.5628787985996988
EE87827,Breast cancer,1000000,0,0.41883820508414654
EE87827,Breast cancer,1000000,1,0.449735947933862
EE87827,Breast cancer,1000000,2,0.47565369224936804
EE87827,Breast cancer,1000000,3,0.4964963198564055
EE87827,Breast cancer,1000000,4,0.4867971316441421
EE87827,Breast cancer,1000000,5,0.4812976783048056
EE87827,Breast cancer,1000000,6,0.4385191926425
EE87827,Breast cancer,1000000,7,0.4475363195489293
EE87827,Breast cancer,1000000,8,0.4941157821468579
EE87827,Breast cancer,1000000,9,0.45175797357767705
EE87827,Breast cancer,1000000,10,0.4746209763598414
EE87827,Breast cancer,1000000,11,0.4701134222649278
EE87827,Breast cancer,1000000,12,0.4955887218782595
EE87827,Breast cancer,1000000,13,0.4635439984653327
EE87827,Breast cancer,1000000,14,0.46345270473359035
EE87827,Breast cancer,1000000,15,0.46714333303499755
EE87827,Breast cancer,1000000,16,0.37789537884541224
EE87827,Breast cancer,1000000,17,0.4504402948165029
EE87827,Breast cancer,1000000,18,0.5018129199497168
EE87827,Breast cancer,1000000,19,0.3878442411180396
EE87828,Breast cancer,20000000,0,0.949623117130686
EE87828,Breast cancer,20000000,1,0.9480873028383976
EE87828,Breast cancer,20000000,2,0.964131407629944
EE87828,Breast cancer,20000000,3,0.9535403429735756
EE87828,Breast cancer,20000000,4,0.9481167459851143
EE87828,Breast cancer,20000000,5,0.9570520896166008
EE87828,Breast cancer,20000000,6,0.9600163370380456
EE87828,Breast cancer,20000000,7,0.954744971540463
EE87828,Breast cancer,20000000,8,0.9533466826302371
EE87828,Breast cancer,20000000,9,0.959609344160421
EE87828,Breast cancer,20000000,10,0.9556725609414513
EE87828,Breast cancer,20000000,11,0.9588014815374535
EE87828,Breast cancer,20000000,12,0.9594003759863781
EE87828,Breast cancer,20000000,13,0.9496457051438222
EE87828,Breast cancer,20000000,14,0.9485291454582644
EE87828,Breast cancer,20000000,15,0.9576582145727944
EE87828,Breast cancer,20000000,16,0.9610517977907219
EE87828,Breast cancer,20000000,17,0.9391774939713203
EE87828,Breast cancer,20000000,18,0.959681453813995
EE87828,Breast cancer,20000000,19,0.9542258080906121
EE87828,Breast cancer,10000000,0,0.892578828814158
EE87828,Breast cancer,10000000,1,0.8967961036033983
EE87828,Breast cancer,10000000,2,0.8948428244055026
EE87828,Breast cancer,10000000,3,0.8788351978488265
EE87828,Breast cancer,10000000,4,0.8830283709471706
EE87828,Breast cancer,10000000,5,0.911248371690551
EE87828,Breast cancer,10000000,6,0.8972770300463403
EE87828,Breast cancer,10000000,7,0.9035615133777414
EE87828,Breast cancer,10000000,8,0.8925381164984543
EE87828,Breast cancer,10000000,9,0.8940766657537881
EE87828,Breast cancer,10000000,10,0.9047401512022837
EE87828,Breast cancer,10000000,11,0.8867351458673418
EE87828,Breast cancer,10000000,12,0.8937362782191112
EE87828,Breast cancer,10000000,13,0.905602405479031
EE87828,Breast cancer,10000000,14,0.9053148136809015
EE87828,Breast cancer,10000000,15,0.9175160490800981
EE87828,Breast cancer,10000000,16,0.903409003470139
EE87828,Breast cancer,10000000,17,0.8944441694101339
EE87828,Breast cancer,10000000,18,0.9069626528014634
EE87828,Breast cancer,10000000,19,0.9110305770829168
EE87828,Breast cancer,5000000,0,0.8202296966165321
EE87828,Breast cancer,5000000,1,0.8128883273050066
EE87828,Breast cancer,5000000,2,0.8025418815734106
EE87828,Breast cancer,5000000,3,0.8371781503957353
EE87828,Breast cancer,5000000,4,0.8152911682169566
EE87828,Breast cancer,5000000,5,0.8079314173975503
EE87828,Breast cancer,5000000,6,0.8109551956080207
EE87828,Breast cancer,5000000,7,0.82169018063534
EE87828,Breast cancer,5000000,8,0.8021065008465965
EE87828,Breast cancer,5000000,9,0.8413012574780587
EE87828,Breast cancer,5000000,10,0.830401351779161
EE87828,Breast cancer,5000000,11,0.819427018442142
EE87828,Breast cancer,5000000,12,0.8151882149113291
EE87828,Breast cancer,5000000,13,0.8332852303744692
EE87828,Breast cancer,5000000,14,0.8548624974898823
EE87828,Breast cancer,5000000,15,0.8333438886798901
EE87828,Breast cancer,5000000,16,0.8525884564625753
EE87828,Breast cancer,5000000,17,0.8347245437289355
EE87828,Breast cancer,5000000,18,0.8164332493899668
EE87828,Breast cancer,5000000,19,0.8445616713129754
EE87828,Breast cancer,2000000,0,0.6776184102270126
EE87828,Breast cancer,2000000,1,0.689177049216582
EE87828,Breast cancer,2000000,2,0.6677875907489765
EE87828,Breast cancer,2000000,3,0.6612615909796751
EE87828,Breast cancer,2000000,4,0.7077524201193388
EE87828,Breast cancer,2000000,5,0.6955365523487609
EE87828,Breast cancer,2000000,6,0.6858116742421534
EE87828,Breast cancer,2000000,7,0.7275442177289508
EE87828,Breast cancer,2000000,8,0.6815693185194359
EE87828,Breast cancer,2000000,9,0.7064465317957686
EE87828,Breast cancer,2000000,10,0.7090063385009503
EE87828,Breast cancer,2000000,11,0.6733133053700515
EE87828,Breast cancer,2000000,12,0.6479267077847173
EE87828,Breast cancer,2000000,13,0.7033237992683393
EE87828,Breast cancer,2000000,14,0.6846491342493218
EE87828,Breast cancer,2000000,15,0.6622156486847479
EE87828,Breast cancer,2000000,16,0.599010553838349
EE87828,Breast cancer,2000000,17,0.6759902872781818
EE87828,Breast cancer,2000000,18,0.6404905880199349
EE87828,Breast cancer,2000000,19,0.7028901105298773
EE87828,Breast cancer,1000000,0,0.5628829848999076
EE87828,Breast cancer,1000000,1,0.5364123682732526
EE87828,Breast cancer,1000000,2,0.5375655128452431
EE87828,Breast cancer,1000000,3,0.5829530666719724
EE87828,Breast cancer,1000000,4,0.540663719767099
EE87828,Breast cancer,1000000,5,0.605586795567529
EE87828,Breast cancer,1000000,6,0.5601865067525761
EE87828,Breast cancer,1000000,7,0.5461147749759157
EE87828,Breast cancer,1000000,8,0.5326041983561446
EE87828,Breast cancer,1000000,9,0.5394648954918023
EE87828,Breast cancer,1000000,10,0.5338883932208758
EE87828,Breast cancer,1000000,11,0.5678176257322798
EE87828,Breast cancer,1000000,12,0.5677645835116581
EE87828,Breast cancer,1000000,13,0.5733271850119214
EE87828,Breast cancer,1000000,14,0.5278625992051988
EE87828,Breast cancer,1000000,15,0.5717100403605287
EE87828,Breast cancer,1000000,16,0.5504428979985095
EE87828,Breast cancer,1000000,17,0.5561551087369206
EE87828,Breast cancer,1000000,18,0.5740540601983198
EE87828,Breast cancer,1000000,19,0.5999514871927752
EE87829,Breast cancer,20000000,0,0.9140113048982994
EE87829,Breast cancer,20000000,1,0.9130161507384891
EE87829,Breast cancer,20000000,2,0.9053639941582714
EE87829,Breast cancer,20000000,3,0.9116129763503787
EE87829,Breast cancer,20000000,4,0.9203144684404645
EE87829,Breast cancer,20000000,5,0.9222259930873746
EE87829,Breast cancer,20000000,6,0.925674098238492
EE87829,Breast cancer,20000000,7,0.9128215132995736
EE87829,Breast cancer,20000000,8,0.9260508662929386
EE87829,Breast cancer,20000000,9,0.9167603158494024
EE87829,Breast cancer,20000000,10,0.9173955582537869
EE87829,Breast cancer,20000000,11,0.9271035064557277
EE87829,Breast cancer,20000000,12,0.9194783351854724
EE87829,Breast cancer,20000000,13,0.9311653102408738
EE87829,Breast cancer,20000000,14,0.932080001980247
EE87829,Breast cancer,20000000,15,0.929466206172378
EE87829,Breast cancer,20000000,16,0.9213261532007697
EE87829,Breast cancer,20000000,17,0.9104503628932974
EE87829,Breast cancer,20000000,18,0.9274742339896378
EE87829,Breast cancer,20000000,19,0.9304674685798634
EE87829,Breast cancer,10000000,0,0.8375394909462325
EE87829,Breast cancer,10000000,1,0.817545444715281
EE87829,Breast cancer,10000000,2,0.8378847965231033
EE87829,Breast cancer,10000000,3,0.8625242156853804
EE87829,Breast cancer,10000000,4,0.8217306707695997
EE87829,Breast cancer,10000000,5,0.8447782058180179
EE87829,Breast cancer,10000000,6,0.8291312578086222
EE87829,Breast cancer,10000000,7,0.82313034101825
EE87829,Breast cancer,10000000,8,0.821406079618959
EE87829,Breast cancer,10000000,9,0.8167650059081712
EE87829,Breast cancer,10000000,10,0.814586278190836
EE87829,Breast cancer,10000000,11,0.8582608871246162
EE87829,Breast cancer,10000000,12,0.8142489196579905
EE87829,Breast cancer,10000000,13,0.8474684104999995
EE87829,Breast cancer,10000000,14,0.8264674347072167
EE87829,Breast cancer,10000000,15,0.8204527600344459
EE87829,Breast cancer,10000000,16,0.8113787339707471
EE87829,Breast cancer,10000000,17,0.8267373736452571
EE87829,Breast cancer,10000000,18,0.817804244763745
EE87829,Breast cancer,10000000,19,0.8282917372889638
EE87829,Breast cancer,5000000,0,0.7256907088632992
EE87829,Breast cancer,5000000,1,0.6952947636796639
EE87829,Breast cancer,5000000,2,0.728598198896895
EE87829,Breast cancer,5000000,3,0.7465770183631603
EE87829,Breast cancer,5000000,4,0.7460342947519547
EE87829,Breast cancer,5000000,5,0.76192542359986
EE87829,Breast cancer,5000000,6,0.7555134897815345
EE87829,Breast cancer,5000000,7,0.7154384358132888
EE87829,Breast cancer,5000000,8,0.7410021222515931
EE87829,Breast cancer,5000000,9,0.7168523582527447
EE87829,Breast cancer,5000000,10,0.6986477110990196
EE87829,Breast cancer,5000000,11,0.7178256105870261
EE87829,Breast cancer,5000000,12,0.731710138734544
EE87829,Breast cancer,5000000,13,0.7042326477596501
EE87829,Breast cancer,5000000,14,0.71846953997264
EE87829,Breast cancer,5000000,15,0.7182270599313858
EE87829,Breast cancer,5000000,16,0.703472597680245
EE87829,Breast cancer,5000000,17,0.7270224901345917
EE87829,Breast cancer,5000000,18,0.6921068490526361
EE87829,Breast cancer,5000000,19,0.693611174156395
EE87829,Breast cancer,2000000,0,0.5619114179423043
EE87829,Breast cancer,2000000,1,0.5655061018155124
EE87829,Breast cancer,2000000,2,0.48941585609257743
EE87829,Breast cancer,2000000,3,0.5418278833708721
EE87829,Breast cancer,2000000,4,0.5785718714051568
EE87829,Breast cancer,2000000,5,0.5498194685524711
EE87829,Breast cancer,2000000,6,0.5855697504748607
EE87829,Breast cancer,2000000,7,0.5887905507298437
EE87829,Breast cancer,2000000,8,0.5248816102067161
EE87829,Breast cancer,2000000,9,0.5390999151294739
EE87829,Breast cancer,2000000,10,0.5454098448087129
EE87829,Breast cancer,2000000,11,0.5610436175975385
EE87829,Breast cancer,2000000,12,0.5262654861918643
EE87829,Breast cancer,2000000,13,0.5687723462787165
EE87829,Breast cancer,2000000,14,0.5744547203783535
EE87829,Breast cancer,2000000,15,0.6031015686358566
EE87829,Breast cancer,2000000,16,0.5444484123572695
EE87829,Breast cancer,2000000,17,0.565781847410006
EE87829,Breast cancer,2000000,18,0.5793172925390272
EE87829,Breast cancer,2000000,19,0.4963791524343873
EE87829,Breast cancer,1000000,0,0.4094655172329615
EE87829,Breast cancer,1000000,1,0.480568198042041
EE87829,Breast cancer,1000000,2,0.446459907122496
EE87829,Breast cancer,1000000,3,0.36336301071883337
EE87829,Breast cancer,1000000,4,0.42465850710369035
EE87829,Breast cancer,1000000,5,0.40523286878402764
EE87829,Breast cancer,1000000,6,0.39459771566735385
EE87829,Breast cancer,1000000,7,0.46418829493757413
EE87829,Breast cancer,1000000,8,0.47113665427797613
EE87829,Breast cancer,1000000,9,0.4158359805301394
EE87829,Breast cancer,1000000,10,0.3785016518135548
EE87829,Breast cancer,1000000,11,0.4602671998569593
EE87829,Breast cancer,1000000,12,0.3812769334456891
EE87829,Breast cancer,1000000,13,0.3783595125033939
EE87829,Breast cancer,1000000,14,0.40160167508105354
EE87829,Breast cancer,1000000,15,0.4038431517823368
EE87829,Breast cancer,1000000,16,0.4870565851744567
EE87829,Breast cancer,1000000,17,0.391878250624223
EE87829,Breast cancer,1000000,18,0.39150129917911025
EE87829,Breast cancer,1000000,19,0.48249911528049094
EE87830,Breast cancer,20000000,0,0.9264118705387446
EE87830,Breast cancer,20000000,1,0.9310484496098783
EE87830,Breast cancer,20000000,2,0.9179668334677383
EE87830,Breast cancer,20000000,3,0.9181825761711144
EE87830,Breast cancer,20000000,4,0.9325447737763181
EE87830,Breast cancer,20000000,5,0.9244714890024636
EE87830,Breast cancer,20000000,6,0.9114223124334763
EE87830,Breast cancer,20000000,7,0.9146317931695775
EE87830,Breast cancer,20000000,8,0.9229878019388185
EE87830,Breast cancer,20000000,9,0.9241564082487712
EE87830,Breast cancer,20000000,10,0.9309047014403807
EE87830,Breast cancer,20000000,11,0.933999603950593
EE87830,Breast cancer,20000000,12,0.924344596856879
EE87830,Breast cancer,20000000,13,0.9176857556401216
EE87830,Breast cancer,20000000,14,0.93214116816336
EE87830,Breast cancer,20000000,15,0.9255640772765352
EE87830,Breast cancer,20000000,16,0.9322439586180483
EE87830,Breast cancer,20000000,17,0.9155841533336548
EE87830,Breast cancer,20000000,18,0.930310677309626
EE87830,Breast cancer,20000000,19,0.9185343957184977
EE87830,Breast cancer,10000000,0,0.8218547619078639
EE87830,Breast cancer,10000000,1,0.8416676683253572
EE87830,Breast cancer,10000000,2,0.8517882616262692
EE87830,Breast cancer,10000000,3,0.840725017945989
EE87830,Breast cancer,10000000,4,0.8235737335864228
EE87830,Breast cancer,10000000,5,0.8194004414420182
EE87830,Breast cancer,10000000,6,0.8151051159421613
EE87830,Breast cancer,10000000,7,0.8148484003642613
EE87830,Breast cancer,10000000,8,0.8117716831113491
EE87830,Breast cancer,10000000,9,0.839144533280527
EE87830,Breast cancer,10000000,10,0.8430280133795005
EE87830,Breast cancer,10000000,11,0.8319119876585012
EE87830,Breast cancer,10000000,12,0.8156792573031381
EE87830,Breast cancer,10000000,13,0.8176200948173549
EE87830,Breast cancer,10000000,14,0.8426414932104886
EE87830,Breast cancer,10000000,15,0.8365254611565427
EE87830,Breast cancer,10000000,16,0.85308351822153
EE87830,Breast cancer,10000000,17,0.8295554094471927
EE87830,Breast cancer,10000000,18,0.8333117286644668
EE87830,Breast cancer,10000000,19,0.8347055880747439
EE87830,Breast cancer,5000000,0,0.7145700584042597
EE87830,Breast cancer,5000000,1,0.7047861398341023
EE87830,Breast cancer,5000000,2,0.7283353808913979
EE87830,Breast cancer,5000000,3,0.715399612549034
EE87830,Breast cancer,5000000,4,0.7247267715068509
EE87830,Breast cancer,5000000,5,0.6973455683723537
EE87830,Breast cancer,5000000,6,0.6890352288553261
EE87830,Breast cancer,5000000,7,0.7045693663693046
EE87830,Breast cancer,5000000,8,0.7104912706281162
EE87830,Breast cancer,5000000,9,0.7043181761924802
EE87830,Breast cancer,5000000,10,0.7162764372143859
EE87830,Breast cancer,5000000,11,0.7128912034329672
EE87830,Breast cancer,5000000,12,0.6928556951271497
EE87830,Breast cancer,5000000,13,0.7218021941658275
EE87830,Breast cancer,5000000,14,0.7705013542544696
EE87830,Breast cancer,5000000,15,0.7322761169875903
EE87830,Breast cancer,5000000,16,0.7081532016866368
EE87830,Breast cancer,5000000,17,0.7384981760393428
EE87830,Breast cancer,5000000,18,0.6921377791421652
EE87830,Breast cancer,5000000,19,0.7338817456053784
EE87830,Breast cancer,2000000,0,0.5852156605564597
EE87830,Breast cancer,2000000,1,0.5866514986677166
EE87830,Breast cancer,2000000,2,0.5134694178921881
EE87830,Breast cancer,2000000,3,0.6288629129464641
EE87830,Breast cancer,2000000,4,0.5896710328678982
EE87830,Breast cancer,2000000,5,0.5351623412624704
EE87830,Breast cancer,2000000,6,0.5538751555475173
EE87830,Breast cancer,2000000,7,0.5541386276194081
EE87830,Breast cancer,2000000,8,0.5796965264804801
EE87830,Breast cancer,2000000,9,0.543105249304565
EE87830,Breast cancer,2000000,10,0.5395370765053704
EE87830,Breast cancer,2000000,11,0.5548904411139072
EE87830,Breast cancer,2000000,12,0.5381278202034554
EE87830,Breast cancer,2000000,13,0.5269729205760003
EE87830,Breast cancer,2000000,14,0.5242253687416532
EE87830,Breast cancer,2000000,15,0.5529914390448863
EE87830,Breast cancer,2000000,16,0.5481616750130514
EE87830,Breast cancer,2000000,17,0.5304054336289473
EE87830,Breast cancer,2000000,18,0.5494096567466388
EE87830,Breast cancer,2000000,19,0.5402943494103142
EE87830,Breast cancer,1000000,0,0.3919483191816982
EE87830,Breast cancer,1000000,1,0.4370019091149901
EE87830,Breast cancer,1000000,2,0.43735244836578874
EE87830,Breast cancer,1000000,3,0.4305728791027749
EE87830,Breast cancer,1000000,4,0.42631680342479145
EE87830,Breast cancer,1000000,5,0.45911573739209216
EE87830,Breast cancer,1000000,6,0.4406891254180735
EE87830,Breast cancer,1000000,7,0.38384023834620173
EE87830,Breast cancer,1000000,8,0.32291726412004423
EE87830,Breast cancer,1000000,9,0.45341947756613954
EE87830,Breast cancer,1000000,10,0.4008733021271813
EE87830,Breast cancer,1000000,11,0.3365359657163235
EE87830,Breast cancer,1000000,12,0.4379761000444372
EE87830,Breast cancer,1000000,13,0.40905009462031844
EE87830,Breast cancer,1000000,14,0.4434907230874283
EE87830,Breast cancer,1000000,15,0.37001661225600985
EE87830,Breast cancer,1000000,16,0.46199801972010907
EE87830,Breast cancer,1000000,17,0.43490342304321283
EE87830,Breast cancer,1000000,18,0.4044551594941264
EE87830,Breast cancer,1000000,19,0.4123617747175978
EE87831,Breast cancer,20000000,0,0.9239782336323177
EE87831,Breast cancer,20000000,1,0.9071915033591165
EE87831,Breast cancer,20000000,2,0.9359952391994338
EE87831,Breast cancer,20000000,3,0.9207456431429657
EE87831,Breast cancer,20000000,4,0.9256945671807696
EE87831,Breast cancer,20000000,5,0.9289165398980133
EE87831,Breast cancer,20000000,6,0.9245309590952279
EE87831,Breast cancer,20000000,7,0.9180348542700195
EE87831,Breast cancer,20000000,8,0.9088812599074443
EE87831,Breast cancer,20000000,9,0.9146779120815576
EE87831,Breast cancer,20000000,10,0.9146312069122219
EE87831,Breast cancer,20000000,11,0.9184645483418779
EE87831,Breast cancer,20000000,12,0.9347489537708229
EE87831,Breast cancer,20000000,13,0.9126615450464113
EE87831,Breast cancer,20000000,14,0.9249276273425094
EE87831,Breast cancer,20000000,15,0.9298674818987751
EE87831,Breast cancer,20000000,16,0.9326594674154824
EE87831,Breast cancer,20000000,17,0.9209437329894785
EE87831,Breast cancer,20000000,18,0.9128083048044493
EE87831,Breast cancer,20000000,19,0.9144740248011941
EE87831,Breast cancer,10000000,0,0.8270065443745765
EE87831,Breast cancer,10000000,1,0.8429143445922053
EE87831,Breast cancer,10000000,2,0.8286939368188484
EE87831,Breast cancer,10000000,3,0.8509969770453703
EE87831,Breast cancer,10000000,4,0.827578041971045
EE87831,Breast cancer,10000000,5,0.8402684022967676
EE87831,Breast cancer,10000000,6,0.8419592987899537
EE87831,Breast cancer,10000000,7,0.8484647173544133
EE87831,Breast cancer,10000000,8,0.8473377540503506
EE87831,Breast cancer,10000000,9,0.8311493319784711
EE87831,Breast cancer,10000000,10,0.8528886666828758
EE87831,Breast cancer,10000000,11,0.855073517568073
EE87831,Breast cancer,10000000,12,0.8400781292149972
EE87831,Breast cancer,10000000,13,0.8159835055841586
EE87831,Breast cancer,10000000,14,0.8340601648891156
EE87831,Breast cancer,10000000,15,0.8235114408692934
EE87831,Breast cancer,10000000,16,0.8328389066704005
EE87831,Breast cancer,10000000,17,0.8142451548150157
EE87831,Breast cancer,10000000,18,0.8456920645132577
EE87831,Breast cancer,10000000,19,0.826634108104456
EE87831,Breast cancer,5000000,0,0.7183876618874483
EE87831,Breast cancer,5000000,1,0.715718692532018
EE87831,Breast cancer,5000000,2,0.744520378347724
EE87831,Breast cancer,5000000,3,0.7353223102076901
EE87831,Breast cancer,5000000,4,0.734374563360386
EE87831,Breast cancer,5000000,5,0.7453175095741935
EE87831,Breast cancer,5000000,6,0.7057905212764624
EE87831,Breast cancer,5000000,7,0.7161052291583959
EE87831,Breast cancer,5000000,8,0.7420723387208813
EE87831,Breast cancer,5000000,9,0.7327887784086884
EE87831,Breast cancer,5000000,10,0.7076958232322004
EE87831,Breast cancer,5000000,11,0.7324056266506606
EE87831,Breast cancer,5000000,12,0.72945027070271
EE87831,Breast cancer,5000000,13,0.7182105002307657
EE87831,Breast cancer,5000000,14,0.7095539543962455
EE87831,Breast cancer,5000000,15,0.7134503417286095
EE87831,Breast cancer,5000000,16,0.7262092771384805
EE87831,Breast cancer,5000000,17,0.7604700272827892
EE87831,Breast cancer,5000000,18,0.7641414764764963
EE87831,Breast cancer,5000000,19,0.714887702890239
EE87831,Breast cancer,2000000,0,0.5215843032581778
EE87831,Breast cancer,2000000,1,0.6271317702712662
EE87831,Breast cancer,2000000,2,0.5608406331332013
EE87831,Breast cancer,2000000,3,0.5331745726545817
EE87831,Breast cancer,2000000,4,0.5670517878277206
EE87831,Breast cancer,2000000,5,0.5831457255420425
EE87831,Breast cancer,2000000,6,0.578286889480517
EE87831,Breast cancer,2000000,7,0.5677853059410473
EE87831,Breast cancer,2000000,8,0.5344331022279621
EE87831,Breast cancer,2000000,9,0.5859531071942136
EE87831,Breast cancer,2000000,10,0.5303934479222271
EE87831,Breast cancer,2000000,11,0.5428046234994712
EE87831,Breast cancer,2000000,12,0.545681589907853
EE87831,Breast cancer,2000000,13,0.5219135759897121
EE87831,Breast cancer,2000000,14,0.5685072554402012
EE87831,Breast cancer,2000000,15,0.5344231858285309
EE87831,Breast cancer,2000000,16,0.5624635930081261
EE87831,Breast cancer,2000000,17,0.5327730406554175
EE87831,Breast cancer,2000000,18,0.47714343604877985
EE87831,Breast cancer,2000000,19,0.5626468544237402
EE87831,Breast cancer,1000000,0,0.4670773357822819
EE87831,Breast cancer,1000000,1,0.41642196799533066
EE87831,Breast cancer,1000000,2,0.447801792602731
EE87831,Breast cancer,1000000,3,0.4277044444750336
EE87831,Breast cancer,1000000,4,0.4628328002380385
EE87831,Breast cancer,1000000,5,0.4254706988023134
EE87831,Breast cancer,1000000,6,0.4346879592756953
EE87831,Breast cancer,1000000,7,0.4444120917168645
EE87831,Breast cancer,1000000,8,0.4534493441253152
EE87831,Breast cancer,1000000,9,0.42988045542500314
EE87831,Breast cancer,1000000,10,0.4424277000613246
EE87831,Breast cancer,1000000,11,0.39695901726309357
EE87831,Breast cancer,1000000,12,0.4687521399417742
EE87831,Breast cancer,1000000,13,0.41788388242183583
EE87831,Breast cancer,1000000,14,0.4057895985810539
EE87831,Breast cancer,1000000,15,0.48155145600939486
EE87831,Breast cancer,1000000,16,0.4432289608319495
EE87831,Breast cancer,1000000,17,0.46374597882363544
EE87831,Breast cancer,1000000,18,0.4349421953400797
EE87831,Breast cancer,1000000,19,0.5056332097931496
EE87832,Breast cancer,20000000,0,0.962781126682396
EE87832,Breast cancer,20000000,1,0.959178314731605
EE87832,Breast cancer,20000000,2,0.9608239391021927
EE87832,Breast cancer,20000000,3,0.9673097041224314
EE87832,Breast cancer,20000000,4,0.9607328737944271
EE87832,Breast cancer,20000000,5,0.9689875075073511
EE87832,Breast cancer,20000000,6,0.9594051963245575
EE87832,Breast cancer,20000000,7,0.9648778435109782
EE87832,Breast cancer,20000000,8,0.9636238873100021
EE87832,Breast cancer,20000000,9,0.9589201660801924
EE87832,Breast cancer,20000000,10,0.9633773504034104
EE87832,Breast cancer,20000000,11,0.9629404740825477
EE87832,Breast cancer,20000000,12,0.9652910246605896
EE87832,Breast cancer,20000000,13,0.9553958474740778
EE87832,Breast cancer,20000000,14,0.9673404500632509
EE87832,Breast cancer,20000000,15,0.9638366504642508
EE87832,Breast cancer,20000000,16,0.9552054441159957
EE87832,Breast cancer,20000000,17,0.9622331714828795
EE87832,Breast cancer,20000000,18,0.9632113092950453
EE87832,Breast cancer,20000000,19,0.9647297641019283
EE87832,Breast cancer,10000000,0,0.8989252600051331
EE87832,Breast cancer,10000000,1,0.9031562141324501
EE87832,Breast cancer,10000000,2,0.9071213153257006
EE87832,Breast cancer,10000000,3,0.906023074633918
EE87832,Breast cancer,10000000,4,0.8845127745475724
EE87832,Breast cancer,10000000,5,0.9057732017858703
EE87832,Breast cancer,10000000,6,0.902359555538764
EE87832,Breast cancer,10000000,7,0.8887576685717861
EE87832,Breast cancer,10000000,8,0.9074227345387654
EE87832,Breast cancer,10000000,9,0.8993114081771175
EE87832,Breast cancer,10000000,10,0.8850015177551295
EE87832,Breast cancer,10000000,11,0.9130314585691934
EE87832,Breast cancer,10000000,12,0.909623870314664
EE87832,Breast cancer,10000000,13,0.9096907687918279
EE87832,Breast cancer,10000000,14,0.8995100842777506
EE87832,Breast cancer,10000000,15,0.8911368311617928
EE87832,Breast cancer,10000000,16,0.8972039432971896
EE87832,Breast cancer,10000000,17,0.9004120884377691
EE87832,Breast cancer,10000000,18,0.9091429586770479
EE87832,Breast cancer,10000000,19,0.8989705321001955
EE87832,Breast cancer,5000000,0,0.822282729770539
EE87832,Breast cancer,5000000,1,0.8245939325066987
EE87832,Breast cancer,5000000,2,0.7967988394710137
EE87832,Breast cancer,5000000,3,0.8141287175902077
EE87832,Breast cancer,5000000,4,0.8369664516502646
EE87832,Breast cancer,5000000,5,0.819841534962459
EE87832,Breast cancer,5000000,6,0.8086159768255075
EE87832,Breast cancer,5000000,7,0.805699463639668
EE87832,Breast cancer,5000000,8,0.8008047359171215
EE87832,Breast cancer,5000000,9,0.8367553528024301
EE87832,Breast cancer,5000000,10,0.8331326107406891
EE87832,Breast cancer,5000000,11,0.8121107088372433
EE87832,Breast cancer,5000000,12,0.8010803681005778
EE87832,Breast cancer,5000000,13,0.821515058345634
EE87832,Breast cancer,5000000,14,0.8208577795186728
EE87832,Breast cancer,5000000,15,0.8200495586141653
EE87832,Breast cancer,5000000,16,0.7969304216753671
EE87832,Breast cancer,5000000,17,0.809334519744496
EE87832,Breast cancer,5000000,18,0.8147290644244713
EE87832,Breast cancer,5000000,19,0.8279257307685727
EE87832,Breast cancer,2000000,0,0.6655412153747041
EE87832,Breast cancer,2000000,1,0.651854461541574
EE87832,Breast cancer,2000000,2,0.6781850064448421
EE87832,Breast cancer,2000000,3,0.6814446633102595
EE87832,Breast cancer,2000000,4,0.6377525289392526
EE87832,Breast cancer,2000000,5,0.678389165338198
EE87832,Breast cancer,2000000,6,0.6482205777739057
EE87832,Breast cancer,2000000,7,0.6499787953954203
EE87832,Breast cancer,2000000,8,0.6394791767734997
EE87832,Breast cancer,2000000,9,0.6534805547219497
EE87832,Breast cancer,2000000,10,0.6840876650960126
EE87832,Breast cancer,2000000,11,0.6956358465040798
EE87832,Breast cancer,2000000,12,0.6790301179624734
EE87832,Breast cancer,2000000,13,0.6346449192101511
EE87832,Breast cancer,2000000,14,0.6562546274636591
EE87832,Breast cancer,2000000,15,0.676982842103402
EE87832,Breast cancer,2000000,16,0.6729157361187783
EE87832,Breast cancer,2000000,17,0.6752581596479422
EE87832,Breast cancer,2000000,18,0.6653009474310843
EE87832,Breast cancer,2000000,19,0.6617505621841632
EE87832,Breast cancer,1000000,0,0.5602334218667426
EE87832,Breast cancer,1000000,1,0.567966278990895
EE87832,Breast cancer,1000000,2,0.5696778766565967
EE87832,Breast cancer,1000000,3,0.5531315365671358
EE87832,Breast cancer,1000000,4,0.5699985918422242
EE87832,Breast cancer,1000000,5,0.48095281955985947
EE87832,Breast cancer,1000000,6,0.5422496855664924
EE87832,Breast cancer,1000000,7,0.5858853405168204
EE87832,Breast cancer,1000000,8,0.5130682399905433
EE87832,Breast cancer,1000000,9,0.5539313275306176
EE87832,Breast cancer,1000000,10,0.4862500566104885
EE87832,Breast cancer,1000000,11,0.5307763132091702
EE87832,Breast cancer,1000000,12,0.507776412087414
EE87832,Breast cancer,1000000,13,0.5316873959169195
EE87832,Breast cancer,1000000,14,0.49247891105672437
EE87832,Breast cancer,1000000,15,0.5031536745056848
EE87832,Breast cancer,1000000,16,0.4762706693804119
EE87832,Breast cancer,1000000,17,0.523300335239881
EE87832,Breast cancer,1000000,18,0.5160626380839712
EE87832,Breast cancer,1000000,19,0.5420894214343737
EE87833,Breast cancer,20000000,0,0.9762233562321111
EE87833,Breast cancer,20000000,1,0.9745263366341794
EE87833,Breast cancer,20000000,2,0.9788958429142984
EE87833,Breast cancer,20000000,3,0.9773806282333721
EE87833,Breast cancer,20000000,4,0.976983276032106
EE87833,Breast cancer,20000000,5,0.9718974284147212
EE87833,Breast cancer,20000000,6,0.9712115073197489
EE87833,Breast cancer,20000000,7,0.9774541058207539
EE87833,Breast cancer,20000000,8,0.9781629394513893
EE87833,Breast cancer,20000000,9,0.9759276704336038
EE87833,Breast cancer,20000000,10,0.9725734482745144
EE87833,Breast cancer,20000000,11,0.9740050887137646
EE87833,Breast cancer,20000000,12,0.9773104076312469
EE87833,Breast cancer,20000000,13,0.975542238792099
EE87833,Breast cancer,20000000,14,0.9761173087921666
EE87833,Breast cancer,20000000,15,0.9773586761527451
EE87833,Breast cancer,20000000,16,0.9741323716975798
EE87833,Breast cancer,20000000,17,0.975717546421811
EE87833,Breast cancer,20000000,18,0.9797273512502265
EE87833,Breast cancer,20000000,19,0.9738286252525792
EE87833,Breast cancer,10000000,0,0.9240557022646471
EE87833,Breast cancer,10000000,1,0.9251368910903215
EE87833,Breast cancer,10000000,2,0.9232297308036547
EE87833,Breast cancer,10000000,3,0.9316268250516885
EE87833,Breast cancer,10000000,4,0.919491558545613
EE87833,Breast cancer,10000000,5,0.9087548415085835
EE87833,Breast cancer,10000000,6,0.9184546471065376
EE87833,Breast cancer,10000000,7,0.9262794415182243
EE87833,Breast cancer,10000000,8,0.9221175354783405
EE87833,Breast cancer,10000000,9,0.9092927651935105
EE87833,Breast cancer,10000000,10,0.919091144778206
EE87833,Breast cancer,10000000,11,0.9280689594974342
EE87833,Breast cancer,10000000,12,0.9242450458688571
EE87833,Breast cancer,10000000,13,0.9257259494437723
EE87833,Breast cancer,10000000,14,0.922719491493406
EE87833,Breast cancer,10000000,15,0.9353388111482698
EE87833,Breast cancer,10000000,16,0.918850518707472
EE87833,Breast cancer,10000000,17,0.9194014051937192
EE87833,Breast cancer,10000000,18,0.9207044598550512
EE87833,Breast cancer,10000000,19,0.9230075392694714
EE87833,Breast cancer,5000000,0,0.8581170214647391
EE87833,Breast cancer,5000000,1,0.8365815600663249
EE87833,Breast cancer,5000000,2,0.847216626766697
EE87833,Breast cancer,5000000,3,0.8337907796341817
EE87833,Breast cancer,5000000,4,0.844703406622614
EE87833,Breast cancer,5000000,5,0.859219478440044
EE87833,Breast cancer,5000000,6,0.841470490434731
EE87833,Breast cancer,5000000,7,0.8432412344755799
EE87833,Breast cancer,5000000,8,0.8550593310367033
EE87833,Breast cancer,5000000,9,0.8246762365254652
EE87833,Breast cancer,5000000,10,0.8625397189352004
EE87833,Breast cancer,5000000,11,0.8516304468192935
EE87833,Breast cancer,5000000,12,0.8424247219906552
EE87833,Breast cancer,5000000,13,0.8671938998489069
EE87833,Breast cancer,5000000,14,0.8567233201440201
EE87833,Breast cancer,5000000,15,0.8429566528313731
EE87833,Breast cancer,5000000,16,0.8498309437347811
EE87833,Breast cancer,5000000,17,0.8500988820723808
EE87833,Breast cancer,5000000,18,0.842694273571224
EE87833,Breast cancer,5000000,19,0.828219445703767
EE87833,Breast cancer,2000000,0,0.707164066748204
EE87833,Breast cancer,2000000,1,0.7172277049136787
EE87833,Breast cancer,2000000,2,0.6880973158580659
EE87833,Breast cancer,2000000,3,0.7494573333214564
EE87833,Breast cancer,2000000,4,0.7204958018025279
EE87833,Breast cancer,2000000,5,0.6926748560196719
EE87833,Breast cancer,2000000,6,0.7229194079966524
EE87833,Breast cancer,2000000,7,0.710441138332727
EE87833,Breast cancer,2000000,8,0.7197547789664802
EE87833,Breast cancer,2000000,9,0.6930988581153055
EE87833,Breast cancer,2000000,10,0.7375656685602459
EE87833,Breast cancer,2000000,11,0.7080781742980424
EE87833,Breast cancer,2000000,12,0.741074316383556
EE87833,Breast cancer,2000000,13,0.6946519026642078
EE87833,Breast cancer,2000000,14,0.6789433739855075
EE87833,Breast cancer,2000000,15,0.6850967854742759
EE87833,Breast cancer,2000000,16,0.7044763601884027
EE87833,Breast cancer,2000000,17,0.7074477636909757
EE87833,Breast cancer,2000000,18,0.759216275495114
EE87833,Breast cancer,2000000,19,0.6985608468321307
EE87833,Breast cancer,1000000,0,0.5401880528193903
EE87833,Breast cancer,1000000,1,0.5792106435202381
EE87833,Breast cancer,1000000,2,0.5871528634885618
EE87833,Breast cancer,1000000,3,0.5472812140596772
EE87833,Breast cancer,1000000,4,0.5800939099985026
EE87833,Breast cancer,1000000,5,0.5851490853561206
EE87833,Breast cancer,1000000,6,0.5996283616065686
EE87833,Breast cancer,1000000,7,0.5401551449021043
EE87833,Breast cancer,1000000,8,0.6113657377487756
EE87833,Breast cancer,1000000,9,0.5554827456371175
EE87833,Breast cancer,1000000,10,0.5859141418132157
EE87833,Breast cancer,1000000,11,0.5771782273646318
EE87833,Breast cancer,1000000,12,0.6198832174986479
EE87833,Breast cancer,1000000,13,0.5780417369381811
EE87833,Breast cancer,1000000,14,0.5939809967182531
EE87833,Breast cancer,1000000,15,0.5657981132672839
EE87833,Breast cancer,1000000,16,0.5985805860984867
EE87833,Breast cancer,1000000,17,0.6022916803392296
EE87833,Breast cancer,1000000,18,0.5728824155567503
EE87833,Breast cancer,1000000,19,0.6095253269693046
EE87834,Breast cancer,20000000,0,0.9475669171652069
EE87834,Breast cancer,20000000,1,0.9447407504875708
EE87834,Breast cancer,20000000,2,0.9437912090059551
EE87834,Breast cancer,20000000,3,0.947068257291413
EE87834,Breast cancer,20000000,4,0.9405153983748947
EE87834,Breast cancer,20000000,5,0.9414037085336923
EE87834,Breast cancer,20000000,6,0.9442620387946028
EE87834,Breast cancer,20000000,7,0.9418122647642401
EE87834,Breast cancer,20000000,8,0.9463704156304026
EE87834,Breast cancer,20000000,9,0.9381394276304392
EE87834,Breast cancer,20000000,10,0.947445872162026
EE87834,Breast cancer,20000000,11,0.9461128532363361
EE87834,Breast cancer,20000000,12,0.945572323963204
EE87834,Breast cancer,20000000,13,0.9382856011287408
EE87834,Breast cancer,20000000,14,0.9397709818247195
EE87834,Breast cancer,20000000,15,0.9324659547331162
EE87834,Breast cancer,20000000,16,0.9520353552263541
EE87834,Breast cancer,20000000,17,0.9372034352074896
EE87834,Breast cancer,20000000,18,0.9421389403854447
EE87834,Breast cancer,20000000,19,0.9403403679872223
EE87834,Breast cancer,10000000,0,0.8642966670618476
EE87834,Breast cancer,10000000,1,0.8478303918413823
EE87834,Breast cancer,10000000,2,0.8683076444049554
EE87834,Breast cancer,10000000,3,0.8626720828160156
EE87834,Breast cancer,10000000,4,0.8665785109323968
EE87834,Breast cancer,10000000,5,0.8481407825363056
EE87834,Breast cancer,10000000,6,0.84900922508504
EE87834,Breast cancer,10000000,7,0.8592594788041914
EE87834,Breast cancer,10000000,8,0.8716407779765263
EE87834,Breast cancer,10000000,9,0.8781329918275727
EE87834,Breast cancer,10000000,10,0.8663240567823471
EE87834,Breast cancer,10000000,11,0.8619548295228778
EE87834,Breast cancer,10000000,12,0.8653413776526517
EE87834,Breast cancer,10000000,13,0.8710784736574786
EE87834,Breast cancer,10000000,14,0.8356370207183348
EE87834,Breast cancer,10000000,15,0.8482759474244412
EE87834,Breast cancer,10000000,16,0.8575179036479539
EE87834,Breast cancer,10000000,17,0.869857317989893
EE87834,Breast cancer,10000000,18,0.8702455506324416
EE87834,Breast cancer,10000000,19,0.8644916301992887
EE87834,Breast cancer,5000000,0,0.7620430659130641
EE87834,Breast cancer,5000000,1,0.7497578105763432
EE87834,Breast cancer,5000000,2,0.7559963342627981
EE87834,Breast cancer,5000000,3,0.7636625770384915
EE87834,Breast cancer,5000000,4,0.7668224716157396
EE87834,Breast cancer,5000000,5,0.7558337940203348
EE87834,Breast cancer,5000000,6,0.7504048351380782
EE87834,Breast cancer,5000000,7,0.7634342345260148
EE87834,Breast cancer,5000000,8,0.7711203894299169
EE87834,Breast cancer,5000000,9,0.7475020225878443
EE87834,Breast cancer,5000000,10,0.754057935060207
EE87834,Breast cancer,5000000,11,0.7090582622550585
EE87834,Breast cancer,5000000,12,0.7274003004243201
EE87834,Breast cancer,5000000,13,0.7591843075844765
EE87834,Breast cancer,5000000,14,0.7653416382114722
EE87834,Breast cancer,5000000,15,0.7630045031567436
EE87834,Breast cancer,5000000,16,0.7448324588816188
EE87834,Breast cancer,5000000,17,0.7241840926234496
EE87834,Breast cancer,5000000,18,0.7458761924108402
EE87834,Breast cancer,5000000,19,0.7476296881902269
EE87834,Breast cancer,2000000,0,0.5888442871863289
EE87834,Breast cancer,2000000,1,0.6299428213420745
EE87834,Breast cancer,2000000,2,0.5714414365207531
EE87834,Breast cancer,2000000,3,0.5858097672660825
EE87834,Breast cancer,2000000,4,0.5510935092044604
EE87834,Breast cancer,2000000,5,0.5721950796819046
EE87834,Breast cancer,2000000,6,0.5892600547658847
EE87834,Breast cancer,2000000,7,0.6252263156991356
EE87834,Breast cancer,2000000,8,0.5703129608125711
EE87834,Breast cancer,2000000,9,0.5387674946955987
EE87834,Breast cancer,2000000,10,0.6022228794818687
EE87834,Breast cancer,2000000,11,0.5490382805878662
EE87834,Breast cancer,2000000,12,0.5530719538313204
EE87834,Breast cancer,2000000,13,0.5379589517894022
EE87834,Breast cancer,2000000,14,0.6042561048447086
EE87834,Breast cancer,2000000,15,0.5504150881279988
EE87834,Breast cancer,2000000,16,0.6126372330737735
EE87834,Breast cancer,2000000,17,0.6091607511527637
EE87834,Breast cancer,2000000,18,0.5548215794047533
EE87834,Breast cancer,2000000,19,0.5559720588436944
EE87834,Breast cancer,1000000,0,0.45834734719253756
EE87834,Breast cancer,1000000,1,0.41274638448487877
EE87834,Breast cancer,1000000,2,0.4793961209723372
EE87834,Breast cancer,1000000,3,0.4637325732482144
EE87834,Breast cancer,1000000,4,0.4785007975707737
EE87834,Breast cancer,1000000,5,0.46827349324041606
EE87834,Breast cancer,1000000,6,0.5009184617446795
EE87834,Breast cancer,1000000,7,0.44773834262942575
EE87834,Breast cancer,1000000,8,0.4636366569131415
EE87834,Breast cancer,1000000,9,0.4416236557238241
EE87834,Breast cancer,1000000,10,0.4387072424548382
EE87834,Breast cancer,1000000,11,0.4832391250041376
EE87834,Breast cancer,1000000,12,0.45455023787314375
EE87834,Breast cancer,1000000,13,0.3887201001158483
EE87834,Breast cancer,1000000,14,0.4733255289434953
EE87834,Breast cancer,1000000,15,0.4567401196769749
EE87834,Breast cancer,1000000,16,0.4187360387268694
EE87834,Breast cancer,1000000,17,0.44526968132807465
EE87834,Breast cancer,1000000,18,0.44658099110575444
EE87834,Breast cancer,1000000,19,0.46323147829435374
EE87835,Breast cancer,20000000,0,0.9354492880881629
EE87835,Breast cancer,20000000,1,0.9351998681572369
EE87835,Breast cancer,20000000,2,0.9385757985150754
EE87835,Breast cancer,20000000,3,0.9398918811174327
EE87835,Breast cancer,20000000,4,0.9361582686387495
EE87835,Breast cancer,20000000,5,0.930250944200026
EE87835,Breast cancer,20000000,6,0.9401962138197794
EE87835,Breast cancer,20000000,7,0.928034565733128
EE87835,Breast cancer,20000000,8,0.9299399021080512
EE87835,Breast cancer,20000000,9,0.9361012713967647
EE87835,Breast cancer,20000000,10,0.9255395847474078
EE87835,Breast cancer,20000000,11,0.9357613072757143
EE87835,Breast cancer,20000000,12,0.9444056220842757
EE87835,Breast cancer,20000000,13,0.9316206845209284
EE87835,Breast cancer,20000000,14,0.9422661582295552
EE87835,Breast cancer,20000000,15,0.932034208767544
EE87835,Breast cancer,20000000,16,0.9331452315781658
EE87835,Breast cancer,20000000,17,0.9351940707234808
EE87835,Breast cancer,20000000,18,0.9453557344436614
EE87835,Breast cancer,20000000,19,0.9344691960848431
EE87835,Breast cancer,10000000,0,0.8178930301818311
EE87835,Breast cancer,10000000,1,0.8233342800303812
EE87835,Breast cancer,10000000,2,0.8481233714768113
EE87835,Breast cancer,10000000,3,0.8172209187043454
EE87835,Breast cancer,10000000,4,0.8217586808428037
EE87835,Breast cancer,10000000,5,0.8118338650904595
EE87835,Breast cancer,10000000,6,0.8052052486968804
EE87835,Breast cancer,10000000,7,0.7964612855190528
EE87835,Breast cancer,10000000,8,0.8172177860453099
EE87835,Breast cancer,10000000,9,0.8348555396759432
EE87835,Breast cancer,10000000,10,0.8031997925951789
EE87835,Breast cancer,10000000,11,0.8137950261926756
EE87835,Breast cancer,10000000,12,0.8378817349569623
EE87835,Breast cancer,10000000,13,0.8218698091797478
EE87835,Breast cancer,10000000,14,0.8285517749918252
EE87835,Breast cancer,10000000,15,0.8075003942173596
EE87835,Breast cancer,10000000,16,0.8280765157032289
EE87835,Breast cancer,10000000,17,0.8434307910174953
EE87835,Breast cancer,10000000,18,0.821810206349558
EE87835,Breast cancer,10000000,19,0.8022297321064487
EE87835,Breast cancer,5000000,0,0.6735392746824115
EE87835,Breast cancer,5000000,1,0.7067954852188569
EE87835,Breast cancer,5000000,2,0.6731476547751964
EE87835,Breast cancer,5000000,3,0.6987231103089303
EE87835,Breast cancer,5000000,4,0.7101949196662113
EE87835,Breast cancer,5000000,5,0.6872018067148615
EE87835,Breast cancer,5000000,6,0.6854754091099182
EE87835,Breast cancer,5000000,7,0.7092623239316491
EE87835,Breast cancer,5000000,8,0.6818140150976577
EE87835,Breast cancer,5000000,9,0.7131755592109427
EE87835,Breast cancer,5000000,10,0.7262552746876226
EE87835,Breast cancer,5000000,11,0.6857446752483563
EE87835,Breast cancer,5000000,12,0.7053308495346233
EE87835,Breast cancer,5000000,13,0.6673975124449408
EE87835,Breast cancer,5000000,14,0.6955656910405171
EE87835,Breast cancer,5000000,15,0.6971974944663821
EE87835,Breast cancer,5000000,16,0.7106253932809699
EE87835,Breast cancer,5000000,17,0.702306010701151
EE87835,Breast cancer,5000000,18,0.6738379402304122
EE87835,Breast cancer,5000000,19,0.6420201255632957
EE87835,Breast cancer,2000000,0,0.5168047338068269
EE87835,Breast cancer,2000000,1,0.5069698103670731
EE87835,Breast cancer,2000000,2,0.5347941542129456
EE87835,Breast cancer,2000000,3,0.5135196824204503
EE87835,Breast cancer,2000000,4,0.4670744271137905
EE87835,Breast cancer,2000000,5,0.5632160594394634
EE87835,Breast cancer,2000000,6,0.4870089263555193
EE87835,Breast cancer,2000000,7,0.5642346206726484
EE87835,Breast cancer,2000000,8,0.4905900398747845
EE87835,Breast cancer,2000000,9,0.5455362158469463
EE87835,Breast cancer,2000000,10,0.5504014503225783
EE87835,Breast cancer,2000000,11,0.5372003896592966
EE87835,Breast cancer,2000000,12,0.49531863707665075
EE87835,Breast cancer,2000000,13,0.5326549358190664
EE87835,Breast cancer,2000000,14,0.49558154094366313
EE87835,Breast cancer,2000000,15,0.47979797700158033
EE87835,Breast cancer,2000000,16,0.5594692976682146
EE87835,Breast cancer,2000000,17,0.47125235758917244
EE87835,Breast cancer,2000000,18,0.5588159789531006
EE87835,Breast cancer,2000000,19,0.5071585040502669
EE87835,Breast cancer,1000000,0,0.46002159284185673
EE87835,Breast cancer,1000000,1,0.35725626887942946
EE87835,Breast cancer,1000000,2,0.411538153627973
EE87835,Breast cancer,1000000,3,0.4086230579328482
EE87835,Breast cancer,1000000,4,0.42610356162627033
EE87835,Breast cancer,1000000,5,0.39938545881378174
EE87835,Breast cancer,1000000,6,0.4161586569101603
EE87835,Breast cancer,1000000,7,0.4394498749162819
EE87835,Breast cancer,1000000,8,0.3696366933558196
EE87835,Breast cancer,1000000,9,0.4038736312210895
EE87835,Breast cancer,1000000,10,0.37331540123580137
EE87835,Breast cancer,1000000,11,0.39195930291838055
EE87835,Breast cancer,1000000,12,0.3793201562181118
EE87835,Breast cancer,1000000,13,0.39497230161487984
EE87835,Breast cancer,1000000,14,0.39412798885892486
EE87835,Breast cancer,1000000,15,0.4534139272373825
EE87835,Breast cancer,1000000,16,0.3348966866127834
EE87835,Breast cancer,1000000,17,0.3979462020844003
EE87835,Breast cancer,1000000,18,0.39601948739501464
EE87835,Breast cancer,1000000,19,0.3703926843411587
EE87836,Breast cancer,20000000,0,0.9574035183257533
EE87836,Breast cancer,20000000,1,0.9640011933593979
EE87836,Breast cancer,20000000,2,0.9572353276071192
EE87836,Breast cancer,20000000,3,0.9633460182052449
EE87836,Breast cancer,20000000,4,0.9664390468237231
EE87836,Breast cancer,20000000,5,0.9578352642913257
EE87836,Breast cancer,20000000,6,0.964293214657476
EE87836,Breast cancer,20000000,7,0.9688712982734071
EE87836,Breast cancer,20000000,8,0.9654677486805955
EE87836,Breast cancer,20000000,9,0.9602154691166145
EE87836,Breast cancer,20000000,10,0.9506523741468328
EE87836,Breast cancer,20000000,11,0.9588767830365785
EE87836,Breast cancer,20000000,12,0.9555213716858548
EE87836,Breast cancer,20000000,13,0.9601417309704124
EE87836,Breast cancer,20000000,14,0.9631501431119323
EE87836,Breast cancer,20000000,15,0.9647976565339685
EE87836,Breast cancer,20000000,16,0.965013203818229
EE87836,Breast cancer,20000000,17,0.9571032242851244
EE87836,Breast cancer,20000000,18,0.9568327628234929
EE87836,Breast cancer,20000000,19,0.9555988879349542
EE87836,Breast cancer,10000000,0,0.8905372201761118
EE87836,Breast cancer,10000000,1,0.8861610045063649
EE87836,Breast cancer,10000000,2,0.8955954485585236
EE87836,Breast cancer,10000000,3,0.8831624428425544
EE87836,Breast cancer,10000000,4,0.8851527721504312
EE87836,Breast cancer,10000000,5,0.8815744527287676
EE87836,Breast cancer,10000000,6,0.8937203370067784
EE87836,Breast cancer,10000000,7,0.8833904318142067
EE87836,Breast cancer,10000000,8,0.8953103792191051
EE87836,Breast cancer,10000000,9,0.8838832644372385
EE87836,Breast cancer,10000000,10,0.887325944873016
EE87836,Breast cancer,10000000,11,0.8898175567138844
EE87836,Breast cancer,10000000,12,0.8786076791668843
EE87836,Breast cancer,10000000,13,0.896798560946639
EE87836,Breast cancer,10000000,14,0.8704043612335377
EE87836,Breast cancer,10000000,15,0.8844029959770208
EE87836,Breast cancer,10000000,16,0.8953647237229687
EE87836,Breast cancer,10000000,17,0.894467062579294
EE87836,Breast cancer,10000000,18,0.8539718935200324
EE87836,Breast cancer,10000000,19,0.903297306733752
EE87836,Breast cancer,5000000,0,0.8073414407845454
EE87836,Breast cancer,5000000,1,0.7873684143329568
EE87836,Breast cancer,5000000,2,0.7825076696305564
EE87836,Breast cancer,5000000,3,0.7854154154414976
EE87836,Breast cancer,5000000,4,0.796859458327174
EE87836,Breast cancer,5000000,5,0.7786248418509717
EE87836,Breast cancer,5000000,6,0.8213896644132672
EE87836,Breast cancer,5000000,7,0.7839882172693863
EE87836,Breast cancer,5000000,8,0.7750372073930507
EE87836,Breast cancer,5000000,9,0.7903506077917285
EE87836,Breast cancer,5000000,10,0.7366547634712168
EE87836,Breast cancer,5000000,11,0.7851906636757338
EE87836,Breast cancer,5000000,12,0.8122963508833715
EE87836,Breast cancer,5000000,13,0.8109728484681097
EE87836,Breast cancer,5000000,14,0.8036591450061409
EE87836,Breast cancer,5000000,15,0.7750207469960826
EE87836,Breast cancer,5000000,16,0.7630777728995377
EE87836,Breast cancer,5000000,17,0.784764682567128
EE87836,Breast cancer,5000000,18,0.7778217543164826
EE87836,Breast cancer,5000000,19,0.7818970245485494
EE87836,Breast cancer,2000000,0,0.6265319312575449
EE87836,Breast cancer,2000000,1,0.6737956663032344
EE87836,Breast cancer,2000000,2,0.6588273416174005
EE87836,Breast cancer,2000000,3,0.628582225943365
EE87836,Breast cancer,2000000,4,0.652973886759891
EE87836,Breast cancer,2000000,5,0.6467383237113578
EE87836,Breast cancer,2000000,6,0.6232679881103103
EE87836,Breast cancer,2000000,7,0.6375200778901555
EE87836,Breast cancer,2000000,8,0.7015731370091991
EE87836,Breast cancer,2000000,9,0.6391401816682167
EE87836,Breast cancer,2000000,10,0.6430937896013812
EE87836,Breast cancer,2000000,11,0.6502852133985809
EE87836,Breast cancer,2000000,12,0.5848390227630229
EE87836,Breast cancer,2000000,13,0.6210779765840035
EE87836,Breast cancer,2000000,14,0.6458777409731197
EE87836,Breast cancer,2000000,15,0.6200358939352255
EE87836,Breast cancer,2000000,16,0.6664383519816133
EE87836,Breast cancer,2000000,17,0.610651000392859
EE87836,Breast cancer,2000000,18,0.6490473952306753
EE87836,Breast cancer,2000000,19,0.6259958863948512
EE87836,Breast cancer,1000000,0,0.5053668942735582
EE87836,Breast cancer,1000000,1,0.48041825043045966
EE87836,Breast cancer,1000000,2,0.5001698110992263
EE87836,Breast cancer,1000000,3,0.4689002813905389
EE87836,Breast cancer,1000000,4,0.4970117643955174
EE87836,Breast cancer,1000000,5,0.5115139988185056
EE87836,Breast cancer,1000000,6,0.5045171706583633
EE87836,Breast cancer,1000000,7,0.5166258455073952
EE87836,Breast cancer,1000000,8,0.5340474296267629
EE87836,Breast cancer,1000000,9,0.5254831169229054
EE87836,Breast cancer,1000000,10,0.5194265347331318
EE87836,Breast cancer,1000000,11,0.5283671008668569
EE87836,Breast cancer,1000000,12,0.5511313912742933
EE87836,Breast cancer,1000000,13,0.5244091945944972
EE87836,Breast cancer,1000000,14,0.5017593341262084
EE87836,Breast cancer,1000000,15,0.5005403420756801
EE87836,Breast cancer,1000000,16,0.5256318052385013
EE87836,Breast cancer,1000000,17,0.4975437280440519
EE87836,Breast cancer,1000000,18,0.45990994857562084
EE87836,Breast cancer,1000000,19,0.48302967829106114
EE87837,Breast cancer,20000000,0,0.8978541678337532
EE87837,Breast cancer,20000000,1,0.9105048196867823
EE87837,Breast cancer,20000000,2,0.9142446204374524
EE87837,Breast cancer,20000000,3,0.9075294333757612
EE87837,Breast cancer,20000000,4,0.891110449581217
EE87837,Breast cancer,20000000,5,0.9028525328271546
EE87837,Breast cancer,20000000,6,0.9065139705125584
EE87837,Breast cancer,20000000,7,0.9001744441303264
EE87837,Breast cancer,20000000,8,0.8973998183905022
EE87837,Breast cancer,20000000,9,0.884518832540149
EE87837,Breast cancer,20000000,10,0.9154416927985451
EE87837,Breast cancer,20000000,11,0.8942913516619094
EE87837,Breast cancer,20000000,12,0.8928197805834175
EE87837,Breast cancer,20000000,13,0.9073372061059356
EE87837,Breast cancer,20000000,14,0.8944983656447985
EE87837,Breast cancer,20000000,15,0.9163980739491989
EE87837,Breast cancer,20000000,16,0.8967784507433093
EE87837,Breast cancer,20000000,17,0.8931815665056849
EE87837,Breast cancer,20000000,18,0.9102822373143682
EE87837,Breast cancer,20000000,19,0.869244223085251
EE87837,Breast cancer,10000000,0,0.7730654484673278
EE87837,Breast cancer,10000000,1,0.8011288710898264
EE87837,Breast cancer,10000000,2,0.8044622652202179
EE87837,Breast cancer,10000000,3,0.7878183540238751
EE87837,Breast cancer,10000000,4,0.7964685811660269
EE87837,Breast cancer,10000000,5,0.7945288510267972
EE87837,Breast cancer,10000000,6,0.801176879052504
EE87837,Breast cancer,10000000,7,0.7707488199942417
EE87837,Breast cancer,10000000,8,0.7813082918936244
EE87837,Breast cancer,10000000,9,0.7947462222228012
EE87837,Breast cancer,10000000,10,0.792681098151205
EE87837,Breast cancer,10000000,11,0.7891984689563709
EE87837,Breast cancer,10000000,12,0.7837244538361425
EE87837,Breast cancer,10000000,13,0.7815011832871903
EE87837,Breast cancer,10000000,14,0.7886463448157264
EE87837,Breast cancer,10000000,15,0.8050260493680799
EE87837,Breast cancer,10000000,16,0.7942022405452978
EE87837,Breast cancer,10000000,17,0.7901185021515645
EE87837,Breast cancer,10000000,18,0.8058433572482906
EE87837,Breast cancer,10000000,19,0.8131150328108696
EE87837,Breast cancer,5000000,0,0.6802459284427312
EE87837,Breast cancer,5000000,1,0.6448618451993993
EE87837,Breast cancer,5000000,2,0.6543201303836339
EE87837,Breast cancer,5000000,3,0.6485416302732486
EE87837,Breast cancer,5000000,4,0.67513089823745
EE87837,Breast cancer,5000000,5,0.6440080695719423
EE87837,Breast cancer,5000000,6,0.6497343708633744
EE87837,Breast cancer,5000000,7,0.6610973955843098
EE87837,Breast cancer,5000000,8,0.6689229540595717
EE87837,Breast cancer,5000000,9,0.7065081730788022
EE87837,Breast cancer,5000000,10,0.6666045559558069
EE87837,Breast cancer,5000000,11,0.6823114433525582
EE87837,Breast cancer,5000000,12,0.6889418836578811
EE87837,Breast cancer,5000000,13,0.6432947141734879
EE87837,Breast cancer,5000000,14,0.6518988224044109
EE87837,Breast cancer,5000000,15,0.6933184901658588
EE87837,Breast cancer,5000000,16,0.690938915419658
EE87837,Breast cancer,5000000,17,0.6561587850715038
EE87837,Breast cancer,5000000,18,0.71734005922502
EE87837,Breast cancer,5000000,19,0.697255533943649
EE87837,Breast cancer,2000000,0,0.4589892867819372
EE87837,Breast cancer,2000000,1,0.5153295977552649
EE87837,Breast cancer,2000000,2,0.5203195787284116
EE87837,Breast cancer,2000000,3,0.49377481792352357
EE87837,Breast cancer,2000000,4,0.5279798655770491
EE87837,Breast cancer,2000000,5,0.549977906238358
EE87837,Breast cancer,2000000,6,0.4394894329788355
EE87837,Breast cancer,2000000,7,0.4788151256422028
EE87837,Breast cancer,2000000,8,0.46604535762497273
EE87837,Breast cancer,2000000,9,0.530254960897855
EE87837,Breast cancer,2000000,10,0.4865519316472111
EE87837,Breast cancer,2000000,11,0.4726715948549682
EE87837,Breast cancer,2000000,12,0.5114885761726966
EE87837,Breast cancer,2000000,13,0.48751398712500954
EE87837,Breast cancer,2000000,14,0.5355033802053167
EE87837,Breast cancer,2000000,15,0.477971580552159
EE87837,Breast cancer,2000000,16,0.5096845645503397
EE87837,Breast cancer,2000000,17,0.44134200303753
EE87837,Breast cancer,2000000,18,0.47328960960763816
EE87837,Breast cancer,2000000,19,0.5268706580619938
EE87837,Breast cancer,1000000,0,0.39197277407369546
EE87837,Breast cancer,1000000,1,0.36514843100829475
EE87837,Breast cancer,1000000,2,0.3574045920145702
EE87837,Breast cancer,1000000,3,0.35502730648697
EE87837,Breast cancer,1000000,4,0.323902226923139
EE87837,Breast cancer,1000000,5,0.39478009401941394
EE87837,Breast cancer,1000000,6,0.3952598809816079
EE87837,Breast cancer,1000000,7,0.3972466550879767
EE87837,Breast cancer,1000000,8,0.39098762793337477
EE87837,Breast cancer,1000000,9,0.3773728157718372
EE87837,Breast cancer,1000000,10,0.4144914887798833
EE87837,Breast cancer,1000000,11,0.37668246321084464
EE87837,Breast cancer,1000000,12,0.4067993812378456
EE87837,Breast cancer,1000000,13,0.3980084052059296
EE87837,Breast cancer,1000000,14,0.39161080610526217
EE87837,Breast cancer,1000000,15,0.40187991910690146
EE87837,Breast cancer,1000000,16,0.3504585526275308
EE87837,Breast cancer,1000000,17,0.3824326003432588
EE87837,Breast cancer,1000000,18,0.44473521001270383
EE87837,Breast cancer,1000000,19,0.34827043048318507
EE87838,Breast cancer,20000000,0,0.9525332831323341
EE87838,Breast cancer,20000000,1,0.9555291884504699
EE87838,Breast cancer,20000000,2,0.9529465294216507
EE87838,Breast cancer,20000000,3,0.9512708756470003
EE87838,Breast cancer,20000000,4,0.9551223258522555
EE87838,Breast cancer,20000000,5,0.958231639397015
EE87838,Breast cancer,20000000,6,0.9564916275937003
EE87838,Breast cancer,20000000,7,0.9532611541974072
EE87838,Breast cancer,20000000,8,0.9537440348315033
EE87838,Breast cancer,20000000,9,0.9518344643757468
EE87838,Breast cancer,20000000,10,0.9541122695845781
EE87838,Breast cancer,20000000,11,0.9543783652800162
EE87838,Breast cancer,20000000,12,0.9496256421146433
EE87838,Breast cancer,20000000,13,0.948945453313722
EE87838,Breast cancer,20000000,14,0.9572375423570934
EE87838,Breast cancer,20000000,15,0.9570669414693694
EE87838,Breast cancer,20000000,16,0.952274417944165
EE87838,Breast cancer,20000000,17,0.9484320221579222
EE87838,Breast cancer,20000000,18,0.9505534269347471
EE87838,Breast cancer,20000000,19,0.9543895041695926
EE87838,Breast cancer,10000000,0,0.8767786722183066
EE87838,Breast cancer,10000000,1,0.8501287160573283
EE87838,Breast cancer,10000000,2,0.8592420213632177
EE87838,Breast cancer,10000000,3,0.8887008016092113
EE87838,Breast cancer,10000000,4,0.8849894669096814
EE87838,Breast cancer,10000000,5,0.8760217488447476
EE87838,Breast cancer,10000000,6,0.8844582526143823
EE87838,Breast cancer,10000000,7,0.8693107307241843
EE87838,Breast cancer,10000000,8,0.8821425504627942
EE87838,Breast cancer,10000000,9,0.8446900066572779
EE87838,Breast cancer,10000000,10,0.8497204342232358
EE87838,Breast cancer,10000000,11,0.8816301615339321
EE87838,Breast cancer,10000000,12,0.8489930842639587
EE87838,Breast cancer,10000000,13,0.8719770291343847
EE87838,Breast cancer,10000000,14,0.8705605011067238
EE87838,Breast cancer,10000000,15,0.8802665125895509
EE87838,Breast cancer,10000000,16,0.8855056990728014
EE87838,Breast cancer,10000000,17,0.8731528008119013
EE87838,Breast cancer,10000000,18,0.8655659793559248
EE87838,Breast cancer,10000000,19,0.8604650844666557
EE87838,Breast cancer,5000000,0,0.7744497323409518
EE87838,Breast cancer,5000000,1,0.7914454630846777
EE87838,Breast cancer,5000000,2,0.7983393283575285
EE87838,Breast cancer,5000000,3,0.7640563015499342
EE87838,Breast cancer,5000000,4,0.7661845910429095
EE87838,Breast cancer,5000000,5,0.7875279612184253
EE87838,Breast cancer,5000000,6,0.7359339926340023
EE87838,Breast cancer,5000000,7,0.7426730003522919
EE87838,Breast cancer,5000000,8,0.780641911133967
EE87838,Breast cancer,5000000,9,0.7775181182428651
EE87838,Breast cancer,5000000,10,0.7719664565037186
EE87838,Breast cancer,5000000,11,0.7235710628585127
EE87838,Breast cancer,5000000,12,0.7420476145188587
EE87838,Breast cancer,5000000,13,0.767023154559584
EE87838,Breast cancer,5000000,14,0.7712824444586306
EE87838,Breast cancer,5000000,15,0.7810122573712831
EE87838,Breast cancer,5000000,16,0.7942799325784501
EE87838,Breast cancer,5000000,17,0.7622050761125713
EE87838,Breast cancer,5000000,18,0.7987480148674864
EE87838,Breast cancer,5000000,19,0.7747158280363897
EE87838,Breast cancer,2000000,0,0.5628709400985352
EE87838,Breast cancer,2000000,1,0.5407041019467709
EE87838,Breast cancer,2000000,2,0.5943507097582156
EE87838,Breast cancer,2000000,3,0.5841472485735882
EE87838,Breast cancer,2000000,4,0.6197347227719976
EE87838,Breast cancer,2000000,5,0.6433347518590725
EE87838,Breast cancer,2000000,6,0.6126402820236657
EE87838,Breast cancer,2000000,7,0.5514906659930788
EE87838,Breast cancer,2000000,8,0.6564344344327073
EE87838,Breast cancer,2000000,9,0.6125514414383363
EE87838,Breast cancer,2000000,10,0.6571929104939063
EE87838,Breast cancer,2000000,11,0.6436343409892361
EE87838,Breast cancer,2000000,12,0.5710693492131343
EE87838,Breast cancer,2000000,13,0.5860994340043411
EE87838,Breast cancer,2000000,14,0.5982401790404083
EE87838,Breast cancer,2000000,15,0.5969344374882658
EE87838,Breast cancer,2000000,16,0.6334701142356701
EE87838,Breast cancer,2000000,17,0.6137929842875376
EE87838,Breast cancer,2000000,18,0.6042931693393394
EE87838,Breast cancer,2000000,19,0.6021616450056794
EE87838,Breast cancer,1000000,0,0.5256411185486494
EE87838,Breast cancer,1000000,1,0.48797336671181757
EE87838,Breast cancer,1000000,2,0.445309279146303
EE87838,Breast cancer,1000000,3,0.43562035494824425
EE87838,Breast cancer,1000000,4,0.4930409851796697
EE87838,Breast cancer,1000000,5,0.47465678609897793
EE87838,Breast cancer,1000000,6,0.4706354232705509
EE87838,Breast cancer,1000000,7,0.5231623538071531
EE87838,Breast cancer,1000000,8,0.5029020066222343
EE87838,Breast cancer,1000000,9,0.45771624854136295
EE87838,Breast cancer,1000000,10,0.4709457986773813
EE87838,Breast cancer,1000000,11,0.5034086557498615
EE87838,Breast cancer,1000000,12,0.4497980750236965
EE87838,Breast cancer,1000000,13,0.5117409486547646
EE87838,Breast cancer,1000000,14,0.461290677592075
EE87838,Breast cancer,1000000,15,0.5139646183246221
EE87838,Breast cancer,1000000,16,0.4261604334070647
EE87838,Breast cancer,1000000,17,0.491136455165073
EE87838,Breast cancer,1000000,18,0.4704647744622139
EE87838,Breast cancer,1000000,19,0.4596968263945332
EE87839,Breast cancer,20000000,0,0.9499432633168357
EE87839,Breast cancer,20000000,1,0.9499354945917029
EE87839,Breast cancer,20000000,2,0.9536504942149429
EE87839,Breast cancer,20000000,3,0.9518435839344644
EE87839,Breast cancer,20000000,4,0.9528328606362066
EE87839,Breast cancer,20000000,5,0.9514796484019277
EE87839,Breast cancer,20000000,6,0.9399237995729441
EE87839,Breast cancer,20000000,7,0.9481292528084985
EE87839,Breast cancer,20000000,8,0.955400667812257
EE87839,Breast cancer,20000000,9,0.9540399645118888
EE87839,Breast cancer,20000000,10,0.9480871074192824
EE87839,Breast cancer,20000000,11,0.9572684185773229
EE87839,Breast cancer,20000000,12,0.9401694414009728
EE87839,Breast cancer,20000000,13,0.9502087076152225
EE87839,Breast cancer,20000000,14,0.9420893039301391
EE87839,Breast cancer,20000000,15,0.9511574022806714
EE87839,Breast cancer,20000000,16,0.9402377078119444
EE87839,Breast cancer,20000000,17,0.9531629235220779
EE87839,Breast cancer,20000000,18,0.951038913157048
EE87839,Breast cancer,20000000,19,0.9518033275966966
EE87839,Breast cancer,10000000,0,0.8836806799542981
EE87839,Breast cancer,10000000,1,0.8764485441927302
EE87839,Breast cancer,10000000,2,0.8805330642629249
EE87839,Breast cancer,10000000,3,0.8965123550478713
EE87839,Breast cancer,10000000,4,0.893715987200634
EE87839,Breast cancer,10000000,5,0.8937925263554033
EE87839,Breast cancer,10000000,6,0.8806210680045494
EE87839,Breast cancer,10000000,7,0.8719631543771929
EE87839,Breast cancer,10000000,8,0.8905799518226741
EE87839,Breast cancer,10000000,9,0.8838496523493939
EE87839,Breast cancer,10000000,10,0.8712180212902614
EE87839,Breast cancer,10000000,11,0.861254642832483
EE87839,Breast cancer,10000000,12,0.8832365574447519
EE87839,Breast cancer,10000000,13,0.8863956377242272
EE87839,Breast cancer,10000000,14,0.8804743082489016
EE87839,Breast cancer,10000000,15,0.8924269881615101
EE87839,Breast cancer,10000000,16,0.8705980357545009
EE87839,Breast cancer,10000000,17,0.8691545257112931
EE87839,Breast cancer,10000000,18,0.879533477241058
EE87839,Breast cancer,10000000,19,0.8807581870838389
EE87839,Breast cancer,5000000,0,0.7672735966509334
EE87839,Breast cancer,5000000,1,0.7750608205365432
EE87839,Breast cancer,5000000,2,0.7663811300169346
EE87839,Breast cancer,5000000,3,0.808229098948515
EE87839,Breast cancer,5000000,4,0.8030887293979398
EE87839,Breast cancer,5000000,5,0.8229263560283274
EE87839,Breast cancer,5000000,6,0.7928695276601027
EE87839,Breast cancer,5000000,7,0.7782639226348751
EE87839,Breast cancer,5000000,8,0.7855010741537375
EE87839,Breast cancer,5000000,9,0.7837114258951173
EE87839,Breast cancer,5000000,10,0.7933351591993281
EE87839,Breast cancer,5000000,11,0.7518945231838726
EE87839,Breast cancer,5000000,12,0.7948366816472251
EE87839,Breast cancer,5000000,13,0.7826868562191949
EE87839,Breast cancer,5000000,14,0.7945174448858642
EE87839,Breast cancer,5000000,15,0.7676643898168404
EE87839,Breast cancer,5000000,16,0.7571740311445958
EE87839,Breast cancer,5000000,17,0.7918678940724172
EE87839,Breast cancer,5000000,18,0.7594969781690794
EE87839,Breast cancer,5000000,19,0.7807935706588878
EE87839,Breast cancer,2000000,0,0.5889758694013965
EE87839,Breast cancer,2000000,1,0.6275589686156569
EE87839,Breast cancer,2000000,2,0.5918032488951179
EE87839,Breast cancer,2000000,3,0.6322500594766232
EE87839,Breast cancer,2000000,4,0.6507427001673258
EE87839,Breast cancer,2000000,5,0.6412079077783277
EE87839,Breast cancer,2000000,6,0.6208253670182943
EE87839,Breast cancer,2000000,7,0.6073363790706254
EE87839,Breast cancer,2000000,8,0.6294243949123556
EE87839,Breast cancer,2000000,9,0.6021373608520164
EE87839,Breast cancer,2000000,10,0.6514934247082771
EE87839,Breast cancer,2000000,11,0.6134432817748761
EE87839,Breast cancer,2000000,12,0.620895188911659
EE87839,Breast cancer,2000000,13,0.5886856662144723
EE87839,Breast cancer,2000000,14,0.6303239640339576
EE87839,Breast cancer,2000000,15,0.6154758109792188
EE87839,Breast cancer,2000000,16,0.6164555648718051
EE87839,Breast cancer,2000000,17,0.5966817474319532
EE87839,Breast cancer,2000000,18,0.5781062476520196
EE87839,Breast cancer,2000000,19,0.6283955578758322
EE87839,Breast cancer,1000000,0,0.5180087616498975
EE87839,Breast cancer,1000000,1,0.4861980434473743
EE87839,Breast cancer,1000000,2,0.5244612716291991
EE87839,Breast cancer,1000000,3,0.4581985429809458
EE87839,Breast cancer,1000000,4,0.4293777162750359
EE87839,Breast cancer,1000000,5,0.4949205837704583
EE87839,Breast cancer,1000000,6,0.5294189616868974
EE87839,Breast cancer,1000000,7,0.48113404195349146
EE87839,Breast cancer,1000000,8,0.4576576321886321
EE87839,Breast cancer,1000000,9,0.5191145264590781
EE87839,Breast cancer,1000000,10,0.4527442405003108
EE87839,Breast cancer,1000000,11,0.4895955100496805
EE87839,Breast cancer,1000000,12,0.5012117777679296
EE87839,Breast cancer,1000000,13,0.5091016222052613
EE87839,Breast cancer,1000000,14,0.5077831866180709
EE87839,Breast cancer,1000000,15,0.5017016448495392
EE87839,Breast cancer,1000000,16,0.531835406535003
EE87839,Breast cancer,1000000,17,0.5069767734231898
EE87839,Breast cancer,1000000,18,0.4964744351951332
EE87839,Breast cancer,1000000,19,0.4894265296567902
EE87840,Breast cancer,20000000,0,0.9480564266181681
EE87840,Breast cancer,20000000,1,0.9561699677297901
EE87840,Breast cancer,20000000,2,0.9452413491214608
EE87840,Breast cancer,20000000,3,0.9434848569727495
EE87840,Breast cancer,20000000,4,0.9568488537366089
EE87840,Breast cancer,20000000,5,0.9484071387905643
EE87840,Breast cancer,20000000,6,0.9509446560037312
EE87840,Breast cancer,20000000,7,0.9418541649326615
EE87840,Breast cancer,20000000,8,0.9539909624194544
EE87840,Breast cancer,20000000,9,0.9490249888936804
EE87840,Breast cancer,20000000,10,0.9523092676864071
EE87840,Breast cancer,20000000,11,0.9485109063408292
EE87840,Breast cancer,20000000,12,0.9501738578729804
EE87840,Breast cancer,20000000,13,0.9534566865493136
EE87840,Breast cancer,20000000,14,0.9383649565707881
EE87840,Breast cancer,20000000,15,0.9569003141036582
EE87840,Breast cancer,20000000,16,0.9557882490577543
EE87840,Breast cancer,20000000,17,0.9420985039705665
EE87840,Breast cancer,20000000,18,0.9587779661039031
EE87840,Breast cancer,20000000,19,0.9530127765017634
EE87840,Breast cancer,10000000,0,0.8749264898427659
EE87840,Breast cancer,10000000,1,0.8642934241515461
EE87840,Breast cancer,10000000,2,0.8921881208628146
EE87840,Breast cancer,10000000,3,0.8743346956217
EE87840,Breast cancer,10000000,4,0.8722767369176675
EE87840,Breast cancer,10000000,5,0.8739386462145364
EE87840,Breast cancer,10000000,6,0.8800423017245086
EE87840,Breast cancer,10000000,7,0.8747347836905812
EE87840,Breast cancer,10000000,8,0.8906671738878373
EE87840,Breast cancer,10000000,9,0.8768368379635783
EE87840,Breast cancer,10000000,10,0.8981520517052926
EE87840,Breast cancer,10000000,11,0.8420287240043723
EE87840,Breast cancer,10000000,12,0.8824579425493858
EE87840,Breast cancer,10000000,13,0.8741633130575146
EE87840,Breast cancer,10000000,14,0.8878900076995133
EE87840,Breast cancer,10000000,15,0.8769771528998244
EE87840,Breast cancer,10000000,16,0.8806079892644554
EE87840,Breast cancer,10000000,17,0.8893306519007547
EE87840,Breast cancer,10000000,18,0.8762721927111309
EE87840,Breast cancer,10000000,19,0.8838381695846786
EE87840,Breast cancer,5000000,0,0.7872710630420613
EE87840,Breast cancer,5000000,1,0.7868903086449509
EE87840,Breast cancer,5000000,2,0.7572388574827749
EE87840,Breast cancer,5000000,3,0.7722079293945514
EE87840,Breast cancer,5000000,4,0.8131193971711129
EE87840,Breast cancer,5000000,5,0.787189690729708
EE87840,Breast cancer,5000000,6,0.7742631070857668
EE87840,Breast cancer,5000000,7,0.8022717472162547
EE87840,Breast cancer,5000000,8,0.7621088647665339
EE87840,Breast cancer,5000000,9,0.8013885310050102
EE87840,Breast cancer,5000000,10,0.7943457888214046
EE87840,Breast cancer,5000000,11,0.7663112552015889
EE87840,Breast cancer,5000000,12,0.8127151014914099
EE87840,Breast cancer,5000000,13,0.7707405397847443
EE87840,Breast cancer,5000000,14,0.7973608256770569
EE87840,Breast cancer,5000000,15,0.7771006577807426
EE87840,Breast cancer,5000000,16,0.7808476040451693
EE87840,Breast cancer,5000000,17,0.7792774964466292
EE87840,Breast cancer,5000000,18,0.8037978402279369
EE87840,Breast cancer,5000000,19,0.7458159464603735
EE87840,Breast cancer,2000000,0,0.6582337230436027
EE87840,Breast cancer,2000000,1,0.5622396803516353
EE87840,Breast cancer,2000000,2,0.6378314013302365
EE87840,Breast cancer,2000000,3,0.5943101867149884
EE87840,Breast cancer,2000000,4,0.666009254985072
EE87840,Breast cancer,2000000,5,0.5879837954555873
EE87840,Breast cancer,2000000,6,0.5968050666187078
EE87840,Breast cancer,2000000,7,0.6646173496299462
EE87840,Breast cancer,2000000,8,0.6091359130820009
EE87840,Breast cancer,2000000,9,0.6314223943698191
EE87840,Breast cancer,2000000,10,0.6416578173015861
EE87840,Breast cancer,2000000,11,0.6134042279188938
EE87840,Breast cancer,2000000,12,0.6348416928242046
EE87840,Breast cancer,2000000,13,0.6126591073990603
EE87840,Breast cancer,2000000,14,0.6470127783755726
EE87840,Breast cancer,2000000,15,0.67004213040983
EE87840,Breast cancer,2000000,16,0.6169617531025421
EE87840,Breast cancer,2000000,17,0.6134791937339127
EE87840,Breast cancer,2000000,18,0.6205370384538261
EE87840,Breast cancer,2000000,19,0.6056615720575933
EE87840,Breast cancer,1000000,0,0.4792806855928843
EE87840,Breast cancer,1000000,1,0.5125899274131931
EE87840,Breast cancer,1000000,2,0.5407509840820129
EE87840,Breast cancer,1000000,3,0.4752745374164548
EE87840,Breast cancer,1000000,4,0.4756863381679329
EE87840,Breast cancer,1000000,5,0.5528294074327464
EE87840,Breast cancer,1000000,6,0.47238414869364664
EE87840,Breast cancer,1000000,7,0.5212718647991373
EE87840,Breast cancer,1000000,8,0.5259801210846453
EE87840,Breast cancer,1000000,9,0.4825739349712295
EE87840,Breast cancer,1000000,10,0.5085600428932111
EE87840,Breast cancer,1000000,11,0.4931138118363471
EE87840,Breast cancer,1000000,12,0.4700354233008093
EE87840,Breast cancer,1000000,13,0.5276833156796743
EE87840,Breast cancer,1000000,14,0.5194043631198327
EE87840,Breast cancer,1000000,15,0.5579848408749344
EE87840,Breast cancer,1000000,16,0.5087899292431317
EE87840,Breast cancer,1000000,17,0.4930103208836405
EE87840,Breast cancer,1000000,18,0.5216419434060684
EE87840,Breast cancer,1000000,19,0.4239576758632994
EE87841,Breast cancer,20000000,0,0.9543064510455576
EE87841,Breast cancer,20000000,1,0.954282870472302
EE87841,Breast cancer,20000000,2,0.9599551057152277
EE87841,Breast cancer,20000000,3,0.9508690939457857
EE87841,Breast cancer,20000000,4,0.9568652689423008
EE87841,Breast cancer,20000000,5,0.9510619074729574
EE87841,Breast cancer,20000000,6,0.9536181197814955
EE87841,Breast cancer,20000000,7,0.9529084878338573
EE87841,Breast cancer,20000000,8,0.9493073695153998
EE87841,Breast cancer,20000000,9,0.9477095576883744
EE87841,Breast cancer,20000000,10,0.9563776331097305
EE87841,Breast cancer,20000000,11,0.9517529746046347
EE87841,Breast cancer,20000000,12,0.9547228240407202
EE87841,Breast cancer,20000000,13,0.953585159090702
EE87841,Breast cancer,20000000,14,0.9535422971647294
EE87841,Breast cancer,20000000,15,0.9579825451646146
EE87841,Breast cancer,20000000,16,0.957279883165425
EE87841,Breast cancer,20000000,17,0.9535878298186121
EE87841,Breast cancer,20000000,18,0.9517887363027486
EE87841,Breast cancer,20000000,19,0.9506087460249921
EE87841,Breast cancer,10000000,0,0.8958323616660653
EE87841,Breast cancer,10000000,1,0.905928281606897
EE87841,Breast cancer,10000000,2,0.8897314420237082
EE87841,Breast cancer,10000000,3,0.8900496494832468
EE87841,Breast cancer,10000000,4,0.9092720507672807
EE87841,Breast cancer,10000000,5,0.8939199250632834
EE87841,Breast cancer,10000000,6,0.8839608276514277
EE87841,Breast cancer,10000000,7,0.8898436777356397
EE87841,Breast cancer,10000000,8,0.9023424237963161
EE87841,Breast cancer,10000000,9,0.9065931803939912
EE87841,Breast cancer,10000000,10,0.8910679133537699
EE87841,Breast cancer,10000000,11,0.9047260810259764
EE87841,Breast cancer,10000000,12,0.9008911763058233
EE87841,Breast cancer,10000000,13,0.8978782695246497
EE87841,Breast cancer,10000000,14,0.8803257897212152
EE87841,Breast cancer,10000000,15,0.8932547835342459
EE87841,Breast cancer,10000000,16,0.8989141862552616
EE87841,Breast cancer,10000000,17,0.9031716522425647
EE87841,Breast cancer,10000000,18,0.8889273575036383
EE87841,Breast cancer,10000000,19,0.9036416352150458
EE87841,Breast cancer,5000000,0,0.8191590470308368
EE87841,Breast cancer,5000000,1,0.8158860313039314
EE87841,Breast cancer,5000000,2,0.7807957726936963
EE87841,Breast cancer,5000000,3,0.8250211378343134
EE87841,Breast cancer,5000000,4,0.8089345425586119
EE87841,Breast cancer,5000000,5,0.8015145437666278
EE87841,Breast cancer,5000000,6,0.8341664918751248
EE87841,Breast cancer,5000000,7,0.7885570836914458
EE87841,Breast cancer,5000000,8,0.8080224106641515
EE87841,Breast cancer,5000000,9,0.8053403484453108
EE87841,Breast cancer,5000000,10,0.832596293830759
EE87841,Breast cancer,5000000,11,0.822425385724764
EE87841,Breast cancer,5000000,12,0.8171468548596176
EE87841,Breast cancer,5000000,13,0.8238829651835274
EE87841,Breast cancer,5000000,14,0.7989427174461068
EE87841,Breast cancer,5000000,15,0.8082091142206673
EE87841,Breast cancer,5000000,16,0.8111665545910881
EE87841,Breast cancer,5000000,17,0.8416010818402228
EE87841,Breast cancer,5000000,18,0.819139934417345
EE87841,Breast cancer,5000000,19,0.7997527948190485
EE87841,Breast cancer,2000000,0,0.6544330607198633
EE87841,Breast cancer,2000000,1,0.6151493207328831
EE87841,Breast cancer,2000000,2,0.6846112443607132
EE87841,Breast cancer,2000000,3,0.6541073703867122
EE87841,Breast cancer,2000000,4,0.6891309628744552
EE87841,Breast cancer,2000000,5,0.6233078087724833
EE87841,Breast cancer,2000000,6,0.6783984587944535
EE87841,Breast cancer,2000000,7,0.6547795713869218
EE87841,Breast cancer,2000000,8,0.7049811374132415
EE87841,Breast cancer,2000000,9,0.6466843775016706
EE87841,Breast cancer,2000000,10,0.6548449278404305
EE87841,Breast cancer,2000000,11,0.6714996746760175
EE87841,Breast cancer,2000000,12,0.615716582354175
EE87841,Breast cancer,2000000,13,0.6482665012682628
EE87841,Breast cancer,2000000,14,0.6421559836783353
EE87841,Breast cancer,2000000,15,0.6463928878382007
EE87841,Breast cancer,2000000,16,0.6698457125246179
EE87841,Breast cancer,2000000,17,0.6060566779382379
EE87841,Breast cancer,2000000,18,0.6834427254310658
EE87841,Breast cancer,2000000,19,0.6237803973639536
EE87841,Breast cancer,1000000,0,0.5156453225741726
EE87841,Breast cancer,1000000,1,0.4821569857729561
EE87841,Breast cancer,1000000,2,0.4955719973993714
EE87841,Breast cancer,1000000,3,0.5799719518168749
EE87841,Breast cancer,1000000,4,0.543766257043134
EE87841,Breast cancer,1000000,5,0.5326098221444787
EE87841,Breast cancer,1000000,6,0.5556756623308419
EE87841,Breast cancer,1000000,7,0.48988528473398657
EE87841,Breast cancer,1000000,8,0.5708259639281401
EE87841,Breast cancer,1000000,9,0.4886415787002378
EE87841,Breast cancer,1000000,10,0.5584910477028883
EE87841,Breast cancer,1000000,11,0.5476773996175088
EE87841,Breast cancer,1000000,12,0.5266657234436181
EE87841,Breast cancer,1000000,13,0.5801640446031252
EE87841,Breast cancer,1000000,14,0.5329847056031161
EE87841,Breast cancer,1000000,15,0.5792033315056292
EE87841,Breast cancer,1000000,16,0.5363523873280087
EE87841,Breast cancer,1000000,17,0.5656558389210893
EE87841,Breast cancer,1000000,18,0.5331101689989872
EE87841,Breast cancer,1000000,19,0.5437096626368518
EE87842,Breast cancer,20000000,0,0.9468403986028837
EE87842,Breast cancer,20000000,1,0.9311132787795895
EE87842,Breast cancer,20000000,2,0.9438297065716845
EE87842,Breast cancer,20000000,3,0.9362224963880035
EE87842,Breast cancer,20000000,4,0.9417273225887562
EE87842,Breast cancer,20000000,5,0.923835725480438
EE87842,Breast cancer,20000000,6,0.9317699369838494
EE87842,Breast cancer,20000000,7,0.9316967850949934
EE87842,Breast cancer,20000000,8,0.9320775266714524
EE87842,Breast cancer,20000000,9,0.9360131373757299
EE87842,Breast cancer,20000000,10,0.9426859836290894
EE87842,Breast cancer,20000000,11,0.9466357947890843
EE87842,Breast cancer,20000000,12,0.9410083756632851
EE87842,Breast cancer,20000000,13,0.9395181746291272
EE87842,Breast cancer,20000000,14,0.9293072001521665
EE87842,Breast cancer,20000000,15,0.9178586364175247
EE87842,Breast cancer,20000000,16,0.9368004158518777
EE87842,Breast cancer,20000000,17,0.9368893315493739
EE87842,Breast cancer,20000000,18,0.9390337306421083
EE87842,Breast cancer,20000000,19,0.9414107436218458
EE87842,Breast cancer,10000000,0,0.8571163825055598
EE87842,Breast cancer,10000000,1,0.8618278722375882
EE87842,Breast cancer,10000000,2,0.8754585326411568
EE87842,Breast cancer,10000000,3,0.8433649347756134
EE87842,Breast cancer,10000000,4,0.8802674245454226
EE87842,Breast cancer,10000000,5,0.8552860870709412
EE87842,Breast cancer,10000000,6,0.838603613169164
EE87842,Breast cancer,10000000,7,0.8607887636614248
EE87842,Breast cancer,10000000,8,0.8668673403849235
EE87842,Breast cancer,10000000,9,0.8465516994297673
EE87842,Breast cancer,10000000,10,0.862116245712179
EE87842,Breast cancer,10000000,11,0.8578131167915829
EE87842,Breast cancer,10000000,12,0.8364454044589432
EE87842,Breast cancer,10000000,13,0.8685368851713515
EE87842,Breast cancer,10000000,14,0.8633585901683342
EE87842,Breast cancer,10000000,15,0.8578010659461348
EE87842,Breast cancer,10000000,16,0.861530881782035
EE87842,Breast cancer,10000000,17,0.8625395701323311
EE87842,Breast cancer,10000000,18,0.8583071502927242
EE87842,Breast cancer,10000000,19,0.8679763438646867
EE87842,Breast cancer,5000000,0,0.7628907165136556
EE87842,Breast cancer,5000000,1,0.7670460837357883
EE87842,Breast cancer,5000000,2,0.769191537590032
EE87842,Breast cancer,5000000,3,0.705927640366918
EE87842,Breast cancer,5000000,4,0.77600160074314
EE87842,Breast cancer,5000000,5,0.7717588236902496
EE87842,Breast cancer,5000000,6,0.7283353157516927
EE87842,Breast cancer,5000000,7,0.7380641381506341
EE87842,Breast cancer,5000000,8,0.7694713000973188
EE87842,Breast cancer,5000000,9,0.7606631743099427
EE87842,Breast cancer,5000000,10,0.7742445023471307
EE87842,Breast cancer,5000000,11,0.778948084957809
EE87842,Breast cancer,5000000,12,0.7605607219394555
EE87842,Breast cancer,5000000,13,0.7674450042134816
EE87842,Breast cancer,5000000,14,0.7658877618742445
EE87842,Breast cancer,5000000,15,0.777044878277421
EE87842,Breast cancer,5000000,16,0.7184537527635521
EE87842,Breast cancer,5000000,17,0.7771418387300795
EE87842,Breast cancer,5000000,18,0.7567773303403812
EE87842,Breast cancer,5000000,19,0.7642425359668883
EE87842,Breast cancer,2000000,0,0.5617582642350303
EE87842,Breast cancer,2000000,1,0.5558776062681859
EE87842,Breast cancer,2000000,2,0.5693846269669574
EE87842,Breast cancer,2000000,3,0.6033518974457341
EE87842,Breast cancer,2000000,4,0.6036127199352733
EE87842,Breast cancer,2000000,5,0.5429681064909191
EE87842,Breast cancer,2000000,6,0.5542313991192551
EE87842,Breast cancer,2000000,7,0.655778564068368
EE87842,Breast cancer,2000000,8,0.5785699215177252
EE87842,Breast cancer,2000000,9,0.5815134872745357
EE87842,Breast cancer,2000000,10,0.5824479761745016
EE87842,Breast cancer,2000000,11,0.6103854131080736
EE87842,Breast cancer,2000000,12,0.593164659161281
EE87842,Breast cancer,2000000,13,0.5743147677127748
EE87842,Breast cancer,2000000,14,0.5443218722979901
EE87842,Breast cancer,2000000,15,0.5947028259787187
EE87842,Breast cancer,2000000,16,0.5438484430934398
EE87842,Breast cancer,2000000,17,0.5983379342595736
EE87842,Breast cancer,2000000,18,0.5879049399920794
EE87842,Breast cancer,2000000,19,0.6322814328619274
EE87842,Breast cancer,1000000,0,0.4992708260458322
EE87842,Breast cancer,1000000,1,0.45243294395526024
EE87842,Breast cancer,1000000,2,0.48934059235234934
EE87842,Breast cancer,1000000,3,0.48878067734556957
EE87842,Breast cancer,1000000,4,0.43741062117809254
EE87842,Breast cancer,1000000,5,0.4659387194867313
EE87842,Breast cancer,1000000,6,0.4706724456236938
EE87842,Breast cancer,1000000,7,0.4923363116951504
EE87842,Breast cancer,1000000,8,0.4263432474964035
EE87842,Breast cancer,1000000,9,0.507932854941758
EE87842,Breast cancer,1000000,10,0.477393005599948
EE87842,Breast cancer,1000000,11,0.45621360277553397
EE87842,Breast cancer,1000000,12,0.4898035656375468
EE87842,Breast cancer,1000000,13,0.47184940944975257
EE87842,Breast cancer,1000000,14,0.48571167779945185
EE87842,Breast cancer,1000000,15,0.4920754521807871
EE87842,Breast cancer,1000000,16,0.4337975433372473
EE87842,Breast cancer,1000000,17,0.49210008249296083
EE87842,Breast cancer,1000000,18,0.4611526590326046
EE87842,Breast cancer,1000000,19,0.48721391226713395
EE87843,Breast cancer,20000000,0,0.9324516239979886
EE87843,Breast cancer,20000000,1,0.9404931857354469
EE87843,Breast cancer,20000000,2,0.9501787433508647
EE87843,Breast cancer,20000000,3,0.9482584248437625
EE87843,Breast cancer,20000000,4,0.9431148634476363
EE87843,Breast cancer,20000000,5,0.9377889108771583
EE87843,Breast cancer,20000000,6,0.9483698137395273
EE87843,Breast cancer,20000000,7,0.9454451061190937
EE87843,Breast cancer,20000000,8,0.9457701532476706
EE87843,Breast cancer,20000000,9,0.9460531201267359
EE87843,Breast cancer,20000000,10,0.9476718417991067
EE87843,Breast cancer,20000000,11,0.9456169446612149
EE87843,Breast cancer,20000000,12,0.9436279037652053
EE87843,Breast cancer,20000000,13,0.9474244411990396
EE87843,Breast cancer,20000000,14,0.9484379498710886
EE87843,Breast cancer,20000000,15,0.9516367002309856
EE87843,Breast cancer,20000000,16,0.9478940984729952
EE87843,Breast cancer,20000000,17,0.9415556794657503
EE87843,Breast cancer,20000000,18,0.9491157936426254
EE87843,Breast cancer,20000000,19,0.9432141363582476
EE87843,Breast cancer,10000000,0,0.85407075693104
EE87843,Breast cancer,10000000,1,0.856463422101381
EE87843,Breast cancer,10000000,2,0.8791031825957132
EE87843,Breast cancer,10000000,3,0.873811377460675
EE87843,Breast cancer,10000000,4,0.8700883033842683
EE87843,Breast cancer,10000000,5,0.8542190149023201
EE87843,Breast cancer,10000000,6,0.8692219453060981
EE87843,Breast cancer,10000000,7,0.8660533546296744
EE87843,Breast cancer,10000000,8,0.8571348821818154
EE87843,Breast cancer,10000000,9,0.8672593326837711
EE87843,Breast cancer,10000000,10,0.8402936628186471
EE87843,Breast cancer,10000000,11,0.8631429266608823
EE87843,Breast cancer,10000000,12,0.8672936146152654
EE87843,Breast cancer,10000000,13,0.8714121843722713
EE87843,Breast cancer,10000000,14,0.856884615434723
EE87843,Breast cancer,10000000,15,0.8381977276665264
EE87843,Breast cancer,10000000,16,0.8535718054511512
EE87843,Breast cancer,10000000,17,0.8509510396948337
EE87843,Breast cancer,10000000,18,0.8578697231953373
EE87843,Breast cancer,10000000,19,0.8535342198412936
EE87843,Breast cancer,5000000,0,0.7526490080191387
EE87843,Breast cancer,5000000,1,0.7401836213406733
EE87843,Breast cancer,5000000,2,0.7497152743488962
EE87843,Breast cancer,5000000,3,0.7562474637244713
EE87843,Breast cancer,5000000,4,0.7379249225814605
EE87843,Breast cancer,5000000,5,0.7841444095150871
EE87843,Breast cancer,5000000,6,0.7049037399604651
EE87843,Breast cancer,5000000,7,0.7372829056477427
EE87843,Breast cancer,5000000,8,0.7395597458046733
EE87843,Breast cancer,5000000,9,0.7504875706928651
EE87843,Breast cancer,5000000,10,0.7284719137133411
EE87843,Breast cancer,5000000,11,0.7041000233200145
EE87843,Breast cancer,5000000,12,0.7348742347713141
EE87843,Breast cancer,5000000,13,0.7307056193418024
EE87843,Breast cancer,5000000,14,0.7320441544938606
EE87843,Breast cancer,5000000,15,0.7183014469580885
EE87843,Breast cancer,5000000,16,0.747455504281562
EE87843,Breast cancer,5000000,17,0.7209616783741196
EE87843,Breast cancer,5000000,18,0.718224907802073
EE87843,Breast cancer,5000000,19,0.7583643289763558
EE87843,Breast cancer,2000000,0,0.5717620123168825
EE87843,Breast cancer,2000000,1,0.5314388903958787
EE87843,Breast cancer,2000000,2,0.5138074520411352
EE87843,Breast cancer,2000000,3,0.5769865054623893
EE87843,Breast cancer,2000000,4,0.5353727448244782
EE87843,Breast cancer,2000000,5,0.5939497977379468
EE87843,Breast cancer,2000000,6,0.5551238873465378
EE87843,Breast cancer,2000000,7,0.5754533259503992
EE87843,Breast cancer,2000000,8,0.5535930625165054
EE87843,Breast cancer,2000000,9,0.5940300172900344
EE87843,Breast cancer,2000000,10,0.5366086946071068
EE87843,Breast cancer,2000000,11,0.5608171176988855
EE87843,Breast cancer,2000000,12,0.5827828783797049
EE87843,Breast cancer,2000000,13,0.5676884915077367
EE87843,Breast cancer,2000000,14,0.5588623296905951
EE87843,Breast cancer,2000000,15,0.5572981585850989
EE87843,Breast cancer,2000000,16,0.6032449540584305
EE87843,Breast cancer,2000000,17,0.6072392133084199
EE87843,Breast cancer,2000000,18,0.5501383510407224
EE87843,Breast cancer,2000000,19,0.5769968902304774
EE87843,Breast cancer,1000000,0,0.41449724014442063
EE87843,Breast cancer,1000000,1,0.41289328023231187
EE87843,Breast cancer,1000000,2,0.43259933450648946
EE87843,Breast cancer,1000000,3,0.4212739540519813
EE87843,Breast cancer,1000000,4,0.4138326488776808
EE87843,Breast cancer,1000000,5,0.4012365732595229
EE87843,Breast cancer,1000000,6,0.40708026426860344
EE87843,Breast cancer,1000000,7,0.44688570398342087
EE87843,Breast cancer,1000000,8,0.42127792071422354
EE87843,Breast cancer,1000000,9,0.4579021619986805
EE87843,Breast cancer,1000000,10,0.39500670222513695
EE87843,Breast cancer,1000000,11,0.41766913716672205
EE87843,Breast cancer,1000000,12,0.4103041593421923
EE87843,Breast cancer,1000000,13,0.45446245174043454
EE87843,Breast cancer,1000000,14,0.4496074590459876
EE87843,Breast cancer,1000000,15,0.4875089951842123
EE87843,Breast cancer,1000000,16,0.4017435562267351
EE87843,Breast cancer,1000000,17,0.3842993829981074
EE87843,Breast cancer,1000000,18,0.3876492945336061
EE87843,Breast cancer,1000000,19,0.45132400125556943
EE87844,Breast cancer,20000000,0,0.9747575825873753
EE87844,Breast cancer,20000000,1,0.9649874084949993
EE87844,Breast cancer,20000000,2,0.968055879444645
EE87844,Breast cancer,20000000,3,0.9753545879848512
EE87844,Breast cancer,20000000,4,0.961619816019417
EE87844,Breast cancer,20000000,5,0.96479322703402
EE87844,Breast cancer,20000000,6,0.9710097696529749
EE87844,Breast cancer,20000000,7,0.9694273959360643
EE87844,Breast cancer,20000000,8,0.9685308130347157
EE87844,Breast cancer,20000000,9,0.970128038604395
EE87844,Breast cancer,20000000,10,0.9678768103952549
EE87844,Breast cancer,20000000,11,0.9769443876281462
EE87844,Breast cancer,20000000,12,0.9680965266206435
EE87844,Breast cancer,20000000,13,0.975226327905459
EE87844,Breast cancer,20000000,14,0.9721322570516989
EE87844,Breast cancer,20000000,15,0.9699867505839777
EE87844,Breast cancer,20000000,16,0.9647389005199453
EE87844,Breast cancer,20000000,17,0.9717982206438149
EE87844,Breast cancer,20000000,18,0.9665886075866914
EE87844,Breast cancer,20000000,19,0.9730216745854835
EE87844,Breast cancer,10000000,0,0.900557009618529
EE87844,Breast cancer,10000000,1,0.9013196652861392
EE87844,Breast cancer,10000000,2,0.8966852358252746
EE87844,Breast cancer,10000000,3,0.8907653394234616
EE87844,Breast cancer,10000000,4,0.9049671126722639
EE87844,Breast cancer,10000000,5,0.8942946086471658
EE87844,Breast cancer,10000000,6,0.9085066236822771
EE87844,Breast cancer,10000000,7,0.8922429830246416
EE87844,Breast cancer,10000000,8,0.8996474639158604
EE87844,Breast cancer,10000000,9,0.9095944923076524
EE87844,Breast cancer,10000000,10,0.9059519451367348
EE87844,Breast cancer,10000000,11,0.9004537631859048
EE87844,Breast cancer,10000000,12,0.90952583505845
EE87844,Breast cancer,10000000,13,0.8987533563233068
EE87844,Breast cancer,10000000,14,0.9028408076802318
EE87844,Breast cancer,10000000,15,0.9099897600383544
EE87844,Breast cancer,10000000,16,0.8984524760253316
EE87844,Breast cancer,10000000,17,0.9110240453784051
EE87844,Breast cancer,10000000,18,0.898058967066668
EE87844,Breast cancer,10000000,19,0.9109996208869161
EE87844,Breast cancer,5000000,0,0.7877772636988355
EE87844,Breast cancer,5000000,1,0.8137935870544477
EE87844,Breast cancer,5000000,2,0.7952385481141405
EE87844,Breast cancer,5000000,3,0.8373207139481283
EE87844,Breast cancer,5000000,4,0.7833167034361395
EE87844,Breast cancer,5000000,5,0.803867468184709
EE87844,Breast cancer,5000000,6,0.8283757023688707
EE87844,Breast cancer,5000000,7,0.8059376926659484
EE87844,Breast cancer,5000000,8,0.783360127465375
EE87844,Breast cancer,5000000,9,0.821116332384346
EE87844,Breast cancer,5000000,10,0.803343673393668
EE87844,Breast cancer,5000000,11,0.80465036922244
EE87844,Breast cancer,5000000,12,0.8332816992604037
EE87844,Breast cancer,5000000,13,0.8036173381050339
EE87844,Breast cancer,5000000,14,0.8135247096645942
EE87844,Breast cancer,5000000,15,0.8250566389736067
EE87844,Breast cancer,5000000,16,0.8135291910560579
EE87844,Breast cancer,5000000,17,0.8250439367311072
EE87844,Breast cancer,5000000,18,0.8084951884066698
EE87844,Breast cancer,5000000,19,0.7963179585659033
EE87844,Breast cancer,2000000,0,0.6731503803141303
EE87844,Breast cancer,2000000,1,0.6302641760455376
EE87844,Breast cancer,2000000,2,0.6940793657946095
EE87844,Breast cancer,2000000,3,0.6623451572111073
EE87844,Breast cancer,2000000,4,0.6661364728675129
EE87844,Breast cancer,2000000,5,0.6481932516662704
EE87844,Breast cancer,2000000,6,0.6937263325036414
EE87844,Breast cancer,2000000,7,0.6687968112287346
EE87844,Breast cancer,2000000,8,0.606324944962241
EE87844,Breast cancer,2000000,9,0.6378752195798507
EE87844,Breast cancer,2000000,10,0.6825863670335509
EE87844,Breast cancer,2000000,11,0.6750217029226704
EE87844,Breast cancer,2000000,12,0.652739656347989
EE87844,Breast cancer,2000000,13,0.669551650487385
EE87844,Breast cancer,2000000,14,0.6479172441708841
EE87844,Breast cancer,2000000,15,0.6864740129363569
EE87844,Breast cancer,2000000,16,0.6877927663525276
EE87844,Breast cancer,2000000,17,0.6335633069059375
EE87844,Breast cancer,2000000,18,0.6459534112648566
EE87844,Breast cancer,2000000,19,0.667772478390921
EE87844,Breast cancer,1000000,0,0.5695024178886282
EE87844,Breast cancer,1000000,1,0.562095859965512
EE87844,Breast cancer,1000000,2,0.505181033855234
EE87844,Breast cancer,1000000,3,0.5281273523069825
EE87844,Breast cancer,1000000,4,0.547063434463973
EE87844,Breast cancer,1000000,5,0.47378509909111477
EE87844,Breast cancer,1000000,6,0.5508844891457321
EE87844,Breast cancer,1000000,7,0.5200192403238474
EE87844,Breast cancer,1000000,8,0.4626575367281329
EE87844,Breast cancer,1000000,9,0.5311925009581581
EE87844,Breast cancer,1000000,10,0.5329784586355553
EE87844,Breast cancer,1000000,11,0.5335865010057385
EE87844,Breast cancer,1000000,12,0.5123870279635611
EE87844,Breast cancer,1000000,13,0.5082922369580992
EE87844,Breast cancer,1000000,14,0.4932440671725981
EE87844,Breast cancer,1000000,15,0.5226386816021047
EE87844,Breast cancer,1000000,16,0.51349190957364
EE87844,Breast cancer,1000000,17,0.5102800252429626
EE87844,Breast cancer,1000000,18,0.5274452350053738
EE87844,Breast cancer,1000000,19,0.524356851054461
EE87845,Breast cancer,20000000,0,0.9297350377354312
EE87845,Breast cancer,20000000,1,0.943132824795247
EE87845,Breast cancer,20000000,2,0.9444352452705318
EE87845,Breast cancer,20000000,3,0.9406650894172733
EE87845,Breast cancer,20000000,4,0.9363510821659213
EE87845,Breast cancer,20000000,5,0.9354284433825225
EE87845,Breast cancer,20000000,6,0.9447787269356589
EE87845,Breast cancer,20000000,7,0.9432151785935295
EE87845,Breast cancer,20000000,8,0.9294593013636347
EE87845,Breast cancer,20000000,9,0.9338892572901103
EE87845,Breast cancer,20000000,10,0.9222039107273371
EE87845,Breast cancer,20000000,11,0.9435212049282097
EE87845,Breast cancer,20000000,12,0.945051010903084
EE87845,Breast cancer,20000000,13,0.9328235065745505
EE87845,Breast cancer,20000000,14,0.9363329733278963
EE87845,Breast cancer,20000000,15,0.9470955508278607
EE87845,Breast cancer,20000000,16,0.94090193738511
EE87845,Breast cancer,20000000,17,0.9353713810008326
EE87845,Breast cancer,20000000,18,0.940382122538208
EE87845,Breast cancer,20000000,19,0.9373798335289696
EE87845,Breast cancer,10000000,0,0.8479248582222082
EE87845,Breast cancer,10000000,1,0.8633559194404239
EE87845,Breast cancer,10000000,2,0.8527145017919933
EE87845,Breast cancer,10000000,3,0.8698792049308152
EE87845,Breast cancer,10000000,4,0.8623352454008111
EE87845,Breast cancer,10000000,5,0.8699425348911475
EE87845,Breast cancer,10000000,6,0.8446646673119841
EE87845,Breast cancer,10000000,7,0.8764493258691918
EE87845,Breast cancer,10000000,8,0.8662023758111911
EE87845,Breast cancer,10000000,9,0.8637728786929327
EE87845,Breast cancer,10000000,10,0.8692321071000977
EE87845,Breast cancer,10000000,11,0.8634854171742137
EE87845,Breast cancer,10000000,12,0.842010875725168
EE87845,Breast cancer,10000000,13,0.8637436309653315
EE87845,Breast cancer,10000000,14,0.879365565327959
EE87845,Breast cancer,10000000,15,0.8741998055286645
EE87845,Breast cancer,10000000,16,0.8789697113399108
EE87845,Breast cancer,10000000,17,0.8617289716285477
EE87845,Breast cancer,10000000,18,0.8606481270380585
EE87845,Breast cancer,10000000,19,0.8692875409891595
EE87845,Breast cancer,5000000,0,0.764941986007698
EE87845,Breast cancer,5000000,1,0.758288453568556
EE87845,Breast cancer,5000000,2,0.7546463948861163
EE87845,Breast cancer,5000000,3,0.7926385096921126
EE87845,Breast cancer,5000000,4,0.7810705121197392
EE87845,Breast cancer,5000000,5,0.7542678151969573
EE87845,Breast cancer,5000000,6,0.7730805083287712
EE87845,Breast cancer,5000000,7,0.7654695975235712
EE87845,Breast cancer,5000000,8,0.7780625884770239
EE87845,Breast cancer,5000000,9,0.7515676969526296
EE87845,Breast cancer,5000000,10,0.7646394446423154
EE87845,Breast cancer,5000000,11,0.7745767348100192
EE87845,Breast cancer,5000000,12,0.7579045077978741
EE87845,Breast cancer,5000000,13,0.7371082129623491
EE87845,Breast cancer,5000000,14,0.7336324114328
EE87845,Breast cancer,5000000,15,0.7729672807305771
EE87845,Breast cancer,5000000,16,0.7346252176419367
EE87845,Breast cancer,5000000,17,0.7690181883084651
EE87845,Breast cancer,5000000,18,0.7673360656291661
EE87845,Breast cancer,5000000,19,0.7389474977062275
EE87845,Breast cancer,2000000,0,0.6000220888754483
EE87845,Breast cancer,2000000,1,0.5894833900265901
EE87845,Breast cancer,2000000,2,0.5917180690890318
EE87845,Breast cancer,2000000,3,0.574303945168521
EE87845,Breast cancer,2000000,4,0.610815708876583
EE87845,Breast cancer,2000000,5,0.607897668128836
EE87845,Breast cancer,2000000,6,0.5946022828405828
EE87845,Breast cancer,2000000,7,0.6045714234533105
EE87845,Breast cancer,2000000,8,0.5657772132770752
EE87845,Breast cancer,2000000,9,0.6117181516815927
EE87845,Breast cancer,2000000,10,0.5560472789927157
EE87845,Breast cancer,2000000,11,0.659924413837902
EE87845,Breast cancer,2000000,12,0.6357271917526924
EE87845,Breast cancer,2000000,13,0.5735709838300777
EE87845,Breast cancer,2000000,14,0.5833613054101994
EE87845,Breast cancer,2000000,15,0.6049039518242356
EE87845,Breast cancer,2000000,16,0.6586222166759388
EE87845,Breast cancer,2000000,17,0.6308306429819998
EE87845,Breast cancer,2000000,18,0.5769634597835105
EE87845,Breast cancer,2000000,19,0.5623782599860752
EE87845,Breast cancer,1000000,0,0.4732100225526757
EE87845,Breast cancer,1000000,1,0.44549265100265384
EE87845,Breast cancer,1000000,2,0.44843009381812776
EE87845,Breast cancer,1000000,3,0.4663226030196127
EE87845,Breast cancer,1000000,4,0.4368960978575716
EE87845,Breast cancer,1000000,5,0.5152289726850166
EE87845,Breast cancer,1000000,6,0.45701891302210473
EE87845,Breast cancer,1000000,7,0.5211599802177418
EE87845,Breast cancer,1000000,8,0.4763688303092634
EE87845,Breast cancer,1000000,9,0.49881777926065685
EE87845,Breast cancer,1000000,10,0.4435620219182034
EE87845,Breast cancer,1000000,11,0.533978194805864
EE87845,Breast cancer,1000000,12,0.5336679082675895
EE87845,Breast cancer,1000000,13,0.5540440859154201
EE87845,Breast cancer,1000000,14,0.541433245250336
EE87845,Breast cancer,1000000,15,0.5128725210427534
EE87845,Breast cancer,1000000,16,0.46083685672681735
EE87845,Breast cancer,1000000,17,0.45010636663836084
EE87845,Breast cancer,1000000,18,0.5103266071095396
EE87845,Breast cancer,1000000,19,0.4508448996234488
EE87846,Breast cancer,20000000,0,0.9288350024297112
EE87846,Breast cancer,20000000,1,0.9314539442742851
EE87846,Breast cancer,20000000,2,0.9301175380839286
EE87846,Breast cancer,20000000,3,0.9364577810029171
EE87846,Breast cancer,20000000,4,0.9269574155691713
EE87846,Breast cancer,20000000,5,0.9223890377693039
EE87846,Breast cancer,20000000,6,0.9252573344050987
EE87846,Breast cancer,20000000,7,0.9434323543704184
EE87846,Breast cancer,20000000,8,0.9293664772838308
EE87846,Breast cancer,20000000,9,0.9390472797007743
EE87846,Breast cancer,20000000,10,0.9314878972298674
EE87846,Breast cancer,20000000,11,0.9264243122224235
EE87846,Breast cancer,20000000,12,0.9329527437495196
EE87846,Breast cancer,20000000,13,0.9358367390542498
EE87846,Breast cancer,20000000,14,0.9301931001418745
EE87846,Breast cancer,20000000,15,0.9269763712233628
EE87846,Breast cancer,20000000,16,0.9406700400348629
EE87846,Breast cancer,20000000,17,0.9227829375661982
EE87846,Breast cancer,20000000,18,0.9317489619987989
EE87846,Breast cancer,20000000,19,0.9364095776211242
EE87846,Breast cancer,10000000,0,0.8354380189191761
EE87846,Breast cancer,10000000,1,0.8387060127856213
EE87846,Breast cancer,10000000,2,0.8394856699162696
EE87846,Breast cancer,10000000,3,0.8420593859485089
EE87846,Breast cancer,10000000,4,0.8349572227556442
EE87846,Breast cancer,10000000,5,0.8331253639681024
EE87846,Breast cancer,10000000,6,0.8306089329759488
EE87846,Breast cancer,10000000,7,0.8525595296313857
EE87846,Breast cancer,10000000,8,0.8430924553890731
EE87846,Breast cancer,10000000,9,0.8391905030086485
EE87846,Breast cancer,10000000,10,0.8468716794525869
EE87846,Breast cancer,10000000,11,0.8547000251439263
EE87846,Breast cancer,10000000,12,0.8435417239353242
EE87846,Breast cancer,10000000,13,0.8257699187447319
EE87846,Breast cancer,10000000,14,0.8398871259189585
EE87846,Breast cancer,10000000,15,0.8317013584185475
EE87846,Breast cancer,10000000,16,0.8445939531005187
EE87846,Breast cancer,10000000,17,0.8351230684448938
EE87846,Breast cancer,10000000,18,0.8402712547600841
EE87846,Breast cancer,10000000,19,0.8375021007554904
EE87846,Breast cancer,5000000,0,0.7493484767087365
EE87846,Breast cancer,5000000,1,0.735675216546372
EE87846,Breast cancer,5000000,2,0.7072914780329373
EE87846,Breast cancer,5000000,3,0.7580673289561956
EE87846,Breast cancer,5000000,4,0.742044618092423
EE87846,Breast cancer,5000000,5,0.7293462839752417
EE87846,Breast cancer,5000000,6,0.7094170517508902
EE87846,Breast cancer,5000000,7,0.7527709576053043
EE87846,Breast cancer,5000000,8,0.7393446424546726
EE87846,Breast cancer,5000000,9,0.7478965086420848
EE87846,Breast cancer,5000000,10,0.7534591911710166
EE87846,Breast cancer,5000000,11,0.7438544187471561
EE87846,Breast cancer,5000000,12,0.7220254071235709
EE87846,Breast cancer,5000000,13,0.7200518160315272
EE87846,Breast cancer,5000000,14,0.7009674451610794
EE87846,Breast cancer,5000000,15,0.7539812859161004
EE87846,Breast cancer,5000000,16,0.7189623544278183
EE87846,Breast cancer,5000000,17,0.7251865719250896
EE87846,Breast cancer,5000000,18,0.7039914161496598
EE87846,Breast cancer,5000000,19,0.6984998765358295
EE87846,Breast cancer,2000000,0,0.57832125067721
EE87846,Breast cancer,2000000,1,0.5740382683428488
EE87846,Breast cancer,2000000,2,0.5635516642543263
EE87846,Breast cancer,2000000,3,0.5714148036859377
EE87846,Breast cancer,2000000,4,0.5837731932992427
EE87846,Breast cancer,2000000,5,0.5182890578421343
EE87846,Breast cancer,2000000,6,0.6024098857711742
EE87846,Breast cancer,2000000,7,0.5319593240954051
EE87846,Breast cancer,2000000,8,0.5610091586918435
EE87846,Breast cancer,2000000,9,0.5427002492245118
EE87846,Breast cancer,2000000,10,0.580271021907708
EE87846,Breast cancer,2000000,11,0.5770407537043418
EE87846,Breast cancer,2000000,12,0.5772643639256837
EE87846,Breast cancer,2000000,13,0.531182226707025
EE87846,Breast cancer,2000000,14,0.5376138503697896
EE87846,Breast cancer,2000000,15,0.5699589219235147
EE87846,Breast cancer,2000000,16,0.603294512455007
EE87846,Breast cancer,2000000,17,0.574839793770287
EE87846,Breast cancer,2000000,18,0.5724313227599324
EE87846,Breast cancer,2000000,19,0.5630400519476152
EE87846,Breast cancer,1000000,0,0.4597919079211096
EE87846,Breast cancer,1000000,1,0.4419726781233372
EE87846,Breast cancer,1000000,2,0.4454732322642928
EE87846,Breast cancer,1000000,3,0.3946615911530784
EE87846,Breast cancer,1000000,4,0.49816289626961757
EE87846,Breast cancer,1000000,5,0.4402806232073227
EE87846,Breast cancer,1000000,6,0.48406578858425536
EE87846,Breast cancer,1000000,7,0.4793358915001705
EE87846,Breast cancer,1000000,8,0.471901965503124
EE87846,Breast cancer,1000000,9,0.45754856785746023
EE87846,Breast cancer,1000000,10,0.4170229809001277
EE87846,Breast cancer,1000000,11,0.47592726831672694
EE87846,Breast cancer,1000000,12,0.4625819471886659
EE87846,Breast cancer,1000000,13,0.4396050448755703
EE87846,Breast cancer,1000000,14,0.44727299179919167
EE87846,Breast cancer,1000000,15,0.49746856442356224
EE87846,Breast cancer,1000000,16,0.41454631735060393
EE87846,Breast cancer,1000000,17,0.4918611836224733
EE87846,Breast cancer,1000000,18,0.45653302564806736
EE87846,Breast cancer,1000000,19,0.4629149589137
EE87847,Breast cancer,20000000,0,0.9514677929755949
EE87847,Breast cancer,20000000,1,0.9567274984659601
EE87847,Breast cancer,20000000,2,0.9502312459531959
EE87847,Breast cancer,20000000,3,0.9527812699897472
EE87847,Breast cancer,20000000,4,0.9529034720765627
EE87847,Breast cancer,20000000,5,0.9498951250747478
EE87847,Breast cancer,20000000,6,0.9507138660284714
EE87847,Breast cancer,20000000,7,0.9533352661369823
EE87847,Breast cancer,20000000,8,0.9444388930940188
EE87847,Breast cancer,20000000,9,0.9525067712723478
EE87847,Breast cancer,20000000,10,0.9480602698607705
EE87847,Breast cancer,20000000,11,0.9446950224145726
EE87847,Breast cancer,20000000,12,0.9455679596029605
EE87847,Breast cancer,20000000,13,0.9393940183511579
EE87847,Breast cancer,20000000,14,0.9514692260491077
EE87847,Breast cancer,20000000,15,0.9508115104464547
EE87847,Breast cancer,20000000,16,0.9511968769419776
EE87847,Breast cancer,20000000,17,0.9554959672008556
EE87847,Breast cancer,20000000,18,0.9375140864612334
EE87847,Breast cancer,20000000,19,0.9462207245880241
EE87847,Breast cancer,10000000,0,0.8672412422923444
EE87847,Breast cancer,10000000,1,0.8865554905606055
EE87847,Breast cancer,10000000,2,0.847288234075622
EE87847,Breast cancer,10000000,3,0.8753115448941472
EE87847,Breast cancer,10000000,4,0.8552920938521814
EE87847,Breast cancer,10000000,5,0.8487879267593248
EE87847,Breast cancer,10000000,6,0.857338294872761
EE87847,Breast cancer,10000000,7,0.8289038685966673
EE87847,Breast cancer,10000000,8,0.8559624326292601
EE87847,Breast cancer,10000000,9,0.8631554194280474
EE87847,Breast cancer,10000000,10,0.8866437548610506
EE87847,Breast cancer,10000000,11,0.8502195208062733
EE87847,Breast cancer,10000000,12,0.8448858166108854
EE87847,Breast cancer,10000000,13,0.845090084635375
EE87847,Breast cancer,10000000,14,0.8483785424600142
EE87847,Breast cancer,10000000,15,0.857943787040065
EE87847,Breast cancer,10000000,16,0.8687653159731679
EE87847,Breast cancer,10000000,17,0.859704071291891
EE87847,Breast cancer,10000000,18,0.8734147743595592
EE87847,Breast cancer,10000000,19,0.871806623665776
EE87847,Breast cancer,5000000,0,0.766381007346456
EE87847,Breast cancer,5000000,1,0.7077747399875308
EE87847,Breast cancer,5000000,2,0.7635267157472633
EE87847,Breast cancer,5000000,3,0.7513974869003646
EE87847,Breast cancer,5000000,4,0.7797201207429575
EE87847,Breast cancer,5000000,5,0.7353975139984823
EE87847,Breast cancer,5000000,6,0.7376084738939604
EE87847,Breast cancer,5000000,7,0.760025326317353
EE87847,Breast cancer,5000000,8,0.7903646650972341
EE87847,Breast cancer,5000000,9,0.7368362426896967
EE87847,Breast cancer,5000000,10,0.7738850362372182
EE87847,Breast cancer,5000000,11,0.7289403333328992
EE87847,Breast cancer,5000000,12,0.7721340809634424
EE87847,Breast cancer,5000000,13,0.7399137595873847
EE87847,Breast cancer,5000000,14,0.7379219912947299
EE87847,Breast cancer,5000000,15,0.7859506090864008
EE87847,Breast cancer,5000000,16,0.7453038628057473
EE87847,Breast cancer,5000000,17,0.7318105190201426
EE87847,Breast cancer,5000000,18,0.7464298269382896
EE87847,Breast cancer,5000000,19,0.7529226882895748
EE87847,Breast cancer,2000000,0,0.5932638017973257
EE87847,Breast cancer,2000000,1,0.6279993353795779
EE87847,Breast cancer,2000000,2,0.5762598532356801
EE87847,Breast cancer,2000000,3,0.5737940643714005
EE87847,Breast cancer,2000000,4,0.5948017599967808
EE87847,Breast cancer,2000000,5,0.551988789326286
EE87847,Breast cancer,2000000,6,0.5968614124673118
EE87847,Breast cancer,2000000,7,0.6273840953141373
EE87847,Breast cancer,2000000,8,0.6045676582292784
EE87847,Breast cancer,2000000,9,0.5793001565274725
EE87847,Breast cancer,2000000,10,0.6277745689233183
EE87847,Breast cancer,2000000,11,0.6125975078297521
EE87847,Breast cancer,2000000,12,0.6204049452307784
EE87847,Breast cancer,2000000,13,0.5809201023631565
EE87847,Breast cancer,2000000,14,0.6020664335142776
EE87847,Breast cancer,2000000,15,0.5646973977096189
EE87847,Breast cancer,2000000,16,0.594334704746847
EE87847,Breast cancer,2000000,17,0.545045038736472
EE87847,Breast cancer,2000000,18,0.5790353636002642
EE87847,Breast cancer,2000000,19,0.5481688193901767
EE87847,Breast cancer,1000000,0,0.4991664639328664
EE87847,Breast cancer,1000000,1,0.4396881370461908
EE87847,Breast cancer,1000000,2,0.46167874994922514
EE87847,Breast cancer,1000000,3,0.48732784791700395
EE87847,Breast cancer,1000000,4,0.4234258377008212
EE87847,Breast cancer,1000000,5,0.45336405105195543
EE87847,Breast cancer,1000000,6,0.4280990050248873
EE87847,Breast cancer,1000000,7,0.530562100604968
EE87847,Breast cancer,1000000,8,0.5160081508026257
EE87847,Breast cancer,1000000,9,0.472908408511357
EE87847,Breast cancer,1000000,10,0.5363642260261963
EE87847,Breast cancer,1000000,11,0.49231213734175927
EE87847,Breast cancer,1000000,12,0.4791881037414002
EE87847,Breast cancer,1000000,13,0.46050720456703603
EE87847,Breast cancer,1000000,14,0.49376572126890006
EE87847,Breast cancer,1000000,15,0.4337797629468093
EE87847,Breast cancer,1000000,16,0.4477589812239561
EE87847,Breast cancer,1000000,17,0.46813218230577447
EE87847,Breast cancer,1000000,18,0.43611181448443015
EE87847,Breast cancer,1000000,19,0.5013368298596914
EE87848,Breast cancer,20000000,0,0.9445361466737714
EE87848,Breast cancer,20000000,1,0.9234332272424671
EE87848,Breast cancer,20000000,2,0.9509536452830386
EE87848,Breast cancer,20000000,3,0.9405341586099708
EE87848,Breast cancer,20000000,4,0.9416544963984259
EE87848,Breast cancer,20000000,5,0.942355399625577
EE87848,Breast cancer,20000000,6,0.9357874282974696
EE87848,Breast cancer,20000000,7,0.9375624201224367
EE87848,Breast cancer,20000000,8,0.9412727604850949
EE87848,Breast cancer,20000000,9,0.9461992113242645
EE87848,Breast cancer,20000000,10,0.9478703224806243
EE87848,Breast cancer,20000000,11,0.9436565652354606
EE87848,Breast cancer,20000000,12,0.9441563821928892
EE87848,Breast cancer,20000000,13,0.938970414848726
EE87848,Breast cancer,20000000,14,0.9391978175593197
EE87848,Breast cancer,20000000,15,0.9446292964521009
EE87848,Breast cancer,20000000,16,0.9470416802917219
EE87848,Breast cancer,20000000,17,0.9368067344032749
EE87848,Breast cancer,20000000,18,0.9373550153013168
EE87848,Breast cancer,20000000,19,0.934593547781928
EE87848,Breast cancer,10000000,0,0.8451418807917341
EE87848,Breast cancer,10000000,1,0.8727009918171504
EE87848,Breast cancer,10000000,2,0.873183677032131
EE87848,Breast cancer,10000000,3,0.8622703662545061
EE87848,Breast cancer,10000000,4,0.8660767864576638
EE87848,Breast cancer,10000000,5,0.8780670704459856
EE87848,Breast cancer,10000000,6,0.8736446707253047
EE87848,Breast cancer,10000000,7,0.854688951394055
EE87848,Breast cancer,10000000,8,0.8518396104124516
EE87848,Breast cancer,10000000,9,0.8709430581881968
EE87848,Breast cancer,10000000,10,0.8495214185864425
EE87848,Breast cancer,10000000,11,0.8769922470233151
EE87848,Breast cancer,10000000,12,0.8698350402107401
EE87848,Breast cancer,10000000,13,0.8786126623544075
EE87848,Breast cancer,10000000,14,0.8607244707724658
EE87848,Breast cancer,10000000,15,0.8550851310806288
EE87848,Breast cancer,10000000,16,0.8813295925772003
EE87848,Breast cancer,10000000,17,0.8745465299427684
EE87848,Breast cancer,10000000,18,0.8734349860145053
EE87848,Breast cancer,10000000,19,0.880837085611113
EE87848,Breast cancer,5000000,0,0.7880573318655838
EE87848,Breast cancer,5000000,1,0.7643933794021965
EE87848,Breast cancer,5000000,2,0.7592049939617942
EE87848,Breast cancer,5000000,3,0.786626641789379
EE87848,Breast cancer,5000000,4,0.7675817926707411
EE87848,Breast cancer,5000000,5,0.770372162194807
EE87848,Breast cancer,5000000,6,0.7495114318474442
EE87848,Breast cancer,5000000,7,0.7740306886178788
EE87848,Breast cancer,5000000,8,0.7930348977187721
EE87848,Breast cancer,5000000,9,0.7645690161689777
EE87848,Breast cancer,5000000,10,0.7810887710873511
EE87848,Breast cancer,5000000,11,0.7970747061222204
EE87848,Breast cancer,5000000,12,0.7568718480525184
EE87848,Breast cancer,5000000,13,0.8104244504883599
EE87848,Breast cancer,5000000,14,0.7761386746154478
EE87848,Breast cancer,5000000,15,0.7969516701975375
EE87848,Breast cancer,5000000,16,0.7562779816768197
EE87848,Breast cancer,5000000,17,0.7547101015187666
EE87848,Breast cancer,5000000,18,0.7883622834000955
EE87848,Breast cancer,5000000,19,0.7932487255416693
EE87848,Breast cancer,2000000,0,0.6277520752777912
EE87848,Breast cancer,2000000,1,0.5789262725843637
EE87848,Breast cancer,2000000,2,0.5791973051963238
EE87848,Breast cancer,2000000,3,0.5552475134787932
EE87848,Breast cancer,2000000,4,0.6245374510662375
EE87848,Breast cancer,2000000,5,0.5816952460094056
EE87848,Breast cancer,2000000,6,0.5910049832373651
EE87848,Breast cancer,2000000,7,0.6076798125174888
EE87848,Breast cancer,2000000,8,0.6126807111894735
EE87848,Breast cancer,2000000,9,0.6453585123497413
EE87848,Breast cancer,2000000,10,0.602878009153303
EE87848,Breast cancer,2000000,11,0.6152848013085012
EE87848,Breast cancer,2000000,12,0.6310450485881193
EE87848,Breast cancer,2000000,13,0.6306739048174672
EE87848,Breast cancer,2000000,14,0.5685010627054693
EE87848,Breast cancer,2000000,15,0.6115572439479293
EE87848,Breast cancer,2000000,16,0.6029554308104852
EE87848,Breast cancer,2000000,17,0.5988384711000937
EE87848,Breast cancer,2000000,18,0.6366456217103738
EE87848,Breast cancer,2000000,19,0.6144050595311766
EE87848,Breast cancer,1000000,0,0.502037440227808
EE87848,Breast cancer,1000000,1,0.45794269929816983
EE87848,Breast cancer,1000000,2,0.5272641602165881
EE87848,Breast cancer,1000000,3,0.4803405882370884
EE87848,Breast cancer,1000000,4,0.5038765053850222
EE87848,Breast cancer,1000000,5,0.4981918760508509
EE87848,Breast cancer,1000000,6,0.49197608955461464
EE87848,Breast cancer,1000000,7,0.4693610567940938
EE87848,Breast cancer,1000000,8,0.48535742366189266
EE87848,Breast cancer,1000000,9,0.4892128395254751
EE87848,Breast cancer,1000000,10,0.4666064254419017
EE87848,Breast cancer,1000000,11,0.45742087250998953
EE87848,Breast cancer,1000000,12,0.48646847799589193
EE87848,Breast cancer,1000000,13,0.5001004454645999
EE87848,Breast cancer,1000000,14,0.524923882200367
EE87848,Breast cancer,1000000,15,0.5413408805512092
EE87848,Breast cancer,1000000,16,0.5106523652822824
EE87848,Breast cancer,1000000,17,0.5001227476698497
EE87848,Breast cancer,1000000,18,0.46245258743567524
EE87848,Breast cancer,1000000,19,0.551834127456987
EE87849,Breast cancer,20000000,0,0.9193872047380017
EE87849,Breast cancer,20000000,1,0.9261441288630148
EE87849,Breast cancer,20000000,2,0.9276235341937855
EE87849,Breast cancer,20000000,3,0.9303613560002139
EE87849,Breast cancer,20000000,4,0.9445463736074762
EE87849,Breast cancer,20000000,5,0.9249952773713785
EE87849,Breast cancer,20000000,6,0.9369442443207949
EE87849,Breast cancer,20000000,7,0.9351346633124062
EE87849,Breast cancer,20000000,8,0.9149030525768617
EE87849,Breast cancer,20000000,9,0.9331309008430382
EE87849,Breast cancer,20000000,10,0.9121435392486267
EE87849,Breast cancer,20000000,11,0.9327290540021184
EE87849,Breast cancer,20000000,12,0.93123084078423
EE87849,Breast cancer,20000000,13,0.9326617646867237
EE87849,Breast cancer,20000000,14,0.9270850242515122
EE87849,Breast cancer,20000000,15,0.9323384763301854
EE87849,Breast cancer,20000000,16,0.9297010999490608
EE87849,Breast cancer,20000000,17,0.9351332302388935
EE87849,Breast cancer,20000000,18,0.9360300736990625
EE87849,Breast cancer,20000000,19,0.9259578467940193
EE87849,Breast cancer,10000000,0,0.82463818150788
EE87849,Breast cancer,10000000,1,0.8547042592247593
EE87849,Breast cancer,10000000,2,0.8112498357054475
EE87849,Breast cancer,10000000,3,0.8205939177754532
EE87849,Breast cancer,10000000,4,0.8428187520733765
EE87849,Breast cancer,10000000,5,0.8455000840302197
EE87849,Breast cancer,10000000,6,0.8504160937154532
EE87849,Breast cancer,10000000,7,0.828169014084507
EE87849,Breast cancer,10000000,8,0.8507614831529181
EE87849,Breast cancer,10000000,9,0.8175299414654611
EE87849,Breast cancer,10000000,10,0.8407516086372582
EE87849,Breast cancer,10000000,11,0.8269252365548393
EE87849,Breast cancer,10000000,12,0.831724222455419
EE87849,Breast cancer,10000000,13,0.8404896030516651
EE87849,Breast cancer,10000000,14,0.8507218733502356
EE87849,Breast cancer,10000000,15,0.8322505377282657
EE87849,Breast cancer,10000000,16,0.8472818503845196
EE87849,Breast cancer,10000000,17,0.8347535308977165
EE87849,Breast cancer,10000000,18,0.872144256960247
EE87849,Breast cancer,10000000,19,0.8391833565447816
EE87849,Breast cancer,5000000,0,0.7012689328759593
EE87849,Breast cancer,5000000,1,0.7126755352203873
EE87849,Breast cancer,5000000,2,0.7084123389785096
EE87849,Breast cancer,5000000,3,0.7353395070901234
EE87849,Breast cancer,5000000,4,0.7432708079017069
EE87849,Breast cancer,5000000,5,0.7165526504694619
EE87849,Breast cancer,5000000,6,0.7552019063004737
EE87849,Breast cancer,5000000,7,0.7497481698999846
EE87849,Breast cancer,5000000,8,0.7348271181612612
EE87849,Breast cancer,5000000,9,0.7182965055153789
EE87849,Breast cancer,5000000,10,0.7287596476586781
EE87849,Breast cancer,5000000,11,0.7446774710752426
EE87849,Breast cancer,5000000,12,0.7173463243186442
EE87849,Breast cancer,5000000,13,0.6942883778483441
EE87849,Breast cancer,5000000,14,0.7303007553974883
EE87849,Breast cancer,5000000,15,0.7463404960899974
EE87849,Breast cancer,5000000,16,0.754223735902526
EE87849,Breast cancer,5000000,17,0.7426958197245634
EE87849,Breast cancer,5000000,18,0.7338529212853909
EE87849,Breast cancer,5000000,19,0.723091418415311
EE87849,Breast cancer,2000000,0,0.6088336902962215
EE87849,Breast cancer,2000000,1,0.5507265715752858
EE87849,Breast cancer,2000000,2,0.5862106370310097
EE87849,Breast cancer,2000000,3,0.5114435896214545
EE87849,Breast cancer,2000000,4,0.5986089154505476
EE87849,Breast cancer,2000000,5,0.5775378385573242
EE87849,Breast cancer,2000000,6,0.6034174341766121
EE87849,Breast cancer,2000000,7,0.6331412770395977
EE87849,Breast cancer,2000000,8,0.5693344042518518
EE87849,Breast cancer,2000000,9,0.5700053803774111
EE87849,Breast cancer,2000000,10,0.5925082137508074
EE87849,Breast cancer,2000000,11,0.5452031624415916
EE87849,Breast cancer,2000000,12,0.5014179611935403
EE87849,Breast cancer,2000000,13,0.5629719341486402
EE87849,Breast cancer,2000000,14,0.612582069719386
EE87849,Breast cancer,2000000,15,0.5918500421380638
EE87849,Breast cancer,2000000,16,0.5409158975648098
EE87849,Breast cancer,2000000,17,0.5770817860617249
EE87849,Breast cancer,2000000,18,0.5886959448919378
EE87849,Breast cancer,2000000,19,0.551973852138134
EE87849,Breast cancer,1000000,0,0.4709448867213907
EE87849,Breast cancer,1000000,1,0.437480165975339
EE87849,Breast cancer,1000000,2,0.44948659886263476
EE87849,Breast cancer,1000000,3,0.48689676455129693
EE87849,Breast cancer,1000000,4,0.45277253326073774
EE87849,Breast cancer,1000000,5,0.4777069582407259
EE87849,Breast cancer,1000000,6,0.4705172253358588
EE87849,Breast cancer,1000000,7,0.4520855107980829
EE87849,Breast cancer,1000000,8,0.45304223566413576
EE87849,Breast cancer,1000000,9,0.4530262364861613
EE87849,Breast cancer,1000000,10,0.4614297458512063
EE87849,Breast cancer,1000000,11,0.46716638179979814
EE87849,Breast cancer,1000000,12,0.4592401195229073
EE87849,Breast cancer,1000000,13,0.4463387617844792
EE87849,Breast cancer,1000000,14,0.47042568104673893
EE87849,Breast cancer,1000000,15,0.48728675599763865
EE87849,Breast cancer,1000000,16,0.4822842687795723
EE87849,Breast cancer,1000000,17,0.47489595598094136
EE87849,Breast cancer,1000000,18,0.4873045842720106
EE87849,Breast cancer,1000000,19,0.4831543893802384
EE87850,Breast cancer,20000000,0,0.9509354713053085
EE87850,Breast cancer,20000000,1,0.9585495211580277
EE87850,Breast cancer,20000000,2,0.9605257946718327
EE87850,Breast cancer,20000000,3,0.9649327562823989
EE87850,Breast cancer,20000000,4,0.9494033854407549
EE87850,Breast cancer,20000000,5,0.9560049518553247
EE87850,Breast cancer,20000000,6,0.9621133144254482
EE87850,Breast cancer,20000000,7,0.9427581412052629
EE87850,Breast cancer,20000000,8,0.9581997209415033
EE87850,Breast cancer,20000000,9,0.9586654046934462
EE87850,Breast cancer,20000000,10,0.9538095002351545
EE87850,Breast cancer,20000000,11,0.9572123163094892
EE87850,Breast cancer,20000000,12,0.9610220940851846
EE87850,Breast cancer,20000000,13,0.9575848021251179
EE87850,Breast cancer,20000000,14,0.9497444569367925
EE87850,Breast cancer,20000000,15,0.9538516456243707
EE87850,Breast cancer,20000000,16,0.9427942458190082
EE87850,Breast cancer,20000000,17,0.9567886646490729
EE87850,Breast cancer,20000000,18,0.9588202248169938
EE87850,Breast cancer,20000000,19,0.9451183653581838
EE87850,Breast cancer,10000000,0,0.9011869105670934
EE87850,Breast cancer,10000000,1,0.8971707871872807
EE87850,Breast cancer,10000000,2,0.8687145070031698
EE87850,Breast cancer,10000000,3,0.8991874945313184
EE87850,Breast cancer,10000000,4,0.8780236222626667
EE87850,Breast cancer,10000000,5,0.8852075039182757
EE87850,Breast cancer,10000000,6,0.8720674572466532
EE87850,Breast cancer,10000000,7,0.8624676744213314
EE87850,Breast cancer,10000000,8,0.8767865541226268
EE87850,Breast cancer,10000000,9,0.9054181903929359
EE87850,Breast cancer,10000000,10,0.893520358112043
EE87850,Breast cancer,10000000,11,0.8884117767375692
EE87850,Breast cancer,10000000,12,0.8824619955819322
EE87850,Breast cancer,10000000,13,0.8774461587767286
EE87850,Breast cancer,10000000,14,0.88575388134933
EE87850,Breast cancer,10000000,15,0.9044426077580513
EE87850,Breast cancer,10000000,16,0.8723744606819097
EE87850,Breast cancer,10000000,17,0.8985325327229309
EE87850,Breast cancer,10000000,18,0.8816360748898163
EE87850,Breast cancer,10000000,19,0.9004010146877175
EE87850,Breast cancer,5000000,0,0.7694033067748439
EE87850,Breast cancer,5000000,1,0.7786132668734637
EE87850,Breast cancer,5000000,2,0.8073644933682735
EE87850,Breast cancer,5000000,3,0.7862587594380718
EE87850,Breast cancer,5000000,4,0.7930640544776382
EE87850,Breast cancer,5000000,5,0.7919941280462305
EE87850,Breast cancer,5000000,6,0.8143031617233747
EE87850,Breast cancer,5000000,7,0.8041084720066755
EE87850,Breast cancer,5000000,8,0.829051135971318
EE87850,Breast cancer,5000000,9,0.7756659411622987
EE87850,Breast cancer,5000000,10,0.780785831748892
EE87850,Breast cancer,5000000,11,0.753099033735512
EE87850,Breast cancer,5000000,12,0.7565033166290714
EE87850,Breast cancer,5000000,13,0.7801602045907859
EE87850,Breast cancer,5000000,14,0.8074534610590524
EE87850,Breast cancer,5000000,15,0.7927820708554907
EE87850,Breast cancer,5000000,16,0.8276575180283503
EE87850,Breast cancer,5000000,17,0.7779170537050814
EE87850,Breast cancer,5000000,18,0.7871251826700568
EE87850,Breast cancer,5000000,19,0.8199760025326318
EE87850,Breast cancer,2000000,0,0.60153629398958
EE87850,Breast cancer,2000000,1,0.6293948094137466
EE87850,Breast cancer,2000000,2,0.5936263007056907
EE87850,Breast cancer,2000000,3,0.6652765636460517
EE87850,Breast cancer,2000000,4,0.6451634378320009
EE87850,Breast cancer,2000000,5,0.7193130340417835
EE87850,Breast cancer,2000000,6,0.6502170341050992
EE87850,Breast cancer,2000000,7,0.6800587605747598
EE87850,Breast cancer,2000000,8,0.6396140354779903
EE87850,Breast cancer,2000000,9,0.6020686027339752
EE87850,Breast cancer,2000000,10,0.6541747479944054
EE87850,Breast cancer,2000000,11,0.5884254618356553
EE87850,Breast cancer,2000000,12,0.6845693055380904
EE87850,Breast cancer,2000000,13,0.6061291192195823
EE87850,Breast cancer,2000000,14,0.6507157974673565
EE87850,Breast cancer,2000000,15,0.6404452729202492
EE87850,Breast cancer,2000000,16,0.6508676389017518
EE87850,Breast cancer,2000000,17,0.6168538966476449
EE87850,Breast cancer,2000000,18,0.6296368275672808
EE87850,Breast cancer,2000000,19,0.6344269736492626
EE87850,Breast cancer,1000000,0,0.511156636909203
EE87850,Breast cancer,1000000,1,0.5281480513674259
EE87850,Breast cancer,1000000,2,0.44673823805613944
EE87850,Breast cancer,1000000,3,0.46013857369858085
EE87850,Breast cancer,1000000,4,0.4530301153588485
EE87850,Breast cancer,1000000,5,0.5415568838520992
EE87850,Breast cancer,1000000,6,0.5042432009446866
EE87850,Breast cancer,1000000,7,0.4861223008930945
EE87850,Breast cancer,1000000,8,0.5759427442762108
EE87850,Breast cancer,1000000,9,0.4780626784431289
EE87850,Breast cancer,1000000,10,0.5161954915762018
EE87850,Breast cancer,1000000,11,0.5173282313301635
EE87850,Breast cancer,1000000,12,0.5738701011105325
EE87850,Breast cancer,1000000,13,0.499539242400742
EE87850,Breast cancer,1000000,14,0.5407604496087306
EE87850,Breast cancer,1000000,15,0.5035671819263168
EE87850,Breast cancer,1000000,16,0.4465814040749537
EE87850,Breast cancer,1000000,17,0.5546908456626027
EE87850,Breast cancer,1000000,18,0.4580950936556832
EE87850,Breast cancer,1000000,19,0.44044776067146685
EE87851,Breast cancer,20000000,0,0.9338922537165458
EE87851,Breast cancer,20000000,1,0.9438319213216586
EE87851,Breast cancer,20000000,2,0.9421864923701865
EE87851,Breast cancer,20000000,3,0.9261835558722794
EE87851,Breast cancer,20000000,4,0.9387434029763634
EE87851,Breast cancer,20000000,5,0.9452358276396211
EE87851,Breast cancer,20000000,6,0.9378490500977921
EE87851,Breast cancer,20000000,7,0.9418136978377528
EE87851,Breast cancer,20000000,8,0.9403922843322075
EE87851,Breast cancer,20000000,9,0.9410696069861031
EE87851,Breast cancer,20000000,10,0.9394952454529231
EE87851,Breast cancer,20000000,11,0.9241720417780015
EE87851,Breast cancer,20000000,12,0.938196424872424
EE87851,Breast cancer,20000000,13,0.9495707944829277
EE87851,Breast cancer,20000000,14,0.9384958720968865
EE87851,Breast cancer,20000000,15,0.9467459460304517
EE87851,Breast cancer,20000000,16,0.938539320280205
EE87851,Breast cancer,20000000,17,0.9401459259674224
EE87851,Breast cancer,20000000,18,0.9435075083852311
EE87851,Breast cancer,20000000,19,0.9422456392224405
EE87851,Breast cancer,10000000,0,0.8527746396271965
EE87851,Breast cancer,10000000,1,0.8674182084271598
EE87851,Breast cancer,10000000,2,0.864042166233922
EE87851,Breast cancer,10000000,3,0.846694857720144
EE87851,Breast cancer,10000000,4,0.8675769071928567
EE87851,Breast cancer,10000000,5,0.868951680669532
EE87851,Breast cancer,10000000,6,0.8487738101907161
EE87851,Breast cancer,10000000,7,0.8685343957184976
EE87851,Breast cancer,10000000,8,0.8580063211569855
EE87851,Breast cancer,10000000,9,0.8578610596145555
EE87851,Breast cancer,10000000,10,0.8631834946409566
EE87851,Breast cancer,10000000,11,0.8471563913124478
EE87851,Breast cancer,10000000,12,0.858174055897684
EE87851,Breast cancer,10000000,13,0.8688604199426511
EE87851,Breast cancer,10000000,14,0.8529466597010609
EE87851,Breast cancer,10000000,15,0.8559467991000298
EE87851,Breast cancer,10000000,16,0.8533157551664867
EE87851,Breast cancer,10000000,17,0.85622168865566
EE87851,Breast cancer,10000000,18,0.8583613325499199
EE87851,Breast cancer,10000000,19,0.877712515030987
EE87851,Breast cancer,5000000,0,0.7420642697979803
EE87851,Breast cancer,5000000,1,0.7846162815390169
EE87851,Breast cancer,5000000,2,0.7596399070528047
EE87851,Breast cancer,5000000,3,0.7591605113851261
EE87851,Breast cancer,5000000,4,0.731378100998105
EE87851,Breast cancer,5000000,5,0.7791046934965935
EE87851,Breast cancer,5000000,6,0.7640690162352414
EE87851,Breast cancer,5000000,7,0.7875630320305951
EE87851,Breast cancer,5000000,8,0.7706162081040343
EE87851,Breast cancer,5000000,9,0.7289191629287333
EE87851,Breast cancer,5000000,10,0.767374843827557
EE87851,Breast cancer,5000000,11,0.7566368891361304
EE87851,Breast cancer,5000000,12,0.749373009971798
EE87851,Breast cancer,5000000,13,0.7668109418877447
EE87851,Breast cancer,5000000,14,0.7312061528359876
EE87851,Breast cancer,5000000,15,0.750516570083753
EE87851,Breast cancer,5000000,16,0.7618098285392683
EE87851,Breast cancer,5000000,17,0.7622519317179556
EE87851,Breast cancer,5000000,18,0.7458190731662196
EE87851,Breast cancer,5000000,19,0.7667181503762821
EE87851,Breast cancer,2000000,0,0.5669720801602093
EE87851,Breast cancer,2000000,1,0.5869023786057234
EE87851,Breast cancer,2000000,2,0.5928069480615076
EE87851,Breast cancer,2000000,3,0.5280825908953779
EE87851,Breast cancer,2000000,4,0.5661417350788304
EE87851,Breast cancer,2000000,5,0.6567117550736402
EE87851,Breast cancer,2000000,6,0.6238748194632687
EE87851,Breast cancer,2000000,7,0.6083736835834723
EE87851,Breast cancer,2000000,8,0.6109809330208117
EE87851,Breast cancer,2000000,9,0.6171127493820959
EE87851,Breast cancer,2000000,10,0.6085946275667312
EE87851,Breast cancer,2000000,11,0.6089861314123207
EE87851,Breast cancer,2000000,12,0.6176890126253778
EE87851,Breast cancer,2000000,13,0.6457737674805876
EE87851,Breast cancer,2000000,14,0.5664776372042976
EE87851,Breast cancer,2000000,15,0.5813068966862727
EE87851,Breast cancer,2000000,16,0.6478009152031317
EE87851,Breast cancer,2000000,17,0.6025313356200425
EE87851,Breast cancer,2000000,18,0.5631865644390106
EE87851,Breast cancer,2000000,19,0.6228501473175285
EE87851,Breast cancer,1000000,0,0.4627747908954024
EE87851,Breast cancer,1000000,1,0.5222020401301686
EE87851,Breast cancer,1000000,2,0.46632428028374756
EE87851,Breast cancer,1000000,3,0.5038539665401752
EE87851,Breast cancer,1000000,4,0.5180381806672885
EE87851,Breast cancer,1000000,5,0.4872589467864358
EE87851,Breast cancer,1000000,6,0.48957861426620186
EE87851,Breast cancer,1000000,7,0.4094457214271741
EE87851,Breast cancer,1000000,8,0.4651117003540766
EE87851,Breast cancer,1000000,9,0.5035479488430552
EE87851,Breast cancer,1000000,10,0.4674535067661321
EE87851,Breast cancer,1000000,11,0.4674235674508903
EE87851,Breast cancer,1000000,12,0.43390352134061383
EE87851,Breast cancer,1000000,13,0.5455605514644043
EE87851,Breast cancer,1000000,14,0.4396234064095919
EE87851,Breast cancer,1000000,15,0.42517171928580383
EE87851,Breast cancer,1000000,16,0.49834752752190475
EE87851,Breast cancer,1000000,17,0.487029241170022
EE87851,Breast cancer,1000000,18,0.4355260883575735
EE87851,Breast cancer,1000000,19,0.4905732743888457
EE87852,Breast cancer,20000000,0,0.9517344097886737
EE87852,Breast cancer,20000000,1,0.9423845170737682
EE87852,Breast cancer,20000000,2,0.9314947217296937
EE87852,Breast cancer,20000000,3,0.9380490137197248
EE87852,Breast cancer,20000000,4,0.9428481814948521
EE87852,Breast cancer,20000000,5,0.9443039887647039
EE87852,Breast cancer,20000000,6,0.9336463339642062
EE87852,Breast cancer,20000000,7,0.9372756751404739
EE87852,Breast cancer,20000000,8,0.9323542227522932
EE87852,Breast cancer,20000000,9,0.935547974741428
EE87852,Breast cancer,20000000,10,0.9328485202213189
EE87852,Breast cancer,20000000,11,0.9507905183751053
EE87852,Breast cancer,20000000,12,0.9358702208626843
EE87852,Breast cancer,20000000,13,0.9416340425310165
EE87852,Breast cancer,20000000,14,0.9460937673027344
EE87852,Breast cancer,20000000,15,0.9365542529062081
EE87852,Breast cancer,20000000,16,0.9387449663292866
EE87852,Breast cancer,20000000,17,0.9380630187563267
EE87852,Breast cancer,20000000,18,0.9360738475809068
EE87852,Breast cancer,20000000,19,0.9418798797781603
EE87852,Breast cancer,10000000,0,0.8813254236360722
EE87852,Breast cancer,10000000,1,0.8676282372804957
EE87852,Breast cancer,10000000,2,0.8807067918564948
EE87852,Breast cancer,10000000,3,0.8937577271975207
EE87852,Breast cancer,10000000,4,0.8868548219480229
EE87852,Breast cancer,10000000,5,0.870057557443449
EE87852,Breast cancer,10000000,6,0.8832086776509582
EE87852,Breast cancer,10000000,7,0.8836053133154678
EE87852,Breast cancer,10000000,8,0.8746269123388933
EE87852,Breast cancer,10000000,9,0.8882034092851995
EE87852,Breast cancer,10000000,10,0.8732952429987072
EE87852,Breast cancer,10000000,11,0.8838972043341354
EE87852,Breast cancer,10000000,12,0.8697031974475659
EE87852,Breast cancer,10000000,13,0.8786367823070139
EE87852,Breast cancer,10000000,14,0.862141715336883
EE87852,Breast cancer,10000000,15,0.8942482943168214
EE87852,Breast cancer,10000000,16,0.8715402674115177
EE87852,Breast cancer,10000000,17,0.8820327756940312
EE87852,Breast cancer,10000000,18,0.8940484096808163
EE87852,Breast cancer,10000000,19,0.8719066598819322
EE87852,Breast cancer,5000000,0,0.7946154216949092
EE87852,Breast cancer,5000000,1,0.7892928692426741
EE87852,Breast cancer,5000000,2,0.7905654839868854
EE87852,Breast cancer,5000000,3,0.8025811738855766
EE87852,Breast cancer,5000000,4,0.7834888562817616
EE87852,Breast cancer,5000000,5,0.7832353651151374
EE87852,Breast cancer,5000000,6,0.802196054878899
EE87852,Breast cancer,5000000,7,0.7695925902282627
EE87852,Breast cancer,5000000,8,0.80003181423302
EE87852,Breast cancer,5000000,9,0.7682089702619166
EE87852,Breast cancer,5000000,10,0.7812194866277874
EE87852,Breast cancer,5000000,11,0.7928566299982777
EE87852,Breast cancer,5000000,12,0.7973268423353179
EE87852,Breast cancer,5000000,13,0.7842940354177605
EE87852,Breast cancer,5000000,14,0.7825482261806899
EE87852,Breast cancer,5000000,15,0.7962356415804979
EE87852,Breast cancer,5000000,16,0.7722346566681563
EE87852,Breast cancer,5000000,17,0.7898567836791295
EE87852,Breast cancer,5000000,18,0.7870945670081493
EE87852,Breast cancer,5000000,19,0.7851782417751353
EE87852,Breast cancer,2000000,0,0.6414548382753549
EE87852,Breast cancer,2000000,1,0.6700967717135125
EE87852,Breast cancer,2000000,2,0.6668054576854032
EE87852,Breast cancer,2000000,3,0.678041329776315
EE87852,Breast cancer,2000000,4,0.6396629892912287
EE87852,Breast cancer,2000000,5,0.6634804009499331
EE87852,Breast cancer,2000000,6,0.6324049909200982
EE87852,Breast cancer,2000000,7,0.648647101140395
EE87852,Breast cancer,2000000,8,0.6237673165362135
EE87852,Breast cancer,2000000,9,0.6351580733396909
EE87852,Breast cancer,2000000,10,0.6229302184394871
EE87852,Breast cancer,2000000,11,0.6450917106054391
EE87852,Breast cancer,2000000,12,0.6719876255396922
EE87852,Breast cancer,2000000,13,0.6226594283853554
EE87852,Breast cancer,2000000,14,0.6715776801952358
EE87852,Breast cancer,2000000,15,0.635177827172497
EE87852,Breast cancer,2000000,16,0.6344264612881076
EE87852,Breast cancer,2000000,17,0.6419881419680791
EE87852,Breast cancer,2000000,18,0.6204091018088911
EE87852,Breast cancer,2000000,19,0.6528898997341901
EE87852,Breast cancer,1000000,0,0.4896792624307601
EE87852,Breast cancer,1000000,1,0.4690345801694687
EE87852,Breast cancer,1000000,2,0.5443521979246795
EE87852,Breast cancer,1000000,3,0.561552752441427
EE87852,Breast cancer,1000000,4,0.4880653376091312
EE87852,Breast cancer,1000000,5,0.4911448587652199
EE87852,Breast cancer,1000000,6,0.5317462929511857
EE87852,Breast cancer,1000000,7,0.5309141508434462
EE87852,Breast cancer,1000000,8,0.513739797878962
EE87852,Breast cancer,1000000,9,0.5268561833864032
EE87852,Breast cancer,1000000,10,0.49790143438802115
EE87852,Breast cancer,1000000,11,0.5002186414914919
EE87852,Breast cancer,1000000,12,0.5275247741842121
EE87852,Breast cancer,1000000,13,0.4688579884171877
EE87852,Breast cancer,1000000,14,0.5481354652042439
EE87852,Breast cancer,1000000,15,0.5374942324889563
EE87852,Breast cancer,1000000,16,0.4823148675855372
EE87852,Breast cancer,1000000,17,0.4649063829858039
EE87852,Breast cancer,1000000,18,0.5334034366999862
EE87852,Breast cancer,1000000,19,0.47786858543957556
EE87853,Breast cancer,20000000,0,0.9302194165827452
EE87853,Breast cancer,20000000,1,0.9350469201296021
EE87853,Breast cancer,20000000,2,0.9359005108255678
EE87853,Breast cancer,20000000,3,0.9288461413192876
EE87853,Breast cancer,20000000,4,0.9369959652466645
EE87853,Breast cancer,20000000,5,0.9229810274094852
EE87853,Breast cancer,20000000,6,0.9304147705584167
EE87853,Breast cancer,20000000,7,0.9223193382848196
EE87853,Breast cancer,20000000,8,0.9192129560267908
EE87853,Breast cancer,20000000,9,0.9283530988911921
EE87853,Breast cancer,20000000,10,0.9283589614646534
EE87853,Breast cancer,20000000,11,0.9297080524678838
EE87853,Breast cancer,20000000,12,0.9364637738557886
EE87853,Breast cancer,20000000,13,0.9349068046238769
EE87853,Breast cancer,20000000,14,0.9286026491015281
EE87853,Breast cancer,20000000,15,0.9267478611377824
EE87853,Breast cancer,20000000,16,0.9287663928752538
EE87853,Breast cancer,20000000,17,0.941170703808458
EE87853,Breast cancer,20000000,18,0.9355108451095064
EE87853,Breast cancer,20000000,19,0.9367320843012008
EE87853,Breast cancer,10000000,0,0.8273741928762925
EE87853,Breast cancer,10000000,1,0.8695408041626878
EE87853,Breast cancer,10000000,2,0.848233280917584
EE87853,Breast cancer,10000000,3,0.8644007603106383
EE87853,Breast cancer,10000000,4,0.8311654405202841
EE87853,Breast cancer,10000000,5,0.8358999056109374
EE87853,Breast cancer,10000000,6,0.8550468102885367
EE87853,Breast cancer,10000000,7,0.8535462706867419
EE87853,Breast cancer,10000000,8,0.8416512668256275
EE87853,Breast cancer,10000000,9,0.8491578738921366
EE87853,Breast cancer,10000000,10,0.8638426433171223
EE87853,Breast cancer,10000000,11,0.8426272927547712
EE87853,Breast cancer,10000000,12,0.852222566738885
EE87853,Breast cancer,10000000,13,0.8440458401132911
EE87853,Breast cancer,10000000,14,0.8463662466892745
EE87853,Breast cancer,10000000,15,0.8464701445189499
EE87853,Breast cancer,10000000,16,0.8629411097981843
EE87853,Breast cancer,10000000,17,0.8595532217301249
EE87853,Breast cancer,10000000,18,0.8668364641646942
EE87853,Breast cancer,10000000,19,0.8566283372150357
EE87853,Breast cancer,5000000,0,0.7501631749613397
EE87853,Breast cancer,5000000,1,0.7248090429544244
EE87853,Breast cancer,5000000,2,0.7472172561337914
EE87853,Breast cancer,5000000,3,0.7414059884233717
EE87853,Breast cancer,5000000,4,0.7232011192044898
EE87853,Breast cancer,5000000,5,0.7584262768359301
EE87853,Breast cancer,5000000,6,0.7577186563280837
EE87853,Breast cancer,5000000,7,0.7373338157797271
EE87853,Breast cancer,5000000,8,0.7441302407193874
EE87853,Breast cancer,5000000,9,0.721646533774499
EE87853,Breast cancer,5000000,10,0.7709876872929372
EE87853,Breast cancer,5000000,11,0.7701280837157266
EE87853,Breast cancer,5000000,12,0.7488105489844069
EE87853,Breast cancer,5000000,13,0.7186994948431914
EE87853,Breast cancer,5000000,14,0.7580897448948345
EE87853,Breast cancer,5000000,15,0.7234203295808521
EE87853,Breast cancer,5000000,16,0.7379919959260326
EE87853,Breast cancer,5000000,17,0.7137011715001607
EE87853,Breast cancer,5000000,18,0.7398065481037182
EE87853,Breast cancer,5000000,19,0.6932529596225024
EE87853,Breast cancer,2000000,0,0.5833618075278642
EE87853,Breast cancer,2000000,1,0.5365748243418139
EE87853,Breast cancer,2000000,2,0.49520251716785946
EE87853,Breast cancer,2000000,3,0.6359457799189087
EE87853,Breast cancer,2000000,4,0.623993642364264
EE87853,Breast cancer,2000000,5,0.538414897177704
EE87853,Breast cancer,2000000,6,0.601716219665762
EE87853,Breast cancer,2000000,7,0.5524637173447321
EE87853,Breast cancer,2000000,8,0.5515718862243855
EE87853,Breast cancer,2000000,9,0.5318864088536862
EE87853,Breast cancer,2000000,10,0.5809145318362906
EE87853,Breast cancer,2000000,11,0.5968314059117907
EE87853,Breast cancer,2000000,12,0.5531985493973224
EE87853,Breast cancer,2000000,13,0.5730223678840144
EE87853,Breast cancer,2000000,14,0.5784016562291961
EE87853,Breast cancer,2000000,15,0.5607420247047933
EE87853,Breast cancer,2000000,16,0.6125466111246443
EE87853,Breast cancer,2000000,17,0.5793367324754745
EE87853,Breast cancer,2000000,18,0.5718902351602146
EE87853,Breast cancer,2000000,19,0.6189491681284319
EE87853,Breast cancer,1000000,0,0.4255628624943675
EE87853,Breast cancer,1000000,1,0.48508508118257826
EE87853,Breast cancer,1000000,2,0.424327429596146
EE87853,Breast cancer,1000000,3,0.4503423214477633
EE87853,Breast cancer,1000000,4,0.4608725556970837
EE87853,Breast cancer,1000000,5,0.5017299242212214
EE87853,Breast cancer,1000000,6,0.459440390680869
EE87853,Breast cancer,1000000,7,0.4187235197882428
EE87853,Breast cancer,1000000,8,0.472844098442538
EE87853,Breast cancer,1000000,9,0.46463724540306184
EE87853,Breast cancer,1000000,10,0.4595585145348362
EE87853,Breast cancer,1000000,11,0.5037711016072518
EE87853,Breast cancer,1000000,12,0.44737429177039395
EE87853,Breast cancer,1000000,13,0.5317892332089507
EE87853,Breast cancer,1000000,14,0.49726094036075397
EE87853,Breast cancer,1000000,15,0.4073996895571404
EE87853,Breast cancer,1000000,16,0.5191491867502219
EE87853,Breast cancer,1000000,17,0.4765905628843736
EE87853,Breast cancer,1000000,18,0.5048533156292307
EE87853,Breast cancer,1000000,19,0.45155757963509385
EE87854,Breast cancer,20000000,0,0.9141859947028391
EE87854,Breast cancer,20000000,1,0.9102071312343584
EE87854,Breast cancer,20000000,2,0.9218698091797478
EE87854,Breast cancer,20000000,3,0.9187120968340802
EE87854,Breast cancer,20000000,4,0.935690189955363
EE87854,Breast cancer,20000000,5,0.9188881043173294
EE87854,Breast cancer,20000000,6,0.9239551916996384
EE87854,Breast cancer,20000000,7,0.9157894085445055
EE87854,Breast cancer,20000000,8,0.9090945450708136
EE87854,Breast cancer,20000000,9,0.915868553286233
EE87854,Breast cancer,20000000,10,0.9225115805776783
EE87854,Breast cancer,20000000,11,0.9104147314745936
EE87854,Breast cancer,20000000,12,0.9239958388756367
EE87854,Breast cancer,20000000,13,0.9329620587273527
EE87854,Breast cancer,20000000,14,0.9264232048474363
EE87854,Breast cancer,20000000,15,0.9170167708684819
EE87854,Breast cancer,20000000,16,0.9240008546329315
EE87854,Breast cancer,20000000,17,0.9299975507470873
EE87854,Breast cancer,20000000,18,0.9353786267406736
EE87854,Breast cancer,20000000,19,0.9097913444965418
EE87854,Breast cancer,10000000,0,0.8276441834803102
EE87854,Breast cancer,10000000,1,0.8247041680291722
EE87854,Breast cancer,10000000,2,0.8449280083295446
EE87854,Breast cancer,10000000,3,0.847224332024894
EE87854,Breast cancer,10000000,4,0.8201144244060237
EE87854,Breast cancer,10000000,5,0.8145415272134147
EE87854,Breast cancer,10000000,6,0.8068257748502403
EE87854,Breast cancer,10000000,7,0.8373314998677664
EE87854,Breast cancer,10000000,8,0.8246521865444819
EE87854,Breast cancer,10000000,9,0.8336761853146444
EE87854,Breast cancer,10000000,10,0.8322612341932195
EE87854,Breast cancer,10000000,11,0.8220678990230348
EE87854,Breast cancer,10000000,12,0.8153050948368967
EE87854,Breast cancer,10000000,13,0.7922922270140259
EE87854,Breast cancer,10000000,14,0.809956011481395
EE87854,Breast cancer,10000000,15,0.8291126087851415
EE87854,Breast cancer,10000000,16,0.8307909523555169
EE87854,Breast cancer,10000000,17,0.8173298322913153
EE87854,Breast cancer,10000000,18,0.8451712587987457
EE87854,Breast cancer,10000000,19,0.8391850501771149
EE87854,Breast cancer,5000000,0,0.6746333395862024
EE87854,Breast cancer,5000000,1,0.6991342281791759
EE87854,Breast cancer,5000000,2,0.719083665422341
EE87854,Breast cancer,5000000,3,0.7101413516967813
EE87854,Breast cancer,5000000,4,0.6917157037177879
EE87854,Breast cancer,5000000,5,0.7475642431802677
EE87854,Breast cancer,5000000,6,0.72837798225855
EE87854,Breast cancer,5000000,7,0.7086688265799722
EE87854,Breast cancer,5000000,8,0.6915701517424571
EE87854,Breast cancer,5000000,9,0.6772433468215422
EE87854,Breast cancer,5000000,10,0.6939116097816265
EE87854,Breast cancer,5000000,11,0.7350944428875159
EE87854,Breast cancer,5000000,12,0.7222142588930117
EE87854,Breast cancer,5000000,13,0.6981485129606602
EE87854,Breast cancer,5000000,14,0.7291089800294693
EE87854,Breast cancer,5000000,15,0.7272593381024283
EE87854,Breast cancer,5000000,16,0.7415990745862503
EE87854,Breast cancer,5000000,17,0.735776378511727
EE87854,Breast cancer,5000000,18,0.6895706996906747
EE87854,Breast cancer,5000000,19,0.732753395614818
EE87854,Breast cancer,2000000,0,0.5324091875912252
EE87854,Breast cancer,2000000,1,0.5624971450487225
EE87854,Breast cancer,2000000,2,0.5284739779297909
EE87854,Breast cancer,2000000,3,0.48098802346208586
EE87854,Breast cancer,2000000,4,0.4975409678689113
EE87854,Breast cancer,2000000,5,0.576132477497408
EE87854,Breast cancer,2000000,6,0.592734411387907
EE87854,Breast cancer,2000000,7,0.5279610899671245
EE87854,Breast cancer,2000000,8,0.5758315877926574
EE87854,Breast cancer,2000000,9,0.5663593668407432
EE87854,Breast cancer,2000000,10,0.580641401048251
EE87854,Breast cancer,2000000,11,0.5267257668450968
EE87854,Breast cancer,2000000,12,0.5522864867775029
EE87854,Breast cancer,2000000,13,0.5078067336090101
EE87854,Breast cancer,2000000,14,0.5561965846205966
EE87854,Breast cancer,2000000,15,0.5638770228769678
EE87854,Breast cancer,2000000,16,0.5840438257373347
EE87854,Breast cancer,2000000,17,0.5794123502448254
EE87854,Breast cancer,2000000,18,0.5794725204639251
EE87854,Breast cancer,2000000,19,0.5311590741289547
EE87854,Breast cancer,1000000,0,0.44084088274153055
EE87854,Breast cancer,1000000,1,0.47424308871687937
EE87854,Breast cancer,1000000,2,0.36900551803573794
EE87854,Breast cancer,1000000,3,0.47656994297637584
EE87854,Breast cancer,1000000,4,0.4146160561682908
EE87854,Breast cancer,1000000,5,0.42571835099075916
EE87854,Breast cancer,1000000,6,0.42388819250010773
EE87854,Breast cancer,1000000,7,0.43061351927685126
EE87854,Breast cancer,1000000,8,0.47432944080667505
EE87854,Breast cancer,1000000,9,0.42651960635675656
EE87854,Breast cancer,1000000,10,0.41455977782404757
EE87854,Breast cancer,1000000,11,0.4424776120885775
EE87854,Breast cancer,1000000,12,0.414377980763723
EE87854,Breast cancer,1000000,13,0.3805273597820799
EE87854,Breast cancer,1000000,14,0.40865037809044324
EE87854,Breast cancer,1000000,15,0.4095364885062799
EE87854,Breast cancer,1000000,16,0.4304579751130341
EE87854,Breast cancer,1000000,17,0.43827027319277856
EE87854,Breast cancer,1000000,18,0.4382834019648624
EE87854,Breast cancer,1000000,19,0.45904301903577405
EE87855,Breast cancer,20000000,0,0.9885042751188476
EE87855,Breast cancer,20000000,1,0.9882712052539082
EE87855,Breast cancer,20000000,2,0.9863908173860481
EE87855,Breast cancer,20000000,3,0.9851370083417906
EE87855,Breast cancer,20000000,4,0.9878407620824383
EE87855,Breast cancer,20000000,5,0.9863492582541779
EE87855,Breast cancer,20000000,6,0.9867395753672903
EE87855,Breast cancer,20000000,7,0.9855498637928767
EE87855,Breast cancer,20000000,8,0.9835195077705076
EE87855,Breast cancer,20000000,9,0.9869411827546541
EE87855,Breast cancer,20000000,10,0.9866677914122419
EE87855,Breast cancer,20000000,11,0.9846768614647836
EE87855,Breast cancer,20000000,12,0.9816414163456366
EE87855,Breast cancer,20000000,13,0.9879878475366118
EE87855,Breast cancer,20000000,14,0.980464146454902
EE87855,Breast cancer,20000000,15,0.986127636466504
EE87855,Breast cancer,20000000,16,0.985580088616055
EE87855,Breast cancer,20000000,17,0.9849531840939264
EE87855,Breast cancer,20000000,18,0.9851721837825586
EE87855,Breast cancer,20000000,19,0.9867301301100472
EE87855,Breast cancer,10000000,0,0.8810667682151261
EE87855,Breast cancer,10000000,1,0.8976758266070218
EE87855,Breast cancer,10000000,2,0.9088896806981935
EE87855,Breast cancer,10000000,3,0.9046976801145418
EE87855,Breast cancer,10000000,4,0.8853347217644575
EE87855,Breast cancer,10000000,5,0.8959221713396076
EE87855,Breast cancer,10000000,6,0.8986954291907865
EE87855,Breast cancer,10000000,7,0.8944048901679432
EE87855,Breast cancer,10000000,8,0.9060095286360659
EE87855,Breast cancer,10000000,9,0.9043818176843879
EE87855,Breast cancer,10000000,10,0.9026072166976515
EE87855,Breast cancer,10000000,11,0.9108565740944605
EE87855,Breast cancer,10000000,12,0.9007743156748279
EE87855,Breast cancer,10000000,13,0.9000224080585634
EE87855,Breast cancer,10000000,14,0.8917133826918592
EE87855,Breast cancer,10000000,15,0.8885847877943828
EE87855,Breast cancer,10000000,16,0.8921794718111099
EE87855,Breast cancer,10000000,17,0.8936464831341332
EE87855,Breast cancer,10000000,18,0.8909774343033504
EE87855,Breast cancer,10000000,19,0.9010678351861239
EE87855,Breast cancer,5000000,0,0.8149171818647543
EE87855,Breast cancer,5000000,1,0.7653168851235245
EE87855,Breast cancer,5000000,2,0.7954943321208826
EE87855,Breast cancer,5000000,3,0.8000557074767307
EE87855,Breast cancer,5000000,4,0.7611833148553704
EE87855,Breast cancer,5000000,5,0.7640774719541
EE87855,Breast cancer,5000000,6,0.7981957604474317
EE87855,Breast cancer,5000000,7,0.7792552964972965
EE87855,Breast cancer,5000000,8,0.8059781249789318
EE87855,Breast cancer,5000000,9,0.7876768636690095
EE87855,Breast cancer,5000000,10,0.7902079647036593
EE87855,Breast cancer,5000000,11,0.7865534060900414
EE87855,Breast cancer,5000000,12,0.7721030544675914
EE87855,Breast cancer,5000000,13,0.771306070162401
EE87855,Breast cancer,5000000,14,0.7963463920476537
EE87855,Breast cancer,5000000,15,0.7654716570629028
EE87855,Breast cancer,5000000,16,0.7835994309330129
EE87855,Breast cancer,5000000,17,0.7726463521870389
EE87855,Breast cancer,5000000,18,0.7850200174313852
EE87855,Breast cancer,5000000,19,0.801148686606832
EE87855,Breast cancer,2000000,0,0.6019830417229326
EE87855,Breast cancer,2000000,1,0.6060763590133993
EE87855,Breast cancer,2000000,2,0.5895783561844012
EE87855,Breast cancer,2000000,3,0.6279959201041281
EE87855,Breast cancer,2000000,4,0.6322909329628374
EE87855,Breast cancer,2000000,5,0.6063196883937838
EE87855,Breast cancer,2000000,6,0.5904187273274129
EE87855,Breast cancer,2000000,7,0.6709811081827196
EE87855,Breast cancer,2000000,8,0.5972566962853214
EE87855,Breast cancer,2000000,9,0.5945111330270031
EE87855,Breast cancer,2000000,10,0.638995893527583
EE87855,Breast cancer,2000000,11,0.6386736161830743
EE87855,Breast cancer,2000000,12,0.5432688119020755
EE87855,Breast cancer,2000000,13,0.6085352725425148
EE87855,Breast cancer,2000000,14,0.6085481064575385
EE87855,Breast cancer,2000000,15,0.5889683189903616
EE87855,Breast cancer,2000000,16,0.6070583075462878
EE87855,Breast cancer,2000000,17,0.6268528746056049
EE87855,Breast cancer,2000000,18,0.5986835004177748
EE87855,Breast cancer,2000000,19,0.6033164841869959
EE87855,Breast cancer,1000000,0,0.5101889529305069
EE87855,Breast cancer,1000000,1,0.4909615624348495
EE87855,Breast cancer,1000000,2,0.49892322421400226
EE87855,Breast cancer,1000000,3,0.5372624075262495
EE87855,Breast cancer,1000000,4,0.5023821352485517
EE87855,Breast cancer,1000000,5,0.45852875588915337
EE87855,Breast cancer,1000000,6,0.49043459868812644
EE87855,Breast cancer,1000000,7,0.5153109446161717
EE87855,Breast cancer,1000000,8,0.4492546875361561
EE87855,Breast cancer,1000000,9,0.5173994071633781
EE87855,Breast cancer,1000000,10,0.5158025162013119
EE87855,Breast cancer,1000000,11,0.5128211258020177
EE87855,Breast cancer,1000000,12,0.40266518491186815
EE87855,Breast cancer,1000000,13,0.5474897413891302
EE87855,Breast cancer,1000000,14,0.5591066596513404
EE87855,Breast cancer,1000000,15,0.44115086445212043
EE87855,Breast cancer,1000000,16,0.5498448054389928
EE87855,Breast cancer,1000000,17,0.5419504431023648
EE87855,Breast cancer,1000000,18,0.4398005578109756
EE87855,Breast cancer,1000000,19,0.4711863577628428
EE87856,Breast cancer,20000000,0,0.9306669740826534
EE87856,Breast cancer,20000000,1,0.9356435998285524
EE87856,Breast cancer,20000000,2,0.929411749378893
EE87856,Breast cancer,20000000,3,0.9339795409214143
EE87856,Breast cancer,20000000,4,0.9391505261333984
EE87856,Breast cancer,20000000,5,0.926297550356249
EE87856,Breast cancer,20000000,6,0.9387678303657857
EE87856,Breast cancer,20000000,7,0.9390455860684411
EE87856,Breast cancer,20000000,8,0.9379180177727173
EE87856,Breast cancer,20000000,9,0.9355428938444282
EE87856,Breast cancer,20000000,10,0.9473406715382482
EE87856,Breast cancer,20000000,11,0.9443973991018539
EE87856,Breast cancer,20000000,12,0.9283534897294228
EE87856,Breast cancer,20000000,13,0.932273988022111
EE87856,Breast cancer,20000000,14,0.934283417645825
EE87856,Breast cancer,20000000,15,0.9309048165600765
EE87856,Breast cancer,20000000,16,0.9393837914174531
EE87856,Breast cancer,20000000,17,0.9392092821474217
EE87856,Breast cancer,20000000,18,0.9362399538289772
EE87856,Breast cancer,20000000,19,0.9406232697265827
EE87856,Breast cancer,10000000,0,0.8390939659640804
EE87856,Breast cancer,10000000,1,0.8567065886206148
EE87856,Breast cancer,10000000,2,0.8492992270522591
EE87856,Breast cancer,10000000,3,0.8595858938665758
EE87856,Breast cancer,10000000,4,0.8653982446152265
EE87856,Breast cancer,10000000,5,0.8506740005289346
EE87856,Breast cancer,10000000,6,0.8432743254457837
EE87856,Breast cancer,10000000,7,0.851452810843416
EE87856,Breast cancer,10000000,8,0.8745698499572034
EE87856,Breast cancer,10000000,9,0.8531184331034771
EE87856,Breast cancer,10000000,10,0.8630487857307568
EE87856,Breast cancer,10000000,11,0.8665064012788227
EE87856,Breast cancer,10000000,12,0.8492287458913133
EE87856,Breast cancer,10000000,13,0.8333981039134631
EE87856,Breast cancer,10000000,14,0.8617210571542461
EE87856,Breast cancer,10000000,15,0.8631846020159437
EE87856,Breast cancer,10000000,16,0.8429709698390137
EE87856,Breast cancer,10000000,17,0.8361246565509047
EE87856,Breast cancer,10000000,18,0.8357271089305234
EE87856,Breast cancer,10000000,19,0.8670304502065581
EE87856,Breast cancer,5000000,0,0.7568958643598506
EE87856,Breast cancer,5000000,1,0.7359861489534355
EE87856,Breast cancer,5000000,2,0.7217407140376834
EE87856,Breast cancer,5000000,3,0.7598588214096895
EE87856,Breast cancer,5000000,4,0.7418585139548791
EE87856,Breast cancer,5000000,5,0.7463440340498267
EE87856,Breast cancer,5000000,6,0.7470191337141991
EE87856,Breast cancer,5000000,7,0.7520660076297824
EE87856,Breast cancer,5000000,8,0.7514693685661412
EE87856,Breast cancer,5000000,9,0.7887603521446004
EE87856,Breast cancer,5000000,10,0.7781249796438422
EE87856,Breast cancer,5000000,11,0.7334242900749237
EE87856,Breast cancer,5000000,12,0.7620343651028362
EE87856,Breast cancer,5000000,13,0.7532282586463188
EE87856,Breast cancer,5000000,14,0.7625619439929133
EE87856,Breast cancer,5000000,15,0.7542894495825198
EE87856,Breast cancer,5000000,16,0.7476129472854643
EE87856,Breast cancer,5000000,17,0.743927546408783
EE87856,Breast cancer,5000000,18,0.7733711491034823
EE87856,Breast cancer,5000000,19,0.7232188642504648
EE87856,Breast cancer,2000000,0,0.574661613453632
EE87856,Breast cancer,2000000,1,0.5602153153904169
EE87856,Breast cancer,2000000,2,0.6166258875814377
EE87856,Breast cancer,2000000,3,0.6161934652036881
EE87856,Breast cancer,2000000,4,0.5982430908427326
EE87856,Breast cancer,2000000,5,0.5753339016664325
EE87856,Breast cancer,2000000,6,0.5782365596384897
EE87856,Breast cancer,2000000,7,0.5884394802776349
EE87856,Breast cancer,2000000,8,0.6075973485272154
EE87856,Breast cancer,2000000,9,0.5394223241209946
EE87856,Breast cancer,2000000,10,0.6102722979990707
EE87856,Breast cancer,2000000,11,0.5897900473167358
EE87856,Breast cancer,2000000,12,0.6014368094854433
EE87856,Breast cancer,2000000,13,0.5710732808249747
EE87856,Breast cancer,2000000,14,0.5851847247439245
EE87856,Breast cancer,2000000,15,0.5818900652686952
EE87856,Breast cancer,2000000,16,0.5758356402696746
EE87856,Breast cancer,2000000,17,0.6325039072426186
EE87856,Breast cancer,2000000,18,0.5930979006188221
EE87856,Breast cancer,2000000,19,0.5505101123210535
EE87856,Breast cancer,1000000,0,0.48827187026201413
EE87856,Breast cancer,1000000,1,0.41360775175645725
EE87856,Breast cancer,1000000,2,0.4516305308725381
EE87856,Breast cancer,1000000,3,0.4661920804110769
EE87856,Breast cancer,1000000,4,0.49413298669881134
EE87856,Breast cancer,1000000,5,0.48311686103706225
EE87856,Breast cancer,1000000,6,0.4535689198197751
EE87856,Breast cancer,1000000,7,0.4812339897782469
EE87856,Breast cancer,1000000,8,0.47977600665780945
EE87856,Breast cancer,1000000,9,0.4803397114121899
EE87856,Breast cancer,1000000,10,0.4716603469198156
EE87856,Breast cancer,1000000,11,0.4416724961285922
EE87856,Breast cancer,1000000,12,0.462874221560047
EE87856,Breast cancer,1000000,13,0.47112256108140277
EE87856,Breast cancer,1000000,14,0.46771987071525545
EE87856,Breast cancer,1000000,15,0.4200902367542427
EE87856,Breast cancer,1000000,16,0.502972341513857
EE87856,Breast cancer,1000000,17,0.4692838316665407
EE87856,Breast cancer,1000000,18,0.4470744857993036
EE87856,Breast cancer,1000000,19,0.5156110097193409
EE87857,Breast cancer,20000000,0,0.9455041878316426
EE87857,Breast cancer,20000000,1,0.9591723374987843
EE87857,Breast cancer,20000000,2,0.9561477550903424
EE87857,Breast cancer,20000000,3,0.9550554273750913
EE87857,Breast cancer,20000000,4,0.9574870274277243
EE87857,Breast cancer,20000000,5,0.9593218826417018
EE87857,Breast cancer,20000000,6,0.9616160379165197
EE87857,Breast cancer,20000000,7,0.9526653213146234
EE87857,Breast cancer,20000000,8,0.9566589063564629
EE87857,Breast cancer,20000000,9,0.9630255959957322
EE87857,Breast cancer,20000000,10,0.9547074510703105
EE87857,Breast cancer,20000000,11,0.9563429787866038
EE87857,Breast cancer,20000000,12,0.9621217825871147
EE87857,Breast cancer,20000000,13,0.9485271261274056
EE87857,Breast cancer,20000000,14,0.9503706449221647
EE87857,Breast cancer,20000000,15,0.9555973245820312
EE87857,Breast cancer,20000000,16,0.95854548249631
EE87857,Breast cancer,20000000,17,0.9460841917660808
EE87857,Breast cancer,20000000,18,0.9539111181751503
EE87857,Breast cancer,20000000,19,0.9632363229418133
EE87857,Breast cancer,10000000,0,0.8933187507246794
EE87857,Breast cancer,10000000,1,0.887459806969229
EE87857,Breast cancer,10000000,2,0.8865971799718857
EE87857,Breast cancer,10000000,3,0.8789545337886165
EE87857,Breast cancer,10000000,4,0.8828034435453719
EE87857,Breast cancer,10000000,5,0.8985152707010726
EE87857,Breast cancer,10000000,6,0.8792018041092732
EE87857,Breast cancer,10000000,7,0.8845285383562127
EE87857,Breast cancer,10000000,8,0.88936994562691
EE87857,Breast cancer,10000000,9,0.8888677040088883
EE87857,Breast cancer,10000000,10,0.9012105562800539
EE87857,Breast cancer,10000000,11,0.8952715088049341
EE87857,Breast cancer,10000000,12,0.8990152179379116
EE87857,Breast cancer,10000000,13,0.891212132660918
EE87857,Breast cancer,10000000,14,0.8915528133187248
EE87857,Breast cancer,10000000,15,0.8798789313440537
EE87857,Breast cancer,10000000,16,0.8659010069605197
EE87857,Breast cancer,10000000,17,0.8966161697693172
EE87857,Breast cancer,10000000,18,0.8877912559065428
EE87857,Breast cancer,10000000,19,0.8866561784140075
EE87857,Breast cancer,5000000,0,0.8007375117414319
EE87857,Breast cancer,5000000,1,0.8103611021240936
EE87857,Breast cancer,5000000,2,0.7987013096989113
EE87857,Breast cancer,5000000,3,0.7914703464520358
EE87857,Breast cancer,5000000,4,0.7892398978088309
EE87857,Breast cancer,5000000,5,0.8013577068739326
EE87857,Breast cancer,5000000,6,0.8355104163440221
EE87857,Breast cancer,5000000,7,0.8000228900931271
EE87857,Breast cancer,5000000,8,0.7999809792061034
EE87857,Breast cancer,5000000,9,0.8147484567548647
EE87857,Breast cancer,5000000,10,0.8143833680093698
EE87857,Breast cancer,5000000,11,0.8082314439778995
EE87857,Breast cancer,5000000,12,0.7873348219927279
EE87857,Breast cancer,5000000,13,0.7922148410430765
EE87857,Breast cancer,5000000,14,0.8094164786748318
EE87857,Breast cancer,5000000,15,0.7710665714758443
EE87857,Breast cancer,5000000,16,0.7993850160439094
EE87857,Breast cancer,5000000,17,0.780729721032699
EE87857,Breast cancer,5000000,18,0.8191909847167756
EE87857,Breast cancer,5000000,19,0.8153781622945685
EE87857,Breast cancer,2000000,0,0.6284417605290611
EE87857,Breast cancer,2000000,1,0.675915734878381
EE87857,Breast cancer,2000000,2,0.6161998062907882
EE87857,Breast cancer,2000000,3,0.6332322359665014
EE87857,Breast cancer,2000000,4,0.6368319642106819
EE87857,Breast cancer,2000000,5,0.6930870600804193
EE87857,Breast cancer,2000000,6,0.6833651456700786
EE87857,Breast cancer,2000000,7,0.6398814900258819
EE87857,Breast cancer,2000000,8,0.6669412631294037
EE87857,Breast cancer,2000000,9,0.6538957552294662
EE87857,Breast cancer,2000000,10,0.6780240462256132
EE87857,Breast cancer,2000000,11,0.6368667799283402
EE87857,Breast cancer,2000000,12,0.6509451649846394
EE87857,Breast cancer,2000000,13,0.6633249559863219
EE87857,Breast cancer,2000000,14,0.6924566618171271
EE87857,Breast cancer,2000000,15,0.6962697663397899
EE87857,Breast cancer,2000000,16,0.6597461697729385
EE87857,Breast cancer,2000000,17,0.6736958818480332
EE87857,Breast cancer,2000000,18,0.6841085398188775
EE87857,Breast cancer,2000000,19,0.6166889360454713
EE87857,Breast cancer,1000000,0,0.48015038154774886
EE87857,Breast cancer,1000000,1,0.5380545780344977
EE87857,Breast cancer,1000000,2,0.5340966252857449
EE87857,Breast cancer,1000000,3,0.5466926115978943
EE87857,Breast cancer,1000000,4,0.542607196645691
EE87857,Breast cancer,1000000,5,0.5821009266530951
EE87857,Breast cancer,1000000,6,0.4862327857710457
EE87857,Breast cancer,1000000,7,0.5781864216649081
EE87857,Breast cancer,1000000,8,0.527717327209006
EE87857,Breast cancer,1000000,9,0.591150832509086
EE87857,Breast cancer,1000000,10,0.5642647102170254
EE87857,Breast cancer,1000000,11,0.5594389958594638
EE87857,Breast cancer,1000000,12,0.5235665549211367
EE87857,Breast cancer,1000000,13,0.5351033531157293
EE87857,Breast cancer,1000000,14,0.4647886156474864
EE87857,Breast cancer,1000000,15,0.5763743274487468
EE87857,Breast cancer,1000000,16,0.5379883648422572
EE87857,Breast cancer,1000000,17,0.5212614651397806
EE87857,Breast cancer,1000000,18,0.555872948872184
EE87857,Breast cancer,1000000,19,0.5643296728937522
EE87858,Breast cancer,20000000,0,0.9780096172260648
EE87858,Breast cancer,20000000,1,0.9759589541690064
EE87858,Breast cancer,20000000,2,0.971003581380988
EE87858,Breast cancer,20000000,3,0.9692018822769194
EE87858,Breast cancer,20000000,4,0.9733534962433934
EE87858,Breast cancer,20000000,5,0.9749205621295993
EE87858,Breast cancer,20000000,6,0.9713313643771797
EE87858,Breast cancer,20000000,7,0.9716752368805378
EE87858,Breast cancer,20000000,8,0.9743832898417236
EE87858,Breast cancer,20000000,9,0.979095316635888
EE87858,Breast cancer,20000000,10,0.9729823944633339
EE87858,Breast cancer,20000000,11,0.9741962086086031
EE87858,Breast cancer,20000000,12,0.9741965343071286
EE87858,Breast cancer,20000000,13,0.9759274916914308
EE87858,Breast cancer,20000000,14,0.9781734435844557
EE87858,Breast cancer,20000000,15,0.9741936514549224
EE87858,Breast cancer,20000000,16,0.9778768625070189
EE87858,Breast cancer,20000000,17,0.9777719224420617
EE87858,Breast cancer,20000000,18,0.9747763428224514
EE87858,Breast cancer,20000000,19,0.9788258988111013
EE87858,Breast cancer,10000000,0,0.918201531825306
EE87858,Breast cancer,10000000,1,0.9111818817818578
EE87858,Breast cancer,10000000,2,0.8930138969046916
EE87858,Breast cancer,10000000,3,0.8975105558892157
EE87858,Breast cancer,10000000,4,0.9038414838303711
EE87858,Breast cancer,10000000,5,0.9215481643231818
EE87858,Breast cancer,10000000,6,0.9117009949389869
EE87858,Breast cancer,10000000,7,0.9150252193262092
EE87858,Breast cancer,10000000,8,0.9149816110612431
EE87858,Breast cancer,10000000,9,0.9128391661596628
EE87858,Breast cancer,10000000,10,0.9008638176296704
EE87858,Breast cancer,10000000,11,0.9133350747347837
EE87858,Breast cancer,10000000,12,0.9203835816676025
EE87858,Breast cancer,10000000,13,0.915740879464187
EE87858,Breast cancer,10000000,14,0.931243152188499
EE87858,Breast cancer,10000000,15,0.9196361686909917
EE87858,Breast cancer,10000000,16,0.9180841500766694
EE87858,Breast cancer,10000000,17,0.9085968599502344
EE87858,Breast cancer,10000000,18,0.9095548370392644
EE87858,Breast cancer,10000000,19,0.9281453683715466
EE87858,Breast cancer,5000000,0,0.8441917342305202
EE87858,Breast cancer,5000000,1,0.8338295377593627
EE87858,Breast cancer,5000000,2,0.8357973893242996
EE87858,Breast cancer,5000000,3,0.8360876571983935
EE87858,Breast cancer,5000000,4,0.823389987887109
EE87858,Breast cancer,5000000,5,0.8406636596547868
EE87858,Breast cancer,5000000,6,0.8392321546145705
EE87858,Breast cancer,5000000,7,0.8409419331640571
EE87858,Breast cancer,5000000,8,0.8498693110217247
EE87858,Breast cancer,5000000,9,0.8265226214973181
EE87858,Breast cancer,5000000,10,0.8433418890537595
EE87858,Breast cancer,5000000,11,0.842606214933871
EE87858,Breast cancer,5000000,12,0.8296003884150469
EE87858,Breast cancer,5000000,13,0.8404124125010912
EE87858,Breast cancer,5000000,14,0.8316047888041261
EE87858,Breast cancer,5000000,15,0.8142866427592006
EE87858,Breast cancer,5000000,16,0.8287783118129931
EE87858,Breast cancer,5000000,17,0.8300735036432639
EE87858,Breast cancer,5000000,18,0.8174436446681793
EE87858,Breast cancer,5000000,19,0.7969982254966655
EE87858,Breast cancer,2000000,0,0.6807153812712178
EE87858,Breast cancer,2000000,1,0.6959115106940515
EE87858,Breast cancer,2000000,2,0.7126496414416609
EE87858,Breast cancer,2000000,3,0.7072516240509411
EE87858,Breast cancer,2000000,4,0.6857195452811441
EE87858,Breast cancer,2000000,5,0.6963010659706512
EE87858,Breast cancer,2000000,6,0.679552505844742
EE87858,Breast cancer,2000000,7,0.7190413740102245
EE87858,Breast cancer,2000000,8,0.6739633129248467
EE87858,Breast cancer,2000000,9,0.6871119810591991
EE87858,Breast cancer,2000000,10,0.6917020270776314
EE87858,Breast cancer,2000000,11,0.6972889619676779
EE87858,Breast cancer,2000000,12,0.7132373184780135
EE87858,Breast cancer,2000000,13,0.7080463304880106
EE87858,Breast cancer,2000000,14,0.6931055171916157
EE87858,Breast cancer,2000000,15,0.706663048589789
EE87858,Breast cancer,2000000,16,0.703105560122123
EE87858,Breast cancer,2000000,17,0.6695872163452733
EE87858,Breast cancer,2000000,18,0.65224404089347
EE87858,Breast cancer,2000000,19,0.6887200087612934
EE87858,Breast cancer,1000000,0,0.5495222604082262
EE87858,Breast cancer,1000000,1,0.5368155267159317
EE87858,Breast cancer,1000000,2,0.5528404936308633
EE87858,Breast cancer,1000000,3,0.564500541987067
EE87858,Breast cancer,1000000,4,0.5537737124505357
EE87858,Breast cancer,1000000,5,0.5592813279289748
EE87858,Breast cancer,1000000,6,0.5659908985483527
EE87858,Breast cancer,1000000,7,0.5450408904807983
EE87858,Breast cancer,1000000,8,0.6073438259743033
EE87858,Breast cancer,1000000,9,0.5649187589613086
EE87858,Breast cancer,1000000,10,0.5576680945075795
EE87858,Breast cancer,1000000,11,0.5339150571739109
EE87858,Breast cancer,1000000,12,0.5669634509659743
EE87858,Breast cancer,1000000,13,0.5587812163767182
EE87858,Breast cancer,1000000,14,0.5721935304369182
EE87858,Breast cancer,1000000,15,0.5432855528090191
EE87858,Breast cancer,1000000,16,0.5668198437839008
EE87858,Breast cancer,1000000,17,0.529491920093187
EE87858,Breast cancer,1000000,18,0.5493502647090902
EE87858,Breast cancer,1000000,19,0.5463821793898254
EE87859,Breast cancer,20000000,0,0.9237508484446595
EE87859,Breast cancer,20000000,1,0.9272767304036968
EE87859,Breast cancer,20000000,2,0.9192663705849937
EE87859,Breast cancer,20000000,3,0.921601629013746
EE87859,Breast cancer,20000000,4,0.9188292180238958
EE87859,Breast cancer,20000000,5,0.9309255309863065
EE87859,Breast cancer,20000000,6,0.9324324729246818
EE87859,Breast cancer,20000000,7,0.9373170388532287
EE87859,Breast cancer,20000000,8,0.9267968461960366
EE87859,Breast cancer,20000000,9,0.9249219300634071
EE87859,Breast cancer,20000000,10,0.9303858485293409
EE87859,Breast cancer,20000000,11,0.928689740887281
EE87859,Breast cancer,20000000,12,0.9282765597376695
EE87859,Breast cancer,20000000,13,0.9318026371158226
EE87859,Breast cancer,20000000,14,0.9304407613007618
EE87859,Breast cancer,20000000,15,0.9196824830213359
EE87859,Breast cancer,20000000,16,0.9365401175901958
EE87859,Breast cancer,20000000,17,0.9221527109191083
EE87859,Breast cancer,20000000,18,0.9339080653036629
EE87859,Breast cancer,20000000,19,0.9465107916949483
EE87859,Breast cancer,10000000,0,0.806653304341822
EE87859,Breast cancer,10000000,1,0.8038419398083069
EE87859,Breast cancer,10000000,2,0.8419379329663244
EE87859,Breast cancer,10000000,3,0.8428059709659307
EE87859,Breast cancer,10000000,4,0.8278347957387365
EE87859,Breast cancer,10000000,5,0.7990313074450776
EE87859,Breast cancer,10000000,6,0.8253997949402083
EE87859,Breast cancer,10000000,7,0.7990696747313966
EE87859,Breast cancer,10000000,8,0.8356067958951564
EE87859,Breast cancer,10000000,9,0.825290229956187
EE87859,Breast cancer,10000000,10,0.8322626537134192
EE87859,Breast cancer,10000000,11,0.8348148924999447
EE87859,Breast cancer,10000000,12,0.8325654366211098
EE87859,Breast cancer,10000000,13,0.8243630448181211
EE87859,Breast cancer,10000000,14,0.8371794637960034
EE87859,Breast cancer,10000000,15,0.8237443613033796
EE87859,Breast cancer,10000000,16,0.8354013452651905
EE87859,Breast cancer,10000000,17,0.8534182060264651
EE87859,Breast cancer,10000000,18,0.8283520375757094
EE87859,Breast cancer,10000000,19,0.8242320354464221
EE87859,Breast cancer,5000000,0,0.7228530396605218
EE87859,Breast cancer,5000000,1,0.7127559082610149
EE87859,Breast cancer,5000000,2,0.7080410636806109
EE87859,Breast cancer,5000000,3,0.6863884509645963
EE87859,Breast cancer,5000000,4,0.6941901797396689
EE87859,Breast cancer,5000000,5,0.70021782717394
EE87859,Breast cancer,5000000,6,0.7085310330201477
EE87859,Breast cancer,5000000,7,0.6788239071645845
EE87859,Breast cancer,5000000,8,0.7246425576688741
EE87859,Breast cancer,5000000,9,0.712231652298449
EE87859,Breast cancer,5000000,10,0.7316913578451553
EE87859,Breast cancer,5000000,11,0.7082311203099968
EE87859,Breast cancer,5000000,12,0.736342084299315
EE87859,Breast cancer,5000000,13,0.7070396479329218
EE87859,Breast cancer,5000000,14,0.7320462183159246
EE87859,Breast cancer,5000000,15,0.7137886425015731
EE87859,Breast cancer,5000000,16,0.725003952758796
EE87859,Breast cancer,5000000,17,0.709681453813995
EE87859,Breast cancer,5000000,18,0.7100368371570467
EE87859,Breast cancer,5000000,19,0.7307913995653688
EE87859,Breast cancer,2000000,0,0.5306246048258716
EE87859,Breast cancer,2000000,1,0.5656773258142158
EE87859,Breast cancer,2000000,2,0.5216965800430673
EE87859,Breast cancer,2000000,3,0.5363074258261459
EE87859,Breast cancer,2000000,4,0.5196322459420183
EE87859,Breast cancer,2000000,5,0.5126611242977434
EE87859,Breast cancer,2000000,6,0.5307847009491323
EE87859,Breast cancer,2000000,7,0.5181650475186907
EE87859,Breast cancer,2000000,8,0.49975969961213973
EE87859,Breast cancer,2000000,9,0.5316078562009627
EE87859,Breast cancer,2000000,10,0.5725591920031762
EE87859,Breast cancer,2000000,11,0.48515342161328306
EE87859,Breast cancer,2000000,12,0.5029666252139281
EE87859,Breast cancer,2000000,13,0.5390791443410505
EE87859,Breast cancer,2000000,14,0.5531987212553946
EE87859,Breast cancer,2000000,15,0.5529951866800787
EE87859,Breast cancer,2000000,16,0.5122823936726559
EE87859,Breast cancer,2000000,17,0.564587366397438
EE87859,Breast cancer,2000000,18,0.5767561808424946
EE87859,Breast cancer,2000000,19,0.5276998507714306
EE87859,Breast cancer,1000000,0,0.3640694805601227
EE87859,Breast cancer,1000000,1,0.42839773812704374
EE87859,Breast cancer,1000000,2,0.4217039430897842
EE87859,Breast cancer,1000000,3,0.33705918369454174
EE87859,Breast cancer,1000000,4,0.433899494050092
EE87859,Breast cancer,1000000,5,0.41461750988754226
EE87859,Breast cancer,1000000,6,0.42260754939128053
EE87859,Breast cancer,1000000,7,0.46089058184139026
EE87859,Breast cancer,1000000,8,0.4151591475040586
EE87859,Breast cancer,1000000,9,0.4028271808222465
EE87859,Breast cancer,1000000,10,0.3886325532592103
EE87859,Breast cancer,1000000,11,0.336775821137928
EE87859,Breast cancer,1000000,12,0.41656492521773925
EE87859,Breast cancer,1000000,13,0.45173523157725815
EE87859,Breast cancer,1000000,14,0.48181662290635485
EE87859,Breast cancer,1000000,15,0.4296262988187844
EE87859,Breast cancer,1000000,16,0.3912498272983306
EE87859,Breast cancer,1000000,17,0.43433291378467803
EE87859,Breast cancer,1000000,18,0.4188547816076302
EE87859,Breast cancer,1000000,19,0.3928587451780267
EE87860,Breast cancer,20000000,0,0.9566450315992712
EE87860,Breast cancer,20000000,1,0.9382983685109455
EE87860,Breast cancer,20000000,2,0.9558713503179366
EE87860,Breast cancer,20000000,3,0.9439033144384762
EE87860,Breast cancer,20000000,4,0.9484617258634596
EE87860,Breast cancer,20000000,5,0.9493657346911923
EE87860,Breast cancer,20000000,6,0.9566369542758354
EE87860,Breast cancer,20000000,7,0.9492427492747596
EE87860,Breast cancer,20000000,8,0.9565162504022378
EE87860,Breast cancer,20000000,9,0.9536180546417903
EE87860,Breast cancer,20000000,10,0.94983135330343
EE87860,Breast cancer,20000000,11,0.9477472735776421
EE87860,Breast cancer,20000000,12,0.9403867474572719
EE87860,Breast cancer,20000000,13,0.9497393760397927
EE87860,Breast cancer,20000000,14,0.9514974315414271
EE87860,Breast cancer,20000000,15,0.9505226809939278
EE87860,Breast cancer,20000000,16,0.9457795161973057
EE87860,Breast cancer,20000000,17,0.9433100220041926
EE87860,Breast cancer,20000000,18,0.9348757981242372
EE87860,Breast cancer,20000000,19,0.9562189527880447
EE87860,Breast cancer,10000000,0,0.8734105728485102
EE87860,Breast cancer,10000000,1,0.8868586000509818
EE87860,Breast cancer,10000000,2,0.8677828789404637
EE87860,Breast cancer,10000000,3,0.8817204308079539
EE87860,Breast cancer,10000000,4,0.8684074384332077
EE87860,Breast cancer,10000000,5,0.8666938733501741
EE87860,Breast cancer,10000000,6,0.8714313538245476
EE87860,Breast cancer,10000000,7,0.8728557637565286
EE87860,Breast cancer,10000000,8,0.8873752086099057
EE87860,Breast cancer,10000000,9,0.865004865935973
EE87860,Breast cancer,10000000,10,0.8784710160633052
EE87860,Breast cancer,10000000,11,0.8774950604153678
EE87860,Breast cancer,10000000,12,0.8721245705664941
EE87860,Breast cancer,10000000,13,0.8764891913687287
EE87860,Breast cancer,10000000,14,0.8781399617760212
EE87860,Breast cancer,10000000,15,0.8780375621595636
EE87860,Breast cancer,10000000,16,0.860007217479328
EE87860,Breast cancer,10000000,17,0.8696090705736593
EE87860,Breast cancer,10000000,18,0.8788209973931091
EE87860,Breast cancer,10000000,19,0.8760227259403243
EE87860,Breast cancer,5000000,0,0.767442138066316
EE87860,Breast cancer,5000000,1,0.774925056769253
EE87860,Breast cancer,5000000,2,0.7680584198931449
EE87860,Breast cancer,5000000,3,0.7501526467614708
EE87860,Breast cancer,5000000,4,0.7834501562432911
EE87860,Breast cancer,5000000,5,0.7675647260679981
EE87860,Breast cancer,5000000,6,0.7732972806778698
EE87860,Breast cancer,5000000,7,0.7528885347749708
EE87860,Breast cancer,5000000,8,0.79817146333742
EE87860,Breast cancer,5000000,9,0.7592530547021444
EE87860,Breast cancer,5000000,10,0.7779950187014477
EE87860,Breast cancer,5000000,11,0.7960611323104663
EE87860,Breast cancer,5000000,12,0.7753236466249166
EE87860,Breast cancer,5000000,13,0.7733151940967794
EE87860,Breast cancer,5000000,14,0.788819942129886
EE87860,Breast cancer,5000000,15,0.7628633779832908
EE87860,Breast cancer,5000000,16,0.7787188439212845
EE87860,Breast cancer,5000000,17,0.8053644112271027
EE87860,Breast cancer,5000000,18,0.7759530716620311
EE87860,Breast cancer,5000000,19,0.7770441092550533
EE87860,Breast cancer,2000000,0,0.6281267467620204
EE87860,Breast cancer,2000000,1,0.5703107274874408
EE87860,Breast cancer,2000000,2,0.6240945966722474
EE87860,Breast cancer,2000000,3,0.6044211166124854
EE87860,Breast cancer,2000000,4,0.6237108281543479
EE87860,Breast cancer,2000000,5,0.5990996813219011
EE87860,Breast cancer,2000000,6,0.6376519961835961
EE87860,Breast cancer,2000000,7,0.6102822417434761
EE87860,Breast cancer,2000000,8,0.5728376503345085
EE87860,Breast cancer,2000000,9,0.6129690069329029
EE87860,Breast cancer,2000000,10,0.5851041644173115
EE87860,Breast cancer,2000000,11,0.6112111041838663
EE87860,Breast cancer,2000000,12,0.6147236802481576
EE87860,Breast cancer,2000000,13,0.6279349428877841
EE87860,Breast cancer,2000000,14,0.6108017481155359
EE87860,Breast cancer,2000000,15,0.6203100119428818
EE87860,Breast cancer,2000000,16,0.6459837999502271
EE87860,Breast cancer,2000000,17,0.6201434620697595
EE87860,Breast cancer,2000000,18,0.608360222326385
EE87860,Breast cancer,2000000,19,0.6219254891279808
EE87860,Breast cancer,1000000,0,0.5376321808940275
EE87860,Breast cancer,1000000,1,0.5463683491186808
EE87860,Breast cancer,1000000,2,0.48902473921803447
EE87860,Breast cancer,1000000,3,0.45022776591638936
EE87860,Breast cancer,1000000,4,0.4630245441261846
EE87860,Breast cancer,1000000,5,0.5360837860869173
EE87860,Breast cancer,1000000,6,0.46280914940662665
EE87860,Breast cancer,1000000,7,0.5286810024208338
EE87860,Breast cancer,1000000,8,0.5160539692359908
EE87860,Breast cancer,1000000,9,0.43974051723672686
EE87860,Breast cancer,1000000,10,0.5084804758327
EE87860,Breast cancer,1000000,11,0.48449503672790384
EE87860,Breast cancer,1000000,12,0.4529384785369243
EE87860,Breast cancer,1000000,13,0.5555190139826929
EE87860,Breast cancer,1000000,14,0.5137716936374063
EE87860,Breast cancer,1000000,15,0.49019390806549246
EE87860,Breast cancer,1000000,16,0.4972154235353781
EE87860,Breast cancer,1000000,17,0.496445984152437
EE87860,Breast cancer,1000000,18,0.5133168166115861
EE87860,Breast cancer,1000000,19,0.4816717980486348
EE87920,Healthy,20000000,0,0.9862007397264915
EE87920,Healthy,20000000,1,0.9884900746631301
EE87920,Healthy,20000000,2,0.9831682258940752
EE87920,Healthy,20000000,3,0.9841647982427913
EE87920,Healthy,20000000,4,0.983851736819958
EE87920,Healthy,20000000,5,0.9873186022061516
EE87920,Healthy,20000000,6,0.9845922449878255
EE87920,Healthy,20000000,7,0.9865404432887215
EE87920,Healthy,20000000,8,0.9860622527133946
EE87920,Healthy,20000000,9,0.9843708351301037
EE87920,Healthy,20000000,10,0.9868822964612205
EE87920,Healthy,20000000,11,0.9837171581891684
EE87920,Healthy,20000000,12,0.9841722241691758
EE87920,Healthy,20000000,13,0.9878640169571682
EE87920,Healthy,20000000,14,0.9831860741732796
EE87920,Healthy,20000000,15,0.9887861997626312
EE87920,Healthy,20000000,16,0.9868414538661068
EE87920,Healthy,20000000,17,0.97717459134606
EE87920,Healthy,20000000,18,0.9865068963405818
EE87920,Healthy,20000000,19,0.9887222325721978
EE87920,Healthy,10000000,0,0.9734783690581191
EE87920,Healthy,10000000,1,0.9772194074631864
EE87920,Healthy,10000000,2,0.9771109498541524
EE87920,Healthy,10000000,3,0.9670655605076207
EE87920,Healthy,10000000,4,0.970308084749362
EE87920,Healthy,10000000,5,0.970450675563882
EE87920,Healthy,10000000,6,0.9725966380095392
EE87920,Healthy,10000000,7,0.9718077310407631
EE87920,Healthy,10000000,8,0.970775396993933
EE87920,Healthy,10000000,9,0.9713512319872432
EE87920,Healthy,10000000,10,0.9618927513838932
EE87920,Healthy,10000000,11,0.975607590599559
EE87920,Healthy,10000000,12,0.9709146656834915
EE87920,Healthy,10000000,13,0.969836017306317
EE87920,Healthy,10000000,14,0.9737486988343902
EE87920,Healthy,10000000,15,0.9744598941349514
EE87920,Healthy,10000000,16,0.9754760735349105
EE87920,Healthy,10000000,17,0.9744418663053457
EE87920,Healthy,10000000,18,0.9747356956464531
EE87920,Healthy,10000000,19,0.9755931947247263
EE87920,Healthy,5000000,0,0.9457386907700948
EE87920,Healthy,5000000,1,0.937620474868784
EE87920,Healthy,5000000,2,0.9458873395771914
EE87920,Healthy,5000000,3,0.9404653059416533
EE87920,Healthy,5000000,4,0.9505754580253819
EE87920,Healthy,5000000,5,0.9353310595233598
EE87920,Healthy,5000000,6,0.9392886874479697
EE87920,Healthy,5000000,7,0.9397858336774884
EE87920,Healthy,5000000,8,0.9454194067277403
EE87920,Healthy,5000000,9,0.9471838305531246
EE87920,Healthy,5000000,10,0.9444537449467875
EE87920,Healthy,5000000,11,0.9460162013197339
EE87920,Healthy,5000000,12,0.9581134915747247
EE87920,Healthy,5000000,13,0.9539242267904665
EE87920,Healthy,5000000,14,0.9568229762856133
EE87920,Healthy,5000000,15,0.9455400146694617
EE87920,Healthy,5000000,16,0.9456492042150798
EE87920,Healthy,5000000,17,0.9560273769152702
EE87920,Healthy,5000000,18,0.9567667777081508
EE87920,Healthy,5000000,19,0.9430905165560789
EE87920,Healthy,2000000,0,0.8966555107859397
EE87920,Healthy,2000000,1,0.8928336518502175
EE87920,Healthy,2000000,2,0.8735434395048685
EE87920,Healthy,2000000,3,0.8832073710529375
EE87920,Healthy,2000000,4,0.8673406085918172
EE87920,Healthy,2000000,5,0.8825325696960953
EE87920,Healthy,2000000,6,0.906423491462139
EE87920,Healthy,2000000,7,0.8772509779383706
EE87920,Healthy,2000000,8,0.8916310100051665
EE87920,Healthy,2000000,9,0.8916272464222312
EE87920,Healthy,2000000,10,0.8864713915036787
EE87920,Healthy,2000000,11,0.8734702224739225
EE87920,Healthy,2000000,12,0.9194055089951421
EE87920,Healthy,2000000,13,0.9034191768307974
EE87920,Healthy,2000000,14,0.9100347834642926
EE87920,Healthy,2000000,15,0.8864945197966078
EE87920,Healthy,2000000,16,0.8805881073137559
EE87920,Healthy,2000000,17,0.8834513881922561
EE87920,Healthy,2000000,18,0.8778380026941137
EE87920,Healthy,2000000,19,0.903955022336405
EE87920,Healthy,1000000,0,0.8186651844342949
EE87920,Healthy,1000000,1,0.8273162915259966
EE87920,Healthy,1000000,2,0.8339649225887873
EE87920,Healthy,1000000,3,0.7810484551979764
EE87920,Healthy,1000000,4,0.8248862681012087
EE87920,Healthy,1000000,5,0.8264029175703286
EE87920,Healthy,1000000,6,0.8113142017231464
EE87920,Healthy,1000000,7,0.7837662312706362
EE87920,Healthy,1000000,8,0.8001325853709318
EE87920,Healthy,1000000,9,0.8237559695860758
EE87920,Healthy,1000000,10,0.8383046250415802
EE87920,Healthy,1000000,11,0.7966484374234443
EE87920,Healthy,1000000,12,0.8484312533050336
EE87920,Healthy,1000000,13,0.8136695693466937
EE87920,Healthy,1000000,14,0.7958637646422663
EE87920,Healthy,1000000,15,0.7958529973168549
EE87920,Healthy,1000000,16,0.826418516939788
EE87920,Healthy,1000000,17,0.8154529572151183
EE87920,Healthy,1000000,18,0.8204726810898595
EE87920,Healthy,1000000,19,0.8311881522846719
EE87921,Healthy,20000000,0,0.9826796129659282
EE87921,Healthy,20000000,1,0.9822014875303064
EE87921,Healthy,20000000,2,0.9842557984108519
EE87921,Healthy,20000000,3,0.9819122020998436
EE87921,Healthy,20000000,4,0.9862946060415775
EE87921,Healthy,20000000,5,0.98226304455165
EE87921,Healthy,20000000,6,0.9871345173994667
EE87921,Healthy,20000000,7,0.9840205137959382
EE87921,Healthy,20000000,8,0.9813880880324032
EE87921,Healthy,20000000,9,0.9833917202223611
EE87921,Healthy,20000000,10,0.9842757311606203
EE87921,Healthy,20000000,11,0.9824452403068863
EE87921,Healthy,20000000,12,0.9800532451949698
EE87921,Healthy,20000000,13,0.9873408799853045
EE87921,Healthy,20000000,14,0.9859279997811309
EE87921,Healthy,20000000,15,0.9862665959683735
EE87921,Healthy,20000000,16,0.983827439709946
EE87921,Healthy,20000000,17,0.9857908155621362
EE87921,Healthy,20000000,18,0.9845786959291595
EE87921,Healthy,20000000,19,0.9854160668385488
EE87921,Healthy,10000000,0,0.9678471066897175
EE87921,Healthy,10000000,1,0.9746020289715355
EE87921,Healthy,10000000,2,0.9585867810693596
EE87921,Healthy,10000000,3,0.9649438951719753
EE87921,Healthy,10000000,4,0.9692743827687241
EE87921,Healthy,10000000,5,0.9652264060731051
EE87921,Healthy,10000000,6,0.9643055260617447
EE87921,Healthy,10000000,7,0.9635176613282508
EE87921,Healthy,10000000,8,0.969921089761211
EE87921,Healthy,10000000,9,0.9714664641256103
EE87921,Healthy,10000000,10,0.9714867858562692
EE87921,Healthy,10000000,11,0.9703886783673107
EE87921,Healthy,10000000,12,0.9644510481629953
EE87921,Healthy,10000000,13,0.9630119166576557
EE87921,Healthy,10000000,14,0.9729357553144229
EE87921,Healthy,10000000,15,0.9754010325946058
EE87921,Healthy,10000000,16,0.971127086261906
EE87921,Healthy,10000000,17,0.969240575261764
EE87921,Healthy,10000000,18,0.9703906167557561
EE87921,Healthy,10000000,19,0.9701998225594433
EE87921,Healthy,5000000,0,0.9335659689335719
EE87921,Healthy,5000000,1,0.9383868109422137
EE87921,Healthy,5000000,2,0.9444909397184141
EE87921,Healthy,5000000,3,0.9373281126031
EE87921,Healthy,5000000,4,0.9377359522968912
EE87921,Healthy,5000000,5,0.9469371962047003
EE87921,Healthy,5000000,6,0.943641713382692
EE87921,Healthy,5000000,7,0.9477828878610677
EE87921,Healthy,5000000,8,0.9501373144984048
EE87921,Healthy,5000000,9,0.9328504744124725
EE87921,Healthy,5000000,10,0.9480767656455276
EE87921,Healthy,5000000,11,0.935314514038258
EE87921,Healthy,5000000,12,0.9466446537889813
EE87921,Healthy,5000000,13,0.9437430056241621
EE87921,Healthy,5000000,14,0.941295706902594
EE87921,Healthy,5000000,15,0.9436844450292543
EE87921,Healthy,5000000,16,0.9192212287693418
EE87921,Healthy,5000000,17,0.94625044370318
EE87921,Healthy,5000000,18,0.9365621500623739
EE87921,Healthy,5000000,19,0.9356512038412105
EE87921,Healthy,2000000,0,0.8885439922389952
EE87921,Healthy,2000000,1,0.8799008977538022
EE87921,Healthy,2000000,2,0.8712650521573619
EE87921,Healthy,2000000,3,0.8816504017703154
EE87921,Healthy,2000000,4,0.8925756805751952
EE87921,Healthy,2000000,5,0.8856805628878445
EE87921,Healthy,2000000,6,0.8747407683841054
EE87921,Healthy,2000000,7,0.8818967275732706
EE87921,Healthy,2000000,8,0.8796356488702115
EE87921,Healthy,2000000,9,0.8793604114328286
EE87921,Healthy,2000000,10,0.8718520260402487
EE87921,Healthy,2000000,11,0.8706310615855374
EE87921,Healthy,2000000,12,0.8869685558750242
EE87921,Healthy,2000000,13,0.8799401769966327
EE87921,Healthy,2000000,14,0.8865726186087407
EE87921,Healthy,2000000,15,0.8882450154526047
EE87921,Healthy,2000000,16,0.8658501838893876
EE87921,Healthy,2000000,17,0.8955280498692357
EE87921,Healthy,2000000,18,0.8808519804979547
EE87921,Healthy,2000000,19,0.880991709050632
EE87921,Healthy,1000000,0,0.7962572673531089
EE87921,Healthy,1000000,1,0.8109178652875946
EE87921,Healthy,1000000,2,0.7768998355743416
EE87921,Healthy,1000000,3,0.7846257395738324
EE87921,Healthy,1000000,4,0.8165559679677471
EE87921,Healthy,1000000,5,0.7874794991022425
EE87921,Healthy,1000000,6,0.7642780792136058
EE87921,Healthy,1000000,7,0.8292360318430979
EE87921,Healthy,1000000,8,0.8152624754191268
EE87921,Healthy,1000000,9,0.8129804613282091
EE87921,Healthy,1000000,10,0.8002172539834652
EE87921,Healthy,1000000,11,0.8037728074079002
EE87921,Healthy,1000000,12,0.8015910114490933
EE87921,Healthy,1000000,13,0.8060398385342958
EE87921,Healthy,1000000,14,0.8171793802334482
EE87921,Healthy,1000000,15,0.7980402390823093
EE87921,Healthy,1000000,16,0.7855986336555791
EE87921,Healthy,1000000,17,0.8317716493355255
EE87921,Healthy,1000000,18,0.8292885646364545
EE87921,Healthy,1000000,19,0.7859265981315514
EE87922,Healthy,20000000,0,0.9433343842539095
EE87922,Healthy,20000000,1,0.9388810431732939
EE87922,Healthy,20000000,2,0.9358116602677763
EE87922,Healthy,20000000,3,0.935303114589861
EE87922,Healthy,20000000,4,0.9365246794800811
EE87922,Healthy,20000000,5,0.9387795555127083
EE87922,Healthy,20000000,6,0.9261946296221507
EE87922,Healthy,20000000,7,0.9290534158609972
EE87922,Healthy,20000000,8,0.9508683774090293
EE87922,Healthy,20000000,9,0.9416672637806303
EE87922,Healthy,20000000,10,0.9390900764870418
EE87922,Healthy,20000000,11,0.9341149012286651
EE87922,Healthy,20000000,12,0.9447700633548772
EE87922,Healthy,20000000,13,0.9339661872818635
EE87922,Healthy,20000000,14,0.9419306063778712
EE87922,Healthy,20000000,15,0.9446012212391918
EE87922,Healthy,20000000,16,0.9433585510845109
EE87922,Healthy,20000000,17,0.9433573785698188
EE87922,Healthy,20000000,18,0.9361820446311204
EE87922,Healthy,20000000,19,0.9368323994470943
EE87922,Healthy,10000000,0,0.8670194415963918
EE87922,Healthy,10000000,1,0.8639862252971711
EE87922,Healthy,10000000,2,0.895504383250758
EE87922,Healthy,10000000,3,0.8622276346079437
EE87922,Healthy,10000000,4,0.8874729833072993
EE87922,Healthy,10000000,5,0.8737333910036857
EE87922,Healthy,10000000,6,0.863598695121427
EE87922,Healthy,10000000,7,0.8752352520450611
EE87922,Healthy,10000000,8,0.8765064533905867
EE87922,Healthy,10000000,9,0.8689972784631199
EE87922,Healthy,10000000,10,0.8860234294491396
EE87922,Healthy,10000000,11,0.8560469188268081
EE87922,Healthy,10000000,12,0.8824970915121662
EE87922,Healthy,10000000,13,0.8867317586026752
EE87922,Healthy,10000000,14,0.8612392698620732
EE87922,Healthy,10000000,15,0.8738531177817066
EE87922,Healthy,10000000,16,0.8657376224789307
EE87922,Healthy,10000000,17,0.8847448673169347
EE87922,Healthy,10000000,18,0.8744376163557983
EE87922,Healthy,10000000,19,0.8693122940771073
EE87922,Healthy,5000000,0,0.7794026298201754
EE87922,Healthy,5000000,1,0.813933168192236
EE87922,Healthy,5000000,2,0.8168014841430417
EE87922,Healthy,5000000,3,0.7804229781612625
EE87922,Healthy,5000000,4,0.7885609466623067
EE87922,Healthy,5000000,5,0.7532696671958673
EE87922,Healthy,5000000,6,0.7659209907488592
EE87922,Healthy,5000000,7,0.7836845231969005
EE87922,Healthy,5000000,8,0.8082319456876856
EE87922,Healthy,5000000,9,0.8197542018366791
EE87922,Healthy,5000000,10,0.8017645565591504
EE87922,Healthy,5000000,11,0.8125780210818143
EE87922,Healthy,5000000,12,0.7578421039603639
EE87922,Healthy,5000000,13,0.7850571272780518
EE87922,Healthy,5000000,14,0.8022704574870676
EE87922,Healthy,5000000,15,0.7991389833776501
EE87922,Healthy,5000000,16,0.7697058155703734
EE87922,Healthy,5000000,17,0.7968056269762676
EE87922,Healthy,5000000,18,0.7747591459402983
EE87922,Healthy,5000000,19,0.7583078326311464
EE87922,Healthy,2000000,0,0.6978320544264418
EE87922,Healthy,2000000,1,0.6237919617569997
EE87922,Healthy,2000000,2,0.6457248791063983
EE87922,Healthy,2000000,3,0.6666286467896333
EE87922,Healthy,2000000,4,0.6536348381235896
EE87922,Healthy,2000000,5,0.6316039370179798
EE87922,Healthy,2000000,6,0.6660461132455769
EE87922,Healthy,2000000,7,0.5852460347219104
EE87922,Healthy,2000000,8,0.6559012552389022
EE87922,Healthy,2000000,9,0.6228380884694595
EE87922,Healthy,2000000,10,0.636076408746322
EE87922,Healthy,2000000,11,0.6732167260692234
EE87922,Healthy,2000000,12,0.6724779427994556
EE87922,Healthy,2000000,13,0.6643782218608641
EE87922,Healthy,2000000,14,0.6342768369532101
EE87922,Healthy,2000000,15,0.707315886357004
EE87922,Healthy,2000000,16,0.633485624560417
EE87922,Healthy,2000000,17,0.6568336757049268
EE87922,Healthy,2000000,18,0.6029771094016686
EE87922,Healthy,2000000,19,0.6129515846846
EE87922,Healthy,1000000,0,0.49196778528701224
EE87922,Healthy,1000000,1,0.5218394809941325
EE87922,Healthy,1000000,2,0.5702564892592012
EE87922,Healthy,1000000,3,0.5375065249647736
EE87922,Healthy,1000000,4,0.5371868279463553
EE87922,Healthy,1000000,5,0.5304877050832197
EE87922,Healthy,1000000,6,0.5541239632950583
EE87922,Healthy,1000000,7,0.40275394433193
EE87922,Healthy,1000000,8,0.566963336826353
EE87922,Healthy,1000000,9,0.4789636272070673
EE87922,Healthy,1000000,10,0.5095793811440636
EE87922,Healthy,1000000,11,0.46781557278299335
EE87922,Healthy,1000000,12,0.4954947581256569
EE87922,Healthy,1000000,13,0.5099856256184707
EE87922,Healthy,1000000,14,0.5248374572665241
EE87922,Healthy,1000000,15,0.5080923231705131
EE87922,Healthy,1000000,16,0.513413309268122
EE87922,Healthy,1000000,17,0.4862809821368537
EE87922,Healthy,1000000,18,0.4788722361933347
EE87922,Healthy,1000000,19,0.4998906874127625
EE87923,Healthy,20000000,0,0.9666889878722899
EE87923,Healthy,20000000,1,0.9567194862822296
EE87923,Healthy,20000000,2,0.9646768875206657
EE87923,Healthy,20000000,3,0.9662076054514117
EE87923,Healthy,20000000,4,0.9621247790135504
EE87923,Healthy,20000000,5,0.9600605017581207
EE87923,Healthy,20000000,6,0.963651588561989
EE87923,Healthy,20000000,7,0.9612126277226769
EE87923,Healthy,20000000,8,0.9598821492454869
EE87923,Healthy,20000000,9,0.9569517093310023
EE87923,Healthy,20000000,10,0.9587113281855597
EE87923,Healthy,20000000,11,0.9684991551380246
EE87923,Healthy,20000000,12,0.9668736589363208
EE87923,Healthy,20000000,13,0.960412321305504
EE87923,Healthy,20000000,14,0.9674305382754395
EE87923,Healthy,20000000,15,0.9667046214015199
EE87923,Healthy,20000000,16,0.9636102248492342
EE87923,Healthy,20000000,17,0.9618980928397134
EE87923,Healthy,20000000,18,0.9610278915189409
EE87923,Healthy,20000000,19,0.9609672464534688
EE87923,Healthy,10000000,0,0.8975350484183429
EE87923,Healthy,10000000,1,0.9268030821307962
EE87923,Healthy,10000000,2,0.909713111710686
EE87923,Healthy,10000000,3,0.9096458223952913
EE87923,Healthy,10000000,4,0.9070463573225498
EE87923,Healthy,10000000,5,0.9195124683909581
EE87923,Healthy,10000000,6,0.9192917099302874
EE87923,Healthy,10000000,7,0.9198229242255868
EE87923,Healthy,10000000,8,0.9070447939696268
EE87923,Healthy,10000000,9,0.9031109420373876
EE87923,Healthy,10000000,10,0.9178987122840899
EE87923,Healthy,10000000,11,0.9063218083824378
EE87923,Healthy,10000000,12,0.9049270370162888
EE87923,Healthy,10000000,13,0.9227815044926855
EE87923,Healthy,10000000,14,0.9126814629335537
EE87923,Healthy,10000000,15,0.924206565821718
EE87923,Healthy,10000000,16,0.9131991281701867
EE87923,Healthy,10000000,17,0.9260599858516562
EE87923,Healthy,10000000,18,0.9058694131303406
EE87923,Healthy,10000000,19,0.9015771625405007
EE87923,Healthy,5000000,0,0.8349702317242453
EE87923,Healthy,5000000,1,0.8442720051694871
EE87923,Healthy,5000000,2,0.8298309233813762
EE87923,Healthy,5000000,3,0.8445136083357979
EE87923,Healthy,5000000,4,0.8372154209132328
EE87923,Healthy,5000000,5,0.8642157635480817
EE87923,Healthy,5000000,6,0.8486098022327581
EE87923,Healthy,5000000,7,0.8496530007907962
EE87923,Healthy,5000000,8,0.8623905445285437
EE87923,Healthy,5000000,9,0.8500673357285313
EE87923,Healthy,5000000,10,0.8407049549168101
EE87923,Healthy,5000000,11,0.8347612961166525
EE87923,Healthy,5000000,12,0.8272228407689686
EE87923,Healthy,5000000,13,0.8378522266705406
EE87923,Healthy,5000000,14,0.8567830765870815
EE87923,Healthy,5000000,15,0.8412474520807489
EE87923,Healthy,5000000,16,0.8276077838626769
EE87923,Healthy,5000000,17,0.8678773456462144
EE87923,Healthy,5000000,18,0.8352429255023248
EE87923,Healthy,5000000,19,0.8387312029403283
EE87923,Healthy,2000000,0,0.6966687895154783
EE87923,Healthy,2000000,1,0.7009029618687355
EE87923,Healthy,2000000,2,0.6884982934781199
EE87923,Healthy,2000000,3,0.7074388145172571
EE87923,Healthy,2000000,4,0.6541887311161655
EE87923,Healthy,2000000,5,0.7254429851084602
EE87923,Healthy,2000000,6,0.6968792332157655
EE87923,Healthy,2000000,7,0.6999786472032704
EE87923,Healthy,2000000,8,0.7020934193014685
EE87923,Healthy,2000000,9,0.6744396576530577
EE87923,Healthy,2000000,10,0.6965021295717723
EE87923,Healthy,2000000,11,0.6974770543745271
EE87923,Healthy,2000000,12,0.6837058572827758
EE87923,Healthy,2000000,13,0.7330824878999367
EE87923,Healthy,2000000,14,0.7254342241454441
EE87923,Healthy,2000000,15,0.6796925783528124
EE87923,Healthy,2000000,16,0.7388130939540293
EE87923,Healthy,2000000,17,0.7114328440814854
EE87923,Healthy,2000000,18,0.7264480793052489
EE87923,Healthy,2000000,19,0.6884489186449991
EE87923,Healthy,1000000,0,0.6017573623075554
EE87923,Healthy,1000000,1,0.5957876065398914
EE87923,Healthy,1000000,2,0.5565328737726781
EE87923,Healthy,1000000,3,0.5451464434567435
EE87923,Healthy,1000000,4,0.5711699667613268
EE87923,Healthy,1000000,5,0.5949756143786379
EE87923,Healthy,1000000,6,0.5879986032090622
EE87923,Healthy,1000000,7,0.551991211871246
EE87923,Healthy,1000000,8,0.5920454443303682
EE87923,Healthy,1000000,9,0.5857315091215466
EE87923,Healthy,1000000,10,0.5986920888967742
EE87923,Healthy,1000000,11,0.672111043930359
EE87923,Healthy,1000000,12,0.5732910461505006
EE87923,Healthy,1000000,13,0.5200158191838733
EE87923,Healthy,1000000,14,0.6306949998124798
EE87923,Healthy,1000000,15,0.5912219576988944
EE87923,Healthy,1000000,16,0.6219198849267928
EE87923,Healthy,1000000,17,0.6088022150758552
EE87923,Healthy,1000000,18,0.5516653605609367
EE87923,Healthy,1000000,19,0.6153740928154987
EE87924,Healthy,20000000,0,0.9437258738817143
EE87924,Healthy,20000000,1,0.9434568468995456
EE87924,Healthy,20000000,2,0.9366421915081277
EE87924,Healthy,20000000,3,0.948287151453723
EE87924,Healthy,20000000,4,0.9429615897214757
EE87924,Healthy,20000000,5,0.9506626010805376
EE87924,Healthy,20000000,6,0.9419185076232999
EE87924,Healthy,20000000,7,0.9485713559871859
EE87924,Healthy,20000000,8,0.9484391875254861
EE87924,Healthy,20000000,9,0.9472301945983552
EE87924,Healthy,20000000,10,0.9415340530836487
EE87924,Healthy,20000000,11,0.9453539756716232
EE87924,Healthy,20000000,12,0.952905686826537
EE87924,Healthy,20000000,13,0.9519083979410644
EE87924,Healthy,20000000,14,0.9537066446407612
EE87924,Healthy,20000000,15,0.9425809132847218
EE87924,Healthy,20000000,16,0.9479502488988135
EE87924,Healthy,20000000,17,0.9585290021509132
EE87924,Healthy,20000000,18,0.9433498875037293
EE87924,Healthy,20000000,19,0.9456224317958373
EE87924,Healthy,10000000,0,0.8728528792539955
EE87924,Healthy,10000000,1,0.883917202223609
EE87924,Healthy,10000000,2,0.8850672437176011
EE87924,Healthy,10000000,3,0.8712802948483612
EE87924,Healthy,10000000,4,0.8894759641002058
EE87924,Healthy,10000000,5,0.8846447945663847
EE87924,Healthy,10000000,6,0.8821744545526792
EE87924,Healthy,10000000,7,0.872732454294726
EE87924,Healthy,10000000,8,0.8848459459790882
EE87924,Healthy,10000000,9,0.8641379216004565
EE87924,Healthy,10000000,10,0.8930779292348299
EE87924,Healthy,10000000,11,0.8995210277482117
EE87924,Healthy,10000000,12,0.8921889822082131
EE87924,Healthy,10000000,13,0.8826399428855067
EE87924,Healthy,10000000,14,0.8832497808048922
EE87924,Healthy,10000000,15,0.8808747220163086
EE87924,Healthy,10000000,16,0.8981043043014354
EE87924,Healthy,10000000,17,0.8759957581024023
EE87924,Healthy,10000000,18,0.8874065226895684
EE87924,Healthy,10000000,19,0.8586814290609069
EE87924,Healthy,5000000,0,0.786341324015663
EE87924,Healthy,5000000,1,0.8121451483971261
EE87924,Healthy,5000000,2,0.8092138810106035
EE87924,Healthy,5000000,3,0.8122185150492262
EE87924,Healthy,5000000,4,0.7637314498404729
EE87924,Healthy,5000000,5,0.7813694580767372
EE87924,Healthy,5000000,6,0.8005462615671831
EE87924,Healthy,5000000,7,0.7841098854713704
EE87924,Healthy,5000000,8,0.7723823083880125
EE87924,Healthy,5000000,9,0.803350226339313
EE87924,Healthy,5000000,10,0.7914072912174741
EE87924,Healthy,5000000,11,0.8024201615992377
EE87924,Healthy,5000000,12,0.8040143451312364
EE87924,Healthy,5000000,13,0.795517867169719
EE87924,Healthy,5000000,14,0.7943820194344974
EE87924,Healthy,5000000,15,0.7786765627776836
EE87924,Healthy,5000000,16,0.8103642939696968
EE87924,Healthy,5000000,17,0.7790560214492022
EE87924,Healthy,5000000,18,0.770627672692323
EE87924,Healthy,5000000,19,0.7789275008109894
EE87924,Healthy,2000000,0,0.6085516056285917
EE87924,Healthy,2000000,1,0.6743520996556873
EE87924,Healthy,2000000,2,0.6672518709876117
EE87924,Healthy,2000000,3,0.6709778081220283
EE87924,Healthy,2000000,4,0.646808196581743
EE87924,Healthy,2000000,5,0.6477822201068473
EE87924,Healthy,2000000,6,0.6369713084175151
EE87924,Healthy,2000000,7,0.6414338227361224
EE87924,Healthy,2000000,8,0.6849540652668024
EE87924,Healthy,2000000,9,0.7042791575091099
EE87924,Healthy,2000000,10,0.6677584190878668
EE87924,Healthy,2000000,11,0.6424495148541173
EE87924,Healthy,2000000,12,0.6395859172764127
EE87924,Healthy,2000000,13,0.6122978425826673
EE87924,Healthy,2000000,14,0.6304726574536215
EE87924,Healthy,2000000,15,0.6037957655901425
EE87924,Healthy,2000000,16,0.6541513095735605
EE87924,Healthy,2000000,17,0.6475271550340345
EE87924,Healthy,2000000,18,0.6497220806202585
EE87924,Healthy,2000000,19,0.6395360215828706
EE87924,Healthy,1000000,0,0.5360931296077861
EE87924,Healthy,1000000,1,0.5347172245580061
EE87924,Healthy,1000000,2,0.5419857046990142
EE87924,Healthy,1000000,3,0.47474144175743
EE87924,Healthy,1000000,4,0.5104695492644076
EE87924,Healthy,1000000,5,0.5225975062626278
EE87924,Healthy,1000000,6,0.5275863326274204
EE87924,Healthy,1000000,7,0.49988222739012755
EE87924,Healthy,1000000,8,0.4806240619067035
EE87924,Healthy,1000000,9,0.595526206341922
EE87924,Healthy,1000000,10,0.5326275640437903
EE87924,Healthy,1000000,11,0.4939753983892393
EE87924,Healthy,1000000,12,0.42937405925015343
EE87924,Healthy,1000000,13,0.4818674970243428
EE87924,Healthy,1000000,14,0.5306722066690345
EE87924,Healthy,1000000,15,0.4852650306100497
EE87924,Healthy,1000000,16,0.5734161934361582
EE87924,Healthy,1000000,17,0.5447523836294946
EE87924,Healthy,1000000,18,0.5326623964435337
EE87924,Healthy,1000000,19,0.5148913535548639
EE87925,Healthy,20000000,0,0.9732132504582579
EE87925,Healthy,20000000,1,0.9652101862865289
EE87925,Healthy,20000000,2,0.9587149760090468
EE87925,Healthy,20000000,3,0.9735527586013725
EE87925,Healthy,20000000,4,0.9696902997859511
EE87925,Healthy,20000000,5,0.9654104257400847
EE87925,Healthy,20000000,6,0.9694116321274238
EE87925,Healthy,20000000,7,0.9656453195167677
EE87925,Healthy,20000000,8,0.9675010845760904
EE87925,Healthy,20000000,9,0.9713452391343715
EE87925,Healthy,20000000,10,0.9660584355266741
EE87925,Healthy,20000000,11,0.9695560468536873
EE87925,Healthy,20000000,12,0.9698186250050485
EE87925,Healthy,20000000,13,0.9655629177897839
EE87925,Healthy,20000000,14,0.969395086642322
EE87925,Healthy,20000000,15,0.9618888430015856
EE87925,Healthy,20000000,16,0.9650218022593057
EE87925,Healthy,20000000,17,0.9654496398425705
EE87925,Healthy,20000000,18,0.9668143818046565
EE87925,Healthy,20000000,19,0.9711139280414706
EE87925,Healthy,10000000,0,0.9189426086455796
EE87925,Healthy,10000000,1,0.9282931703624765
EE87925,Healthy,10000000,2,0.9240547903087754
EE87925,Healthy,10000000,3,0.9199213503200316
EE87925,Healthy,10000000,4,0.9074088745586604
EE87925,Healthy,10000000,5,0.9272171275735069
EE87925,Healthy,10000000,6,0.9324503212038862
EE87925,Healthy,10000000,7,0.9201099297663701
EE87925,Healthy,10000000,8,0.9311979452331417
EE87925,Healthy,10000000,9,0.9133522064772318
EE87925,Healthy,10000000,10,0.9229386364914363
EE87925,Healthy,10000000,11,0.9320401190890624
EE87925,Healthy,10000000,12,0.9135125152915459
EE87925,Healthy,10000000,13,0.9247188244628255
EE87925,Healthy,10000000,14,0.9226428220604732
EE87925,Healthy,10000000,15,0.9174378339224136
EE87925,Healthy,10000000,16,0.9354393868529837
EE87925,Healthy,10000000,17,0.9177313534337093
EE87925,Healthy,10000000,18,0.9299577503872558
EE87925,Healthy,10000000,19,0.922799287632185
EE87925,Healthy,5000000,0,0.8463657255716335
EE87925,Healthy,5000000,1,0.8457873964732616
EE87925,Healthy,5000000,2,0.8316186825885479
EE87925,Healthy,5000000,3,0.8517618987442368
EE87925,Healthy,5000000,4,0.8512028510867723
EE87925,Healthy,5000000,5,0.8563406337572192
EE87925,Healthy,5000000,6,0.8512566890539354
EE87925,Healthy,5000000,7,0.8623349848419907
EE87925,Healthy,5000000,8,0.864534180505611
EE87925,Healthy,5000000,9,0.8708939796221505
EE87925,Healthy,5000000,10,0.8307335642753012
EE87925,Healthy,5000000,11,0.870247895661826
EE87925,Healthy,5000000,12,0.873508984719528
EE87925,Healthy,5000000,13,0.8686141734327417
EE87925,Healthy,5000000,14,0.8708436634049046
EE87925,Healthy,5000000,15,0.8365759254817396
EE87925,Healthy,5000000,16,0.8646714298665455
EE87925,Healthy,5000000,17,0.8368989722257325
EE87925,Healthy,5000000,18,0.848008660454217
EE87925,Healthy,5000000,19,0.850034133205486
EE87925,Healthy,2000000,0,0.7530357873003508
EE87925,Healthy,2000000,1,0.7287720123348547
EE87925,Healthy,2000000,2,0.7090657752252513
EE87925,Healthy,2000000,3,0.7300180020112601
EE87925,Healthy,2000000,4,0.7384894062313574
EE87925,Healthy,2000000,5,0.7234493077424181
EE87925,Healthy,2000000,6,0.7023742788566107
EE87925,Healthy,2000000,7,0.7208961478264946
EE87925,Healthy,2000000,8,0.7262850227905105
EE87925,Healthy,2000000,9,0.6950678834742473
EE87925,Healthy,2000000,10,0.718550401752416
EE87925,Healthy,2000000,11,0.718446978234219
EE87925,Healthy,2000000,12,0.7206242872494442
EE87925,Healthy,2000000,13,0.7303780555530318
EE87925,Healthy,2000000,14,0.704267347958546
EE87925,Healthy,2000000,15,0.7183253231845689
EE87925,Healthy,2000000,16,0.7040698003241589
EE87925,Healthy,2000000,17,0.7224118068196627
EE87925,Healthy,2000000,18,0.7340977727805498
EE87925,Healthy,2000000,19,0.7350706223535575
EE87925,Healthy,1000000,0,0.5970308014774418
EE87925,Healthy,1000000,1,0.6386029133184751
EE87925,Healthy,1000000,2,0.541035466851339
EE87925,Healthy,1000000,3,0.5955668452808441
EE87925,Healthy,1000000,4,0.605283322492732
EE87925,Healthy,1000000,5,0.5969055932232353
EE87925,Healthy,1000000,6,0.5462760964989761
EE87925,Healthy,1000000,7,0.6154786395550704
EE87925,Healthy,1000000,8,0.5990036619270838
EE87925,Healthy,1000000,9,0.6055596777232303
EE87925,Healthy,1000000,10,0.6072233628548822
EE87925,Healthy,1000000,11,0.5946631294934827
EE87925,Healthy,1000000,12,0.6405191492290362
EE87925,Healthy,1000000,13,0.6197861482813715
EE87925,Healthy,1000000,14,0.602965482446675
EE87925,Healthy,1000000,15,0.5987784934172607
EE87925,Healthy,1000000,16,0.6152532736618946
EE87925,Healthy,1000000,17,0.6088524930171874
EE87925,Healthy,1000000,18,0.6227532007054063
EE87925,Healthy,1000000,19,0.5880081691717579
EE87933,Healthy,20000000,0,0.9552649818064806
EE87933,Healthy,20000000,1,0.9632966423087597
EE87933,Healthy,20000000,2,0.9597624224674661
EE87933,Healthy,20000000,3,0.9556846117868995
EE87933,Healthy,20000000,4,0.9494835724177644
EE87933,Healthy,20000000,5,0.9632436837284926
EE87933,Healthy,20000000,6,0.9555071060904323
EE87933,Healthy,20000000,7,0.9643236348997696
EE87933,Healthy,20000000,8,0.9644570410158668
EE87933,Healthy,20000000,9,0.9533026481895722
EE87933,Healthy,20000000,10,0.9532063065656915
EE87933,Healthy,20000000,11,0.9465017372759358
EE87933,Healthy,20000000,12,0.9602127983887042
EE87933,Healthy,20000000,13,0.9590196174576304
EE87933,Healthy,20000000,14,0.9584122717993282
EE87933,Healthy,20000000,15,0.9540391828354273
EE87933,Healthy,20000000,16,0.9453621660997695
EE87933,Healthy,20000000,17,0.9520375048366233
EE87933,Healthy,20000000,18,0.9610986332387071
EE87933,Healthy,20000000,19,0.9634697836449836
EE87933,Healthy,10000000,0,0.9034482501431162
EE87933,Healthy,10000000,1,0.8856187816008996
EE87933,Healthy,10000000,2,0.9089241396022051
EE87933,Healthy,10000000,3,0.901923622749971
EE87933,Healthy,10000000,4,0.9020097553222398
EE87933,Healthy,10000000,5,0.9045866820570077
EE87933,Healthy,10000000,6,0.8864014351579834
EE87933,Healthy,10000000,7,0.9043005233323911
EE87933,Healthy,10000000,8,0.9027273343139032
EE87933,Healthy,10000000,9,0.9020881183875058
EE87933,Healthy,10000000,10,0.8980823994158663
EE87933,Healthy,10000000,11,0.8901644907833832
EE87933,Healthy,10000000,12,0.901059106465637
EE87933,Healthy,10000000,13,0.8943895823372388
EE87933,Healthy,10000000,14,0.8806923959816618
EE87933,Healthy,10000000,15,0.8985971513104156
EE87933,Healthy,10000000,16,0.8950809751674418
EE87933,Healthy,10000000,17,0.907933364687245
EE87933,Healthy,10000000,18,0.90160015685641
EE87933,Healthy,10000000,19,0.8990214062098986
EE87933,Healthy,5000000,0,0.8231853515001244
EE87933,Healthy,5000000,1,0.8176169681115087
EE87933,Healthy,5000000,2,0.8369543409750894
EE87933,Healthy,5000000,3,0.8342970318441963
EE87933,Healthy,5000000,4,0.8234845190111707
EE87933,Healthy,5000000,5,0.825488072683666
EE87933,Healthy,5000000,6,0.8202493420930388
EE87933,Healthy,5000000,7,0.8182081760752286
EE87933,Healthy,5000000,8,0.8208867858896978
EE87933,Healthy,5000000,9,0.8073786349583953
EE87933,Healthy,5000000,10,0.8207275193106657
EE87933,Healthy,5000000,11,0.8363368301901826
EE87933,Healthy,5000000,12,0.8418111573892528
EE87933,Healthy,5000000,13,0.8173908622474657
EE87933,Healthy,5000000,14,0.8254016188519517
EE87933,Healthy,5000000,15,0.8192974555665373
EE87933,Healthy,5000000,16,0.7843837327917186
EE87933,Healthy,5000000,17,0.8272520884970461
EE87933,Healthy,5000000,18,0.8124208389733463
EE87933,Healthy,5000000,19,0.8276868499871676
EE87933,Healthy,2000000,0,0.6873589257054591
EE87933,Healthy,2000000,1,0.6982070538978201
EE87933,Healthy,2000000,2,0.6934430711600675
EE87933,Healthy,2000000,3,0.6444265165500449
EE87933,Healthy,2000000,4,0.7027316124085213
EE87933,Healthy,2000000,5,0.705017539029026
EE87933,Healthy,2000000,6,0.6758007646263506
EE87933,Healthy,2000000,7,0.678631192512885
EE87933,Healthy,2000000,8,0.6615561199115235
EE87933,Healthy,2000000,9,0.6654005245049058
EE87933,Healthy,2000000,10,0.672012367685579
EE87933,Healthy,2000000,11,0.6637958293486174
EE87933,Healthy,2000000,12,0.717926212178767
EE87933,Healthy,2000000,13,0.7018062166014477
EE87933,Healthy,2000000,14,0.7061717744316675
EE87933,Healthy,2000000,15,0.7080063767865018
EE87933,Healthy,2000000,16,0.6942867294415929
EE87933,Healthy,2000000,17,0.661719870364816
EE87933,Healthy,2000000,18,0.663773660086723
EE87933,Healthy,2000000,19,0.701090821448392
EE87933,Healthy,1000000,0,0.5115893510744752
EE87933,Healthy,1000000,1,0.5734270346430999
EE87933,Healthy,1000000,2,0.4911873047121547
EE87933,Healthy,1000000,3,0.5712382285201727
EE87933,Healthy,1000000,4,0.546756561223173
EE87933,Healthy,1000000,5,0.5518458795653697
EE87933,Healthy,1000000,6,0.5461484639852738
EE87933,Healthy,1000000,7,0.59432506053516
EE87933,Healthy,1000000,8,0.5363085768699797
EE87933,Healthy,1000000,9,0.5533646175483087
EE87933,Healthy,1000000,10,0.586929767724154
EE87933,Healthy,1000000,11,0.5764601164515738
EE87933,Healthy,1000000,12,0.5069408722777217
EE87933,Healthy,1000000,13,0.5753757963187978
EE87933,Healthy,1000000,14,0.5782439443556426
EE87933,Healthy,1000000,15,0.5524415586826673
EE87933,Healthy,1000000,16,0.5414461198813096
EE87933,Healthy,1000000,17,0.5525924458352339
EE87933,Healthy,1000000,18,0.5614585866997867
EE87933,Healthy,1000000,19,0.5622432619885244
EE87934,Healthy,20000000,0,0.9595158686835658
EE87934,Healthy,20000000,1,0.9636329586063231
EE87934,Healthy,20000000,2,0.9549481422807496
EE87934,Healthy,20000000,3,0.9686730781507099
EE87934,Healthy,20000000,4,0.9589295461977303
EE87934,Healthy,20000000,5,0.9637706639429586
EE87934,Healthy,20000000,6,0.9596712268802902
EE87934,Healthy,20000000,7,0.9579107612095662
EE87934,Healthy,20000000,8,0.9585914711281287
EE87934,Healthy,20000000,9,0.9580674222003932
EE87934,Healthy,20000000,10,0.9558856980566222
EE87934,Healthy,20000000,11,0.9569906628746675
EE87934,Healthy,20000000,12,0.961773415444103
EE87934,Healthy,20000000,13,0.9585852177164366
EE87934,Healthy,20000000,14,0.9559329894825433
EE87934,Healthy,20000000,15,0.9569571159265277
EE87934,Healthy,20000000,16,0.9577242662337916
EE87934,Healthy,20000000,17,0.9627312948079748
EE87934,Healthy,20000000,18,0.966205716399963
EE87934,Healthy,20000000,19,0.9584824272617484
EE87934,Healthy,10000000,0,0.9198132008187607
EE87934,Healthy,10000000,1,0.9102751370865095
EE87934,Healthy,10000000,2,0.904390220706349
EE87934,Healthy,10000000,3,0.8890154263849679
EE87934,Healthy,10000000,4,0.9141224834903419
EE87934,Healthy,10000000,5,0.9121703768071383
EE87934,Healthy,10000000,6,0.9066290723715152
EE87934,Healthy,10000000,7,0.9157514972361225
EE87934,Healthy,10000000,8,0.9053745467905017
EE87934,Healthy,10000000,9,0.9126719525366054
EE87934,Healthy,10000000,10,0.895690617667712
EE87934,Healthy,10000000,11,0.9166142074908055
EE87934,Healthy,10000000,12,0.9191953683064069
EE87934,Healthy,10000000,13,0.9188498021707158
EE87934,Healthy,10000000,14,0.9122215766153671
EE87934,Healthy,10000000,15,0.9205958719666069
EE87934,Healthy,10000000,16,0.9223156904613325
EE87934,Healthy,10000000,17,0.9118058550172555
EE87934,Healthy,10000000,18,0.9052050532777649
EE87934,Healthy,10000000,19,0.9024504401237532
EE87934,Healthy,5000000,0,0.8259403242133404
EE87934,Healthy,5000000,1,0.8135459319602752
EE87934,Healthy,5000000,2,0.8280685035194983
EE87934,Healthy,5000000,3,0.848162148359587
EE87934,Healthy,5000000,4,0.8239110921192682
EE87934,Healthy,5000000,5,0.8381381847042267
EE87934,Healthy,5000000,6,0.8448037405824274
EE87934,Healthy,5000000,7,0.8371703442372858
EE87934,Healthy,5000000,8,0.8240370531585114
EE87934,Healthy,5000000,9,0.8594277160883953
EE87934,Healthy,5000000,10,0.8537476826549901
EE87934,Healthy,5000000,11,0.8452874680326898
EE87934,Healthy,5000000,12,0.8322350154614794
EE87934,Healthy,5000000,13,0.8567141262080832
EE87934,Healthy,5000000,14,0.8543345076013886
EE87934,Healthy,5000000,15,0.8381873515333783
EE87934,Healthy,5000000,16,0.8309250750083705
EE87934,Healthy,5000000,17,0.8411186708816184
EE87934,Healthy,5000000,18,0.8402515636827185
EE87934,Healthy,5000000,19,0.8422200393183261
EE87934,Healthy,2000000,0,0.6795961383814241
EE87934,Healthy,2000000,1,0.7092567239976465
EE87934,Healthy,2000000,2,0.7652524486508635
EE87934,Healthy,2000000,3,0.6741996504017056
EE87934,Healthy,2000000,4,0.7340755362312827
EE87934,Healthy,2000000,5,0.6925646409020458
EE87934,Healthy,2000000,6,0.6889606562018002
EE87934,Healthy,2000000,7,0.6970104132332614
EE87934,Healthy,2000000,8,0.6996714157640327
EE87934,Healthy,2000000,9,0.6978496633531079
EE87934,Healthy,2000000,10,0.6894999905384579
EE87934,Healthy,2000000,11,0.7341309375513944
EE87934,Healthy,2000000,12,0.7183949875776955
EE87934,Healthy,2000000,13,0.7163178125929976
EE87934,Healthy,2000000,14,0.6882188115687272
EE87934,Healthy,2000000,15,0.7019404043983769
EE87934,Healthy,2000000,16,0.6989945148947558
EE87934,Healthy,2000000,17,0.7345711516858019
EE87934,Healthy,2000000,18,0.6972474467596077
EE87934,Healthy,2000000,19,0.7039050752841688
EE87934,Healthy,1000000,0,0.5821349349321896
EE87934,Healthy,1000000,1,0.5877930031185212
EE87934,Healthy,1000000,2,0.5650053303827697
EE87934,Healthy,1000000,3,0.5850083088967222
EE87934,Healthy,1000000,4,0.6142486791051593
EE87934,Healthy,1000000,5,0.6105194349746906
EE87934,Healthy,1000000,6,0.5580478878513049
EE87934,Healthy,1000000,7,0.6098720895433979
EE87934,Healthy,1000000,8,0.6357041560241966
EE87934,Healthy,1000000,9,0.5846897010150603
EE87934,Healthy,1000000,10,0.5770003207317187
EE87934,Healthy,1000000,11,0.6257393194645725
EE87934,Healthy,1000000,12,0.5999601019241212
EE87934,Healthy,1000000,13,0.6195758199421089
EE87934,Healthy,1000000,14,0.5791815465447793
EE87934,Healthy,1000000,15,0.6676329709703201
EE87934,Healthy,1000000,16,0.6316449630376136
EE87934,Healthy,1000000,17,0.5829717930243751
EE87934,Healthy,1000000,18,0.5593165580220425
EE87934,Healthy,1000000,19,0.580196520975895
EE87935,Healthy,20000000,0,0.983839799705826
EE87935,Healthy,20000000,1,0.9832098336072975
EE87935,Healthy,20000000,2,0.9843906536311912
EE87935,Healthy,20000000,3,0.984738336812961
EE87935,Healthy,20000000,4,0.9836058830209107
EE87935,Healthy,20000000,5,0.9857921995494972
EE87935,Healthy,20000000,6,0.9799294305736048
EE87935,Healthy,20000000,7,0.9831194357051385
EE87935,Healthy,20000000,8,0.9827917018332871
EE87935,Healthy,20000000,9,0.9826838630496956
EE87935,Healthy,20000000,10,0.9811365344689444
EE87935,Healthy,20000000,11,0.9767310384300004
EE87935,Healthy,20000000,12,0.9850411387371684
EE87935,Healthy,20000000,13,0.9843401703588968
EE87935,Healthy,20000000,14,0.9833091390893786
EE87935,Healthy,20000000,15,0.9824460379824093
EE87935,Healthy,20000000,16,0.9809847589535302
EE87935,Healthy,20000000,17,0.9836112896165242
EE87935,Healthy,20000000,18,0.9835431209140001
EE87935,Healthy,20000000,19,0.9823114919192812
EE87935,Healthy,10000000,0,0.9526727627552136
EE87935,Healthy,10000000,1,0.9559477591932932
EE87935,Healthy,10000000,2,0.9542362785529523
EE87935,Healthy,10000000,3,0.9625548470219244
EE87935,Healthy,10000000,4,0.9578721489633042
EE87935,Healthy,10000000,5,0.9598063748289495
EE87935,Healthy,10000000,6,0.9543985415610626
EE87935,Healthy,10000000,7,0.9516887623535623
EE87935,Healthy,10000000,8,0.9427599651170361
EE87935,Healthy,10000000,9,0.9605473715566726
EE87935,Healthy,10000000,10,0.959310270826634
EE87935,Healthy,10000000,11,0.9535793771859157
EE87935,Healthy,10000000,12,0.9599770408591578
EE87935,Healthy,10000000,13,0.9547077101539679
EE87935,Healthy,10000000,14,0.9466951850471675
EE87935,Healthy,10000000,15,0.9523511354559184
EE87935,Healthy,10000000,16,0.9562144737202732
EE87935,Healthy,10000000,17,0.9617283544298316
EE87935,Healthy,10000000,18,0.9502392410416498
EE87935,Healthy,10000000,19,0.9542937317738086
EE87935,Healthy,5000000,0,0.9214029027783862
EE87935,Healthy,5000000,1,0.8970355717675982
EE87935,Healthy,5000000,2,0.9094379897417013
EE87935,Healthy,5000000,3,0.898161967566973
EE87935,Healthy,5000000,4,0.917942062758557
EE87935,Healthy,5000000,5,0.912956725624995
EE87935,Healthy,5000000,6,0.9289707989598558
EE87935,Healthy,5000000,7,0.9084960236850579
EE87935,Healthy,5000000,8,0.8820572318119271
EE87935,Healthy,5000000,9,0.9015275554478144
EE87935,Healthy,5000000,10,0.8983715040618354
EE87935,Healthy,5000000,11,0.911526257677142
EE87935,Healthy,5000000,12,0.900890865278239
EE87935,Healthy,5000000,13,0.8969263976200299
EE87935,Healthy,5000000,14,0.908779544256234
EE87935,Healthy,5000000,15,0.9192324451376687
EE87935,Healthy,5000000,16,0.8998643253870435
EE87935,Healthy,5000000,17,0.90283243406339
EE87935,Healthy,5000000,18,0.9164111643074531
EE87935,Healthy,5000000,19,0.9148969918124926
EE87935,Healthy,2000000,0,0.7983694130506789
EE87935,Healthy,2000000,1,0.8028363265766109
EE87935,Healthy,2000000,2,0.8224894448432624
EE87935,Healthy,2000000,3,0.8053730096684588
EE87935,Healthy,2000000,4,0.7942495573715846
EE87935,Healthy,2000000,5,0.789060313621314
EE87935,Healthy,2000000,6,0.8080192582942026
EE87935,Healthy,2000000,7,0.8088587594572277
EE87935,Healthy,2000000,8,0.7842145055805759
EE87935,Healthy,2000000,9,0.8355770654134725
EE87935,Healthy,2000000,10,0.797675385323353
EE87935,Healthy,2000000,11,0.803036676358478
EE87935,Healthy,2000000,12,0.8120094043501215
EE87935,Healthy,2000000,13,0.7826612166661182
EE87935,Healthy,2000000,14,0.8185992630484126
EE87935,Healthy,2000000,15,0.8099827970915837
EE87935,Healthy,2000000,16,0.7828081506263455
EE87935,Healthy,2000000,17,0.7971428290397258
EE87935,Healthy,2000000,18,0.8027686395361845
EE87935,Healthy,2000000,19,0.7934452582257733
EE87935,Healthy,1000000,0,0.6994561354322748
EE87935,Healthy,1000000,1,0.6838802816706506
EE87935,Healthy,1000000,2,0.7066391653296409
EE87935,Healthy,1000000,3,0.7156446173368772
EE87935,Healthy,1000000,4,0.6943880655708746
EE87935,Healthy,1000000,5,0.6785431835263259
EE87935,Healthy,1000000,6,0.7349587156729003
EE87935,Healthy,1000000,7,0.6920945401325157
EE87935,Healthy,1000000,8,0.700771820874398
EE87935,Healthy,1000000,9,0.6858074838988129
EE87935,Healthy,1000000,10,0.7092250145880422
EE87935,Healthy,1000000,11,0.6943065997542891
EE87935,Healthy,1000000,12,0.7019703984258256
EE87935,Healthy,1000000,13,0.7044911831683477
EE87935,Healthy,1000000,14,0.716242183416947
EE87935,Healthy,1000000,15,0.7063729651554196
EE87935,Healthy,1000000,16,0.6976255903226553
EE87935,Healthy,1000000,17,0.6933577168636093
EE87935,Healthy,1000000,18,0.6563968905750701
EE87935,Healthy,1000000,19,0.6982227995917396
EE87936,Healthy,20000000,0,0.9583710383659836
EE87936,Healthy,20000000,1,0.9541813176720113
EE87936,Healthy,20000000,2,0.9588874815636313
EE87936,Healthy,20000000,3,0.959667448777393
EE87936,Healthy,20000000,4,0.9568718480525182
EE87936,Healthy,20000000,5,0.9535566930395621
EE87936,Healthy,20000000,6,0.9594991277793485
EE87936,Healthy,20000000,7,0.9616338861957241
EE87936,Healthy,20000000,8,0.9620283722499646
EE87936,Healthy,20000000,9,0.9570048633303848
EE87936,Healthy,20000000,10,0.9568402552955324
EE87936,Healthy,20000000,11,0.9601021260296959
EE87936,Healthy,20000000,12,0.9564150884401778
EE87936,Healthy,20000000,13,0.9605450108848449
EE87936,Healthy,20000000,14,0.9521157376224791
EE87936,Healthy,20000000,15,0.9615006103590372
EE87936,Healthy,20000000,16,0.9581608325375435
EE87936,Healthy,20000000,17,0.9567310967300375
EE87936,Healthy,20000000,18,0.9574482041634697
EE87936,Healthy,20000000,19,0.9587904729272873
EE87936,Healthy,10000000,0,0.9105430566936911
EE87936,Healthy,10000000,1,0.9015742312537701
EE87936,Healthy,10000000,2,0.9032745078369581
EE87936,Healthy,10000000,3,0.9248300179394748
EE87936,Healthy,10000000,4,0.919576761279917
EE87936,Healthy,10000000,5,0.9044545135953079
EE87936,Healthy,10000000,6,0.908792427118441
EE87936,Healthy,10000000,7,0.8946092985626274
EE87936,Healthy,10000000,8,0.9085908197310775
EE87936,Healthy,10000000,9,0.9048796626167088
EE87936,Healthy,10000000,10,0.904809329569127
EE87936,Healthy,10000000,11,0.9050487831251686
EE87936,Healthy,10000000,12,0.8891585527970105
EE87936,Healthy,10000000,13,0.8934609507009684
EE87936,Healthy,10000000,14,0.9004934332663264
EE87936,Healthy,10000000,15,0.915588843392424
EE87936,Healthy,10000000,16,0.8979401017277022
EE87936,Healthy,10000000,17,0.896748225920131
EE87936,Healthy,10000000,18,0.8914965326134964
EE87936,Healthy,10000000,19,0.9070313100506657
EE87936,Healthy,5000000,0,0.8207476474795494
EE87936,Healthy,5000000,1,0.8367729920360197
EE87936,Healthy,5000000,2,0.826879893681576
EE87936,Healthy,5000000,3,0.8483633649087198
EE87936,Healthy,5000000,4,0.8045810149026619
EE87936,Healthy,5000000,5,0.8354305278530866
EE87936,Healthy,5000000,6,0.8403037731572269
EE87936,Healthy,5000000,7,0.8198455736242427
EE87936,Healthy,5000000,8,0.8013577068739326
EE87936,Healthy,5000000,9,0.8171495907272328
EE87936,Healthy,5000000,10,0.8010888753108795
EE87936,Healthy,5000000,11,0.8095724557012951
EE87936,Healthy,5000000,12,0.8318557259754997
EE87936,Healthy,5000000,13,0.8198019492405363
EE87936,Healthy,5000000,14,0.8312144255785383
EE87936,Healthy,5000000,15,0.8331879116534269
EE87936,Healthy,5000000,16,0.8447749488327616
EE87936,Healthy,5000000,17,0.8144449250307134
EE87936,Healthy,5000000,18,0.8256213350773405
EE87936,Healthy,5000000,19,0.8401097219724977
EE87936,Healthy,2000000,0,0.6881928544474706
EE87936,Healthy,2000000,1,0.6835986484552556
EE87936,Healthy,2000000,2,0.6734802258725908
EE87936,Healthy,2000000,3,0.7138375530998543
EE87936,Healthy,2000000,4,0.6645633598369971
EE87936,Healthy,2000000,5,0.7042190775992874
EE87936,Healthy,2000000,6,0.6933636219944096
EE87936,Healthy,2000000,7,0.6805654934321429
EE87936,Healthy,2000000,8,0.6721305092252563
EE87936,Healthy,2000000,9,0.6794925336787346
EE87936,Healthy,2000000,10,0.6813920186075486
EE87936,Healthy,2000000,11,0.6737721059331888
EE87936,Healthy,2000000,12,0.6243674669281242
EE87936,Healthy,2000000,13,0.6615890808525271
EE87936,Healthy,2000000,14,0.6822348390593307
EE87936,Healthy,2000000,15,0.6908995609697662
EE87936,Healthy,2000000,16,0.6865648614417313
EE87936,Healthy,2000000,17,0.6597602725197873
EE87936,Healthy,2000000,18,0.6564408613840679
EE87936,Healthy,2000000,19,0.6696428780806195
EE87936,Healthy,1000000,0,0.5416821536335825
EE87936,Healthy,1000000,1,0.5348453195516901
EE87936,Healthy,1000000,2,0.5602354931003273
EE87936,Healthy,1000000,3,0.5751600812507214
EE87936,Healthy,1000000,4,0.5649481101137969
EE87936,Healthy,1000000,5,0.5569266907248633
EE87936,Healthy,1000000,6,0.564718482673227
EE87936,Healthy,1000000,7,0.5723123591170561
EE87936,Healthy,1000000,8,0.6071123833909648
EE87936,Healthy,1000000,9,0.5826655032930131
EE87936,Healthy,1000000,10,0.5725866159514962
EE87936,Healthy,1000000,11,0.5020849681031507
EE87936,Healthy,1000000,12,0.6138736820667576
EE87936,Healthy,1000000,13,0.5682193938017142
EE87936,Healthy,1000000,14,0.5777586679552756
EE87936,Healthy,1000000,15,0.5821355372405058
EE87936,Healthy,1000000,16,0.5456546960942699
EE87936,Healthy,1000000,17,0.5749289423434113
EE87936,Healthy,1000000,18,0.5539657864396794
EE87936,Healthy,1000000,19,0.5723488420682783
EE87937,Healthy,20000000,0,0.9615317471380872
EE87937,Healthy,20000000,1,0.9484711711207027
EE87937,Healthy,20000000,2,0.9644358054719958
EE87937,Healthy,20000000,3,0.9572060798795176
EE87937,Healthy,20000000,4,0.9447498700462884
EE87937,Healthy,20000000,5,0.9556681314415028
EE87937,Healthy,20000000,6,0.9615645775494706
EE87937,Healthy,20000000,7,0.9643346435099359
EE87937,Healthy,20000000,8,0.9447066824217902
EE87937,Healthy,20000000,9,0.961781167069013
EE87937,Healthy,20000000,10,0.9569290407136185
EE87937,Healthy,20000000,11,0.9588322274782728
EE87937,Healthy,20000000,12,0.953563858407126
EE87937,Healthy,20000000,13,0.9558116993515995
EE87937,Healthy,20000000,14,0.950750995660393
EE87937,Healthy,20000000,15,0.9592149883855908
EE87937,Healthy,20000000,16,0.9514115122703664
EE87937,Healthy,20000000,17,0.9565790450779789
EE87937,Healthy,20000000,18,0.9544252007280014
EE87937,Healthy,20000000,19,0.9562091322643661
EE87937,Healthy,10000000,0,0.8857005137845473
EE87937,Healthy,10000000,1,0.8985910933178389
EE87937,Healthy,10000000,2,0.8906191007854548
EE87937,Healthy,10000000,3,0.9128568487513652
EE87937,Healthy,10000000,4,0.8889638357385085
EE87937,Healthy,10000000,5,0.8977128798133358
EE87937,Healthy,10000000,6,0.8994487878152273
EE87937,Healthy,10000000,7,0.90605856101927
EE87937,Healthy,10000000,8,0.9021522158573495
EE87937,Healthy,10000000,9,0.9005586853465416
EE87937,Healthy,10000000,10,0.8848884352270315
EE87937,Healthy,10000000,11,0.8949135009855639
EE87937,Healthy,10000000,12,0.9083714943439195
EE87937,Healthy,10000000,13,0.8800828655230339
EE87937,Healthy,10000000,14,0.8927952374536897
EE87937,Healthy,10000000,15,0.9101144374339648
EE87937,Healthy,10000000,16,0.9091808699860484
EE87937,Healthy,10000000,17,0.8930095976841533
EE87937,Healthy,10000000,18,0.9019508690288062
EE87937,Healthy,10000000,19,0.9017016445169956
EE87937,Healthy,5000000,0,0.8104879880993672
EE87937,Healthy,5000000,1,0.8376629117588716
EE87937,Healthy,5000000,2,0.8141144061669063
EE87937,Healthy,5000000,3,0.8111794522529131
EE87937,Healthy,5000000,4,0.8053052643729222
EE87937,Healthy,5000000,5,0.8328029224277309
EE87937,Healthy,5000000,6,0.823739253577147
EE87937,Healthy,5000000,7,0.8098631284515903
EE87937,Healthy,5000000,8,0.8364229123119078
EE87937,Healthy,5000000,9,0.8054751030424657
EE87937,Healthy,5000000,10,0.7983128816372475
EE87937,Healthy,5000000,11,0.832075287432628
EE87937,Healthy,5000000,12,0.8035967996145814
EE87937,Healthy,5000000,13,0.8292441909916382
EE87937,Healthy,5000000,14,0.8208932155188381
EE87937,Healthy,5000000,15,0.833767427049514
EE87937,Healthy,5000000,16,0.8315576466848451
EE87937,Healthy,5000000,17,0.8289579671226551
EE87937,Healthy,5000000,18,0.8444550752446677
EE87937,Healthy,5000000,19,0.8218867455030805
EE87937,Healthy,2000000,0,0.6944235015745046
EE87937,Healthy,2000000,1,0.6852224297193437
EE87937,Healthy,2000000,2,0.6797563494887895
EE87937,Healthy,2000000,3,0.6341663925777741
EE87937,Healthy,2000000,4,0.6733874562902387
EE87937,Healthy,2000000,5,0.7130816393671044
EE87937,Healthy,2000000,6,0.6728110779188126
EE87937,Healthy,2000000,7,0.6603897067667686
EE87937,Healthy,2000000,8,0.6925673542130202
EE87937,Healthy,2000000,9,0.6515772489019811
EE87937,Healthy,2000000,10,0.696556509884837
EE87937,Healthy,2000000,11,0.6746485285142998
EE87937,Healthy,2000000,12,0.6568905645427185
EE87937,Healthy,2000000,13,0.6789887874202214
EE87937,Healthy,2000000,14,0.6693281882951868
EE87937,Healthy,2000000,15,0.720553512955215
EE87937,Healthy,2000000,16,0.6959952010274882
EE87937,Healthy,2000000,17,0.6667301453144825
EE87937,Healthy,2000000,18,0.6559982594670791
EE87937,Healthy,2000000,19,0.6505380751522669
EE87937,Healthy,1000000,0,0.5580323989942846
EE87937,Healthy,1000000,1,0.5287154096721316
EE87937,Healthy,1000000,2,0.56288395380318
EE87937,Healthy,1000000,3,0.4999321895537224
EE87937,Healthy,1000000,4,0.5097133256292721
EE87937,Healthy,1000000,5,0.5434669757676595
EE87937,Healthy,1000000,6,0.5594630583857909
EE87937,Healthy,1000000,7,0.4973013106077406
EE87937,Healthy,1000000,8,0.54598175976869
EE87937,Healthy,1000000,9,0.547352530049112
EE87937,Healthy,1000000,10,0.5787382579137144
EE87937,Healthy,1000000,11,0.561771384763119
EE87937,Healthy,1000000,12,0.5190101629356064
EE87937,Healthy,1000000,13,0.5391533585818219
EE87937,Healthy,1000000,14,0.5079131315683967
EE87937,Healthy,1000000,15,0.5716614133652312
EE87937,Healthy,1000000,16,0.5684885836550643
EE87937,Healthy,1000000,17,0.5789117704252487
EE87937,Healthy,1000000,18,0.5760303152405485
EE87937,Healthy,1000000,19,0.5606209652658621
EE87938,Healthy,20000000,0,0.953805135874911
EE87938,Healthy,20000000,1,0.9489457790122476
EE87938,Healthy,20000000,2,0.9434432978408793
EE87938,Healthy,20000000,3,0.9499764194267446
EE87938,Healthy,20000000,4,0.9487741358892416
EE87938,Healthy,20000000,5,0.9522110370110778
EE87938,Healthy,20000000,6,0.9493045033683744
EE87938,Healthy,20000000,7,0.9516936478315262
EE87938,Healthy,20000000,8,0.9466970912516074
EE87938,Healthy,20000000,9,0.9511424852881977
EE87938,Healthy,20000000,10,0.9484620515619852
EE87938,Healthy,20000000,11,0.9430080343312303
EE87938,Healthy,20000000,12,0.9455500461840509
EE87938,Healthy,20000000,13,0.9472361874512268
EE87938,Healthy,20000000,14,0.9494368672491894
EE87938,Healthy,20000000,15,0.9459367806133816
EE87938,Healthy,20000000,16,0.9514574357624799
EE87938,Healthy,20000000,17,0.9465659650251897
EE87938,Healthy,20000000,18,0.9464778310041547
EE87938,Healthy,20000000,19,0.9393617741971206
EE87938,Healthy,10000000,0,0.8833904643840597
EE87938,Healthy,10000000,1,0.867387741489172
EE87938,Healthy,10000000,2,0.875432053350592
EE87938,Healthy,10000000,3,0.8625205678618934
EE87938,Healthy,10000000,4,0.8702805306540939
EE87938,Healthy,10000000,5,0.8694234224140515
EE87938,Healthy,10000000,6,0.8999465854417973
EE87938,Healthy,10000000,7,0.8696251600808255
EE87938,Healthy,10000000,8,0.8860384115813186
EE87938,Healthy,10000000,9,0.8838286773643435
EE87938,Healthy,10000000,10,0.8805226419101047
EE87938,Healthy,10000000,11,0.8718777562237734
EE87938,Healthy,10000000,12,0.8785879418359096
EE87938,Healthy,10000000,13,0.8695664833673336
EE87938,Healthy,10000000,14,0.893646924559102
EE87938,Healthy,10000000,15,0.8855838667189522
EE87938,Healthy,10000000,16,0.8713645346771961
EE87938,Healthy,10000000,17,0.8904011433321045
EE87938,Healthy,10000000,18,0.8751247751051683
EE87938,Healthy,10000000,19,0.887897694184718
EE87938,Healthy,5000000,0,0.7907847442414794
EE87938,Healthy,5000000,1,0.7840481783689309
EE87938,Healthy,5000000,2,0.7754383576456426
EE87938,Healthy,5000000,3,0.7879913127733642
EE87938,Healthy,5000000,4,0.7763041746783758
EE87938,Healthy,5000000,5,0.8068831829216734
EE87938,Healthy,5000000,6,0.7755463067667503
EE87938,Healthy,5000000,7,0.7789196189066692
EE87938,Healthy,5000000,8,0.7920960784594722
EE87938,Healthy,5000000,9,0.7939495114188198
EE87938,Healthy,5000000,10,0.7934113923060141
EE87938,Healthy,5000000,11,0.7990016037395402
EE87938,Healthy,5000000,12,0.7785090433452626
EE87938,Healthy,5000000,13,0.7899608640651606
EE87938,Healthy,5000000,14,0.7998011545296578
EE87938,Healthy,5000000,15,0.7627744172927678
EE87938,Healthy,5000000,16,0.7770873692808968
EE87938,Healthy,5000000,17,0.8012230110115908
EE87938,Healthy,5000000,18,0.790130162158782
EE87938,Healthy,5000000,19,0.7964694279821936
EE87938,Healthy,2000000,0,0.6344271674933325
EE87938,Healthy,2000000,1,0.6136741368936006
EE87938,Healthy,2000000,2,0.6388587079411034
EE87938,Healthy,2000000,3,0.6296559786412115
EE87938,Healthy,2000000,4,0.633835189730882
EE87938,Healthy,2000000,5,0.6673571366956247
EE87938,Healthy,2000000,6,0.6508674199683765
EE87938,Healthy,2000000,7,0.6483307836023429
EE87938,Healthy,2000000,8,0.5798920621987831
EE87938,Healthy,2000000,9,0.6159224088339239
EE87938,Healthy,2000000,10,0.6309356584648237
EE87938,Healthy,2000000,11,0.6551750014119047
EE87938,Healthy,2000000,12,0.6165534948373613
EE87938,Healthy,2000000,13,0.608015415181944
EE87938,Healthy,2000000,14,0.6995331893007521
EE87938,Healthy,2000000,15,0.664574183850766
EE87938,Healthy,2000000,16,0.5677060651483712
EE87938,Healthy,2000000,17,0.6254508075011517
EE87938,Healthy,2000000,18,0.6211328387861623
EE87938,Healthy,2000000,19,0.5900547266373878
EE87938,Healthy,1000000,0,0.5387899090051991
EE87938,Healthy,1000000,1,0.46973565034853065
EE87938,Healthy,1000000,2,0.4731336238283254
EE87938,Healthy,1000000,3,0.4694362356646652
EE87938,Healthy,1000000,4,0.5301121526770785
EE87938,Healthy,1000000,5,0.5210451843096527
EE87938,Healthy,1000000,6,0.4873984919502214
EE87938,Healthy,1000000,7,0.5503895566451212
EE87938,Healthy,1000000,8,0.4546039677774748
EE87938,Healthy,1000000,9,0.49135363097732865
EE87938,Healthy,1000000,10,0.4872383622555337
EE87938,Healthy,1000000,11,0.4922736888755637
EE87938,Healthy,1000000,12,0.4888662542844929
EE87938,Healthy,1000000,13,0.5456883763001446
EE87938,Healthy,1000000,14,0.5051607507241167
EE87938,Healthy,1000000,15,0.5070345280419729
EE87938,Healthy,1000000,16,0.5639273332622057
EE87938,Healthy,1000000,17,0.4882318180516206
EE87938,Healthy,1000000,18,0.5074721123821926
EE87938,Healthy,1000000,19,0.5138045969589837
EE87939,Healthy,20000000,0,0.9613498770813765
EE87939,Healthy,20000000,1,0.9498866569130816
EE87939,Healthy,20000000,2,0.9572116818941584
EE87939,Healthy,20000000,3,0.9588866191320528
EE87939,Healthy,20000000,4,0.9518408480668491
EE87939,Healthy,20000000,5,0.9587783569421338
EE87939,Healthy,20000000,6,0.946379991167056
EE87939,Healthy,20000000,7,0.9490681765181788
EE87939,Healthy,20000000,8,0.9503296069079354
EE87939,Healthy,20000000,9,0.9428941203419271
EE87939,Healthy,20000000,10,0.9587147154502261
EE87939,Healthy,20000000,11,0.9512166794123357
EE87939,Healthy,20000000,12,0.957645121492064
EE87939,Healthy,20000000,13,0.9454548119351575
EE87939,Healthy,20000000,14,0.9515424911433208
EE87939,Healthy,20000000,15,0.9548370790835105
EE87939,Healthy,20000000,16,0.9596884237624435
EE87939,Healthy,20000000,17,0.9450913323805566
EE87939,Healthy,20000000,18,0.9512056708021694
EE87939,Healthy,20000000,19,0.9570133966317562
EE87939,Healthy,10000000,0,0.8941275253035185
EE87939,Healthy,10000000,1,0.8929035973549307
EE87939,Healthy,10000000,2,0.914283378562002
EE87939,Healthy,10000000,3,0.871323236103474
EE87939,Healthy,10000000,4,0.8916270074428628
EE87939,Healthy,10000000,5,0.8840046848475928
EE87939,Healthy,10000000,6,0.9060958387453573
EE87939,Healthy,10000000,7,0.9025689376009486
EE87939,Healthy,10000000,8,0.8847211564642691
EE87939,Healthy,10000000,9,0.889206937118037
EE87939,Healthy,10000000,10,0.8960139060242502
EE87939,Healthy,10000000,11,0.8966228971274693
EE87939,Healthy,10000000,12,0.8773620634174113
EE87939,Healthy,10000000,13,0.8889173259890488
EE87939,Healthy,10000000,14,0.8996409645959348
EE87939,Healthy,10000000,15,0.9025388851469748
EE87939,Healthy,10000000,16,0.8767553522038717
EE87939,Healthy,10000000,17,0.8946885084440601
EE87939,Healthy,10000000,18,0.9013023381245759
EE87939,Healthy,10000000,19,0.9014332836116529
EE87939,Healthy,5000000,0,0.8283063095019666
EE87939,Healthy,5000000,1,0.8215321249483769
EE87939,Healthy,5000000,2,0.838938235834394
EE87939,Healthy,5000000,3,0.8316474091985081
EE87939,Healthy,5000000,4,0.8288662043484664
EE87939,Healthy,5000000,5,0.8414248874756334
EE87939,Healthy,5000000,6,0.839235859147113
EE87939,Healthy,5000000,7,0.8201966307138921
EE87939,Healthy,5000000,8,0.8318570939093073
EE87939,Healthy,5000000,9,0.8470250646845441
EE87939,Healthy,5000000,10,0.8035011093861939
EE87939,Healthy,5000000,11,0.8449495232424983
EE87939,Healthy,5000000,12,0.8077067436531129
EE87939,Healthy,5000000,13,0.814153685409097
EE87939,Healthy,5000000,14,0.8076561301022305
EE87939,Healthy,5000000,15,0.8193799224345691
EE87939,Healthy,5000000,16,0.8107447556265974
EE87939,Healthy,5000000,17,0.8299186475094918
EE87939,Healthy,5000000,18,0.8432813040227021
EE87939,Healthy,5000000,19,0.8313989012234541
EE87939,Healthy,2000000,0,0.6680038328855773
EE87939,Healthy,2000000,1,0.6670072930746715
EE87939,Healthy,2000000,2,0.680332046471023
EE87939,Healthy,2000000,3,0.6618666737104403
EE87939,Healthy,2000000,4,0.6724162990167968
EE87939,Healthy,2000000,5,0.6895427446447195
EE87939,Healthy,2000000,6,0.7188383075615957
EE87939,Healthy,2000000,7,0.6577386286664204
EE87939,Healthy,2000000,8,0.6270778977975212
EE87939,Healthy,2000000,9,0.6556766748836081
EE87939,Healthy,2000000,10,0.6583845762982862
EE87939,Healthy,2000000,11,0.6939721784080799
EE87939,Healthy,2000000,12,0.695535891035338
EE87939,Healthy,2000000,13,0.6625298498656704
EE87939,Healthy,2000000,14,0.7177272613204221
EE87939,Healthy,2000000,15,0.6828341378359732
EE87939,Healthy,2000000,16,0.6809201687457215
EE87939,Healthy,2000000,17,0.6872805830029859
EE87939,Healthy,2000000,18,0.6905271359327002
EE87939,Healthy,2000000,19,0.6921568325062247
EE87939,Healthy,1000000,0,0.5478240830602287
EE87939,Healthy,1000000,1,0.566346491367009
EE87939,Healthy,1000000,2,0.5744713005156739
EE87939,Healthy,1000000,3,0.5579255463833629
EE87939,Healthy,1000000,4,0.5752088538847574
EE87939,Healthy,1000000,5,0.5259104917908269
EE87939,Healthy,1000000,6,0.5407716456737144
EE87939,Healthy,1000000,7,0.5838611238174364
EE87939,Healthy,1000000,8,0.5169906677918057
EE87939,Healthy,1000000,9,0.5781790275374075
EE87939,Healthy,1000000,10,0.5863063884762407
EE87939,Healthy,1000000,11,0.6044850231639596
EE87939,Healthy,1000000,12,0.5618836581878173
EE87939,Healthy,1000000,13,0.5860479696970087
EE87939,Healthy,1000000,14,0.5509793830978408
EE87939,Healthy,1000000,15,0.5475764043542231
EE87939,Healthy,1000000,16,0.5329691349757757
EE87939,Healthy,1000000,17,0.6028960506805952
EE87939,Healthy,1000000,18,0.540159413221314
EE87939,Healthy,1000000,19,0.5222470941945956
EE87941,Healthy,20000000,0,0.9641636517839812
EE87941,Healthy,20000000,1,0.9579172751800787
EE87941,Healthy,20000000,2,0.967752393558465
EE87941,Healthy,20000000,3,0.9659360380207432
EE87941,Healthy,20000000,4,0.9659977904612023
EE87941,Healthy,20000000,5,0.9667542578568257
EE87941,Healthy,20000000,6,0.9690015776836584
EE87941,Healthy,20000000,7,0.9637092372010251
EE87941,Healthy,20000000,8,0.9620046613972988
EE87941,Healthy,20000000,9,0.9649559460174237
EE87941,Healthy,20000000,10,0.9677901577779767
EE87941,Healthy,20000000,11,0.9642471608859523
EE87941,Healthy,20000000,12,0.9629369408570563
EE87941,Healthy,20000000,13,0.9620155879642605
EE87941,Healthy,20000000,14,0.9610049623427366
EE87941,Healthy,20000000,15,0.9614666725726667
EE87941,Healthy,20000000,16,0.9663971619933273
EE87941,Healthy,20000000,17,0.9503772891720875
EE87941,Healthy,20000000,18,0.9630689138996408
EE87941,Healthy,20000000,19,0.9652118147791569
EE87941,Healthy,10000000,0,0.8970763997545537
EE87941,Healthy,10000000,1,0.888503782939644
EE87941,Healthy,10000000,2,0.8843886326718067
EE87941,Healthy,10000000,3,0.884181083169073
EE87941,Healthy,10000000,4,0.8860133979345504
EE87941,Healthy,10000000,5,0.8613619930665298
EE87941,Healthy,10000000,6,0.8951478736446057
EE87941,Healthy,10000000,7,0.8871278369034621
EE87941,Healthy,10000000,8,0.8835097170041252
EE87941,Healthy,10000000,9,0.9003765074956259
EE87941,Healthy,10000000,10,0.8929610505757872
EE87941,Healthy,10000000,11,0.8845340752311484
EE87941,Healthy,10000000,12,0.8871955533031693
EE87941,Healthy,10000000,13,0.8543836415961313
EE87941,Healthy,10000000,14,0.9008568297817565
EE87941,Healthy,10000000,15,0.8829604302347246
EE87941,Healthy,10000000,16,0.873631838203395
EE87941,Healthy,10000000,17,0.9003548159738193
EE87941,Healthy,10000000,18,0.8790719155372528
EE87941,Healthy,10000000,19,0.897027284416889
EE87941,Healthy,5000000,0,0.7680071549452112
EE87941,Healthy,5000000,1,0.7732861543812015
EE87941,Healthy,5000000,2,0.7875314649223659
EE87941,Healthy,5000000,3,0.8123059131919942
EE87941,Healthy,5000000,4,0.7495881867841961
EE87941,Healthy,5000000,5,0.7848783839242763
EE87941,Healthy,5000000,6,0.7931085903818067
EE87941,Healthy,5000000,7,0.7570021926024746
EE87941,Healthy,5000000,8,0.8020301376020953
EE87941,Healthy,5000000,9,0.7825673899980491
EE87941,Healthy,5000000,10,0.7656469729464052
EE87941,Healthy,5000000,11,0.7600757692046762
EE87941,Healthy,5000000,12,0.8027394308017564
EE87941,Healthy,5000000,13,0.7802043224235845
EE87941,Healthy,5000000,14,0.7837573493872309
EE87941,Healthy,5000000,15,0.7803890657920494
EE87941,Healthy,5000000,16,0.7959301622867874
EE87941,Healthy,5000000,17,0.7713053736348348
EE87941,Healthy,5000000,18,0.7797848171688855
EE87941,Healthy,5000000,19,0.7922397895505459
EE87941,Healthy,2000000,0,0.6205322865988765
EE87941,Healthy,2000000,1,0.5860298838839095
EE87941,Healthy,2000000,2,0.6317877715664371
EE87941,Healthy,2000000,3,0.6664467984486329
EE87941,Healthy,2000000,4,0.5838846513880835
EE87941,Healthy,2000000,5,0.6322569644953
EE87941,Healthy,2000000,6,0.6005539871722989
EE87941,Healthy,2000000,7,0.5899351301329344
EE87941,Healthy,2000000,8,0.6037717911055518
EE87941,Healthy,2000000,9,0.6190956774215032
EE87941,Healthy,2000000,10,0.6240895035313202
EE87941,Healthy,2000000,11,0.6410817751711059
EE87941,Healthy,2000000,12,0.6409444385293999
EE87941,Healthy,2000000,13,0.6336367741793761
EE87941,Healthy,2000000,14,0.5867599697465147
EE87941,Healthy,2000000,15,0.62151611070226
EE87941,Healthy,2000000,16,0.5965732246779122
EE87941,Healthy,2000000,17,0.6351189631022156
EE87941,Healthy,2000000,18,0.6663356049558103
EE87941,Healthy,2000000,19,0.6628241730457172
EE87941,Healthy,1000000,0,0.5538617743520456
EE87941,Healthy,1000000,1,0.45406726386111734
EE87941,Healthy,1000000,2,0.5404319702150298
EE87941,Healthy,1000000,3,0.49933487460426074
EE87941,Healthy,1000000,4,0.5284465210057369
EE87941,Healthy,1000000,5,0.4279320031216369
EE87941,Healthy,1000000,6,0.5143860499253393
EE87941,Healthy,1000000,7,0.48607652053593514
EE87941,Healthy,1000000,8,0.47864839777712137
EE87941,Healthy,1000000,9,0.4998647699457424
EE87941,Healthy,1000000,10,0.5290929977074355
EE87941,Healthy,1000000,11,0.4757266022633663
EE87941,Healthy,1000000,12,0.4529807272062783
EE87941,Healthy,1000000,13,0.5273967642528714
EE87941,Healthy,1000000,14,0.5609345753026082
EE87941,Healthy,1000000,15,0.46640825196501473
EE87941,Healthy,1000000,16,0.43280990914427164
EE87941,Healthy,1000000,17,0.5220405106484586
EE87941,Healthy,1000000,18,0.5008268265408109
EE87941,Healthy,1000000,19,0.5156128336313816
EE87942,Healthy,20000000,0,0.957554251603414
EE87942,Healthy,20000000,1,0.950700642668331
EE87942,Healthy,20000000,2,0.9497907061274315
EE87942,Healthy,20000000,3,0.9477270802690532
EE87942,Healthy,20000000,4,0.9446281890771139
EE87942,Healthy,20000000,5,0.9450292542415719
EE87942,Healthy,20000000,6,0.9527471367842613
EE87942,Healthy,20000000,7,0.949898316920299
EE87942,Healthy,20000000,8,0.9449781847127534
EE87942,Healthy,20000000,9,0.9490313074450776
EE87942,Healthy,20000000,10,0.9568984250522097
EE87942,Healthy,20000000,11,0.9512976480658069
EE87942,Healthy,20000000,12,0.9435850418392328
EE87942,Healthy,20000000,13,0.9456689261459053
EE87942,Healthy,20000000,14,0.95008031725642
EE87942,Healthy,20000000,15,0.959102101276608
EE87942,Healthy,20000000,16,0.9438142838315158
EE87942,Healthy,20000000,17,0.9510647084802777
EE87942,Healthy,20000000,18,0.9491058101540069
EE87942,Healthy,20000000,19,0.9398165796183074
EE87942,Healthy,10000000,0,0.8489618033797086
EE87942,Healthy,10000000,1,0.8726495965898062
EE87942,Healthy,10000000,2,0.8683031497653018
EE87942,Healthy,10000000,3,0.8800457541288804
EE87942,Healthy,10000000,4,0.8561199543781041
EE87942,Healthy,10000000,5,0.8714385191921115
EE87942,Healthy,10000000,6,0.8826730338557105
EE87942,Healthy,10000000,7,0.8772174675574544
EE87942,Healthy,10000000,8,0.8660768700632248
EE87942,Healthy,10000000,9,0.8662634953184096
EE87942,Healthy,10000000,10,0.8536955708908897
EE87942,Healthy,10000000,11,0.8649779632377562
EE87942,Healthy,10000000,12,0.885404276551921
EE87942,Healthy,10000000,13,0.8605819265423118
EE87942,Healthy,10000000,14,0.856973400852809
EE87942,Healthy,10000000,15,0.8640652256895364
EE87942,Healthy,10000000,16,0.8615195660132288
EE87942,Healthy,10000000,17,0.8836072023669165
EE87942,Healthy,10000000,18,0.8603606655193394
EE87942,Healthy,10000000,19,0.8751887422956015
EE87942,Healthy,5000000,0,0.7777454105820755
EE87942,Healthy,5000000,1,0.745202460717501
EE87942,Healthy,5000000,2,0.782822151388944
EE87942,Healthy,5000000,3,0.7971320746138206
EE87942,Healthy,5000000,4,0.7259117278827903
EE87942,Healthy,5000000,5,0.7829761090845154
EE87942,Healthy,5000000,6,0.7376550487831253
EE87942,Healthy,5000000,7,0.7706551416285434
EE87942,Healthy,5000000,8,0.7784672689017068
EE87942,Healthy,5000000,9,0.7928234935466095
EE87942,Healthy,5000000,10,0.7702757103159146
EE87942,Healthy,5000000,11,0.7962457837714487
EE87942,Healthy,5000000,12,0.7465388260828122
EE87942,Healthy,5000000,13,0.7304461591169589
EE87942,Healthy,5000000,14,0.7683647643820254
EE87942,Healthy,5000000,15,0.7541147368849265
EE87942,Healthy,5000000,16,0.7798031738669925
EE87942,Healthy,5000000,17,0.7712124192756206
EE87942,Healthy,5000000,18,0.7478543632528685
EE87942,Healthy,5000000,19,0.7310945804269287
EE87942,Healthy,2000000,0,0.6068473921307977
EE87942,Healthy,2000000,1,0.5936249821456138
EE87942,Healthy,2000000,2,0.6048783549371071
EE87942,Healthy,2000000,3,0.6069681669909783
EE87942,Healthy,2000000,4,0.5858871953505372
EE87942,Healthy,2000000,5,0.6378579443547959
EE87942,Healthy,2000000,6,0.5954108065831565
EE87942,Healthy,2000000,7,0.6429893601779282
EE87942,Healthy,2000000,8,0.6352826162738079
EE87942,Healthy,2000000,9,0.596423859326762
EE87942,Healthy,2000000,10,0.6193463497450551
EE87942,Healthy,2000000,11,0.6036823837773624
EE87942,Healthy,2000000,12,0.6168264828749758
EE87942,Healthy,2000000,13,0.5991904209326187
EE87942,Healthy,2000000,14,0.6101079433345783
EE87942,Healthy,2000000,15,0.650378515439365
EE87942,Healthy,2000000,16,0.6096548287456677
EE87942,Healthy,2000000,17,0.5977702319577793
EE87942,Healthy,2000000,18,0.6141048054931549
EE87942,Healthy,2000000,19,0.5887342182779407
EE87942,Healthy,1000000,0,0.45676961489820417
EE87942,Healthy,1000000,1,0.4580832849861135
EE87942,Healthy,1000000,2,0.4252892008242144
EE87942,Healthy,1000000,3,0.5163921043218493
EE87942,Healthy,1000000,4,0.4884990609457829
EE87942,Healthy,1000000,5,0.4754531085909031
EE87942,Healthy,1000000,6,0.5422467432708635
EE87942,Healthy,1000000,7,0.4906936759382873
EE87942,Healthy,1000000,8,0.4599684938675638
EE87942,Healthy,1000000,9,0.4751872314951128
EE87942,Healthy,1000000,10,0.5141573350769976
EE87942,Healthy,1000000,11,0.4918635350721293
EE87942,Healthy,1000000,12,0.46152193358668175
EE87942,Healthy,1000000,13,0.4461851009456694
EE87942,Healthy,1000000,14,0.47484359137461346
EE87942,Healthy,1000000,15,0.4859419211037599
EE87942,Healthy,1000000,16,0.5005027238904567
EE87942,Healthy,1000000,17,0.506250734348589
EE87942,Healthy,1000000,18,0.47470831491916116
EE87942,Healthy,1000000,19,0.5042028072064503
EE87943,Healthy,20000000,0,0.9388009864756945
EE87943,Healthy,20000000,1,0.9321347844722576
EE87943,Healthy,20000000,2,0.9293068744536408
EE87943,Healthy,20000000,3,0.9429695367655011
EE87943,Healthy,20000000,4,0.9360722842279838
EE87943,Healthy,20000000,5,0.9387282254250692
EE87943,Healthy,20000000,6,0.9396143208338926
EE87943,Healthy,20000000,7,0.9433106734012437
EE87943,Healthy,20000000,8,0.9523337602155345
EE87943,Healthy,20000000,9,0.9353369872365264
EE87943,Healthy,20000000,10,0.9352818790459901
EE87943,Healthy,20000000,11,0.9253320496468778
EE87943,Healthy,20000000,12,0.9469579106309302
EE87943,Healthy,20000000,13,0.9302638418616408
EE87943,Healthy,20000000,14,0.9313744086943269
EE87943,Healthy,20000000,15,0.9392182062870238
EE87943,Healthy,20000000,16,0.9356529799460904
EE87943,Healthy,20000000,17,0.9331170260858466
EE87943,Healthy,20000000,18,0.9389051448641902
EE87943,Healthy,20000000,19,0.9382082802987569
EE87943,Healthy,10000000,0,0.8526321652047147
EE87943,Healthy,10000000,1,0.8572095322838894
EE87943,Healthy,10000000,2,0.8537902327863484
EE87943,Healthy,10000000,3,0.8699230581189976
EE87943,Healthy,10000000,4,0.8747581688447212
EE87943,Healthy,10000000,5,0.868187070810768
EE87943,Healthy,10000000,6,0.8695486209273029
EE87943,Healthy,10000000,7,0.8587745788392366
EE87943,Healthy,10000000,8,0.876733204704129
EE87943,Healthy,10000000,9,0.8538427028196816
EE87943,Healthy,10000000,10,0.8604677832198752
EE87943,Healthy,10000000,11,0.8682259549228671
EE87943,Healthy,10000000,12,0.862367294135733
EE87943,Healthy,10000000,13,0.877006530906836
EE87943,Healthy,10000000,14,0.8343432158951304
EE87943,Healthy,10000000,15,0.8639849735728218
EE87943,Healthy,10000000,16,0.8463869611155045
EE87943,Healthy,10000000,17,0.8753265595964231
EE87943,Healthy,10000000,18,0.8694890464162434
EE87943,Healthy,10000000,19,0.8658508352864388
EE87943,Healthy,5000000,0,0.7668310575691686
EE87943,Healthy,5000000,1,0.7374191573498297
EE87943,Healthy,5000000,2,0.7557391257645494
EE87943,Healthy,5000000,3,0.7416269218106448
EE87943,Healthy,5000000,4,0.7611793009851506
EE87943,Healthy,5000000,5,0.7484824402896894
EE87943,Healthy,5000000,6,0.7799749925410967
EE87943,Healthy,5000000,7,0.7644895380581839
EE87943,Healthy,5000000,8,0.7705261198903784
EE87943,Healthy,5000000,9,0.7782038638267492
EE87943,Healthy,5000000,10,0.7529207708821997
EE87943,Healthy,5000000,11,0.774100661267356
EE87943,Healthy,5000000,12,0.750429466075893
EE87943,Healthy,5000000,13,0.7533982732766966
EE87943,Healthy,5000000,14,0.7148065271744373
EE87943,Healthy,5000000,15,0.763960220484874
EE87943,Healthy,5000000,16,0.789150843197836
EE87943,Healthy,5000000,17,0.711896855185316
EE87943,Healthy,5000000,18,0.7588474499571944
EE87943,Healthy,5000000,19,0.7557234270951028
EE87943,Healthy,2000000,0,0.582315370700792
EE87943,Healthy,2000000,1,0.5919720813815789
EE87943,Healthy,2000000,2,0.6143415131924935
EE87943,Healthy,2000000,3,0.5979131387408348
EE87943,Healthy,2000000,4,0.610223328388524
EE87943,Healthy,2000000,5,0.5994156512281982
EE87943,Healthy,2000000,6,0.6242190075053969
EE87943,Healthy,2000000,7,0.6500245894256407
EE87943,Healthy,2000000,8,0.6140073039199548
EE87943,Healthy,2000000,9,0.5481883791570858
EE87943,Healthy,2000000,10,0.5259549737725556
EE87943,Healthy,2000000,11,0.594259667335414
EE87943,Healthy,2000000,12,0.585221034582395
EE87943,Healthy,2000000,13,0.5875633282137329
EE87943,Healthy,2000000,14,0.6145318914506007
EE87943,Healthy,2000000,15,0.5875410887057498
EE87943,Healthy,2000000,16,0.6146990976212501
EE87943,Healthy,2000000,17,0.5809587953530421
EE87943,Healthy,2000000,18,0.6119109353265476
EE87943,Healthy,2000000,19,0.581764173298151
EE87943,Healthy,1000000,0,0.5280331227659453
EE87943,Healthy,1000000,1,0.47597618667754743
EE87943,Healthy,1000000,2,0.4724243322035478
EE87943,Healthy,1000000,3,0.5041035011541688
EE87943,Healthy,1000000,4,0.46966777649018693
EE87943,Healthy,1000000,5,0.47749584042203347
EE87943,Healthy,1000000,6,0.4903944024760286
EE87943,Healthy,1000000,7,0.48003443937052687
EE87943,Healthy,1000000,8,0.5404776252560338
EE87943,Healthy,1000000,9,0.5428367871583023
EE87943,Healthy,1000000,10,0.4744855237809149
EE87943,Healthy,1000000,11,0.4500023645719275
EE87943,Healthy,1000000,12,0.4465992808216864
EE87943,Healthy,1000000,13,0.527942379495689
EE87943,Healthy,1000000,14,0.44544751643520264
EE87943,Healthy,1000000,15,0.5116376847529949
EE87943,Healthy,1000000,16,0.4844612045327945
EE87943,Healthy,1000000,17,0.49207001301443476
EE87943,Healthy,1000000,18,0.46078644353882303
EE87943,Healthy,1000000,19,0.494571979090656
EE87944,Healthy,20000000,0,0.9329864209770696
EE87944,Healthy,20000000,1,0.9411142276841142
EE87944,Healthy,20000000,2,0.9325647065260866
EE87944,Healthy,20000000,3,0.9434497466716869
EE87944,Healthy,20000000,4,0.9454531183028241
EE87944,Healthy,20000000,5,0.9420201255632958
EE87944,Healthy,20000000,6,0.939184529059474
EE87944,Healthy,20000000,7,0.9325583228349843
EE87944,Healthy,20000000,8,0.9357745306358548
EE87944,Healthy,20000000,9,0.9384472127371574
EE87944,Healthy,20000000,10,0.935158439304777
EE87944,Healthy,20000000,11,0.9318827589531269
EE87944,Healthy,20000000,12,0.9403909163983998
EE87944,Healthy,20000000,13,0.9478413353118434
EE87944,Healthy,20000000,14,0.9391454452363986
EE87944,Healthy,20000000,15,0.9391802949786409
EE87944,Healthy,20000000,16,0.9330764440495533
EE87944,Healthy,20000000,17,0.9383582970396611
EE87944,Healthy,20000000,18,0.9286780157403585
EE87944,Healthy,20000000,19,0.9322861691469696
EE87944,Healthy,10000000,0,0.8461502434270782
EE87944,Healthy,10000000,1,0.8728384365949653
EE87944,Healthy,10000000,2,0.8494419481461892
EE87944,Healthy,10000000,3,0.8610244391145692
EE87944,Healthy,10000000,4,0.8773566059698685
EE87944,Healthy,10000000,5,0.8704597115884141
EE87944,Healthy,10000000,6,0.8356856611172906
EE87944,Healthy,10000000,7,0.8524740060006696
EE87944,Healthy,10000000,8,0.8648173938646215
EE87944,Healthy,10000000,9,0.8589748974208408
EE87944,Healthy,10000000,10,0.8455311368691243
EE87944,Healthy,10000000,11,0.865649437415228
EE87944,Healthy,10000000,12,0.8349944175272709
EE87944,Healthy,10000000,13,0.8618574456637151
EE87944,Healthy,10000000,14,0.8758745982508688
EE87944,Healthy,10000000,15,0.8685623547964704
EE87944,Healthy,10000000,16,0.8703922919925113
EE87944,Healthy,10000000,17,0.887750655757351
EE87944,Healthy,10000000,18,0.8695796925666478
EE87944,Healthy,10000000,19,0.869679942572836
EE87944,Healthy,5000000,0,0.7557379083728284
EE87944,Healthy,5000000,1,0.7690030107571709
EE87944,Healthy,5000000,2,0.753609989590838
EE87944,Healthy,5000000,3,0.7684662520459166
EE87944,Healthy,5000000,4,0.76741781596043
EE87944,Healthy,5000000,5,0.761877130261776
EE87944,Healthy,5000000,6,0.7936321766187638
EE87944,Healthy,5000000,7,0.789038759248841
EE87944,Healthy,5000000,8,0.765694382184004
EE87944,Healthy,5000000,9,0.7663399291521007
EE87944,Healthy,5000000,10,0.7476737959902604
EE87944,Healthy,5000000,11,0.7361324081758148
EE87944,Healthy,5000000,12,0.777819865265034
EE87944,Healthy,5000000,13,0.7648029328500836
EE87944,Healthy,5000000,14,0.7935643925527079
EE87944,Healthy,5000000,15,0.7424327855952663
EE87944,Healthy,5000000,16,0.7530780464862993
EE87944,Healthy,5000000,17,0.7822851198207464
EE87944,Healthy,5000000,18,0.7470813503721432
EE87944,Healthy,5000000,19,0.7426070259232264
EE87944,Healthy,2000000,0,0.5995533891391722
EE87944,Healthy,2000000,1,0.5636492008969636
EE87944,Healthy,2000000,2,0.6147850394546325
EE87944,Healthy,2000000,3,0.5717935026918021
EE87944,Healthy,2000000,4,0.5367290251275789
EE87944,Healthy,2000000,5,0.6018850779266293
EE87944,Healthy,2000000,6,0.599000102220488
EE87944,Healthy,2000000,7,0.5609550510289815
EE87944,Healthy,2000000,8,0.5891155882753024
EE87944,Healthy,2000000,9,0.6177617162072626
EE87944,Healthy,2000000,10,0.6012226886496925
EE87944,Healthy,2000000,11,0.615463564713658
EE87944,Healthy,2000000,12,0.6052307251762841
EE87944,Healthy,2000000,13,0.5364897018353582
EE87944,Healthy,2000000,14,0.5677286219779177
EE87944,Healthy,2000000,15,0.5485228269068672
EE87944,Healthy,2000000,16,0.6162244741706978
EE87944,Healthy,2000000,17,0.6017317162900678
EE87944,Healthy,2000000,18,0.6114071620526556
EE87944,Healthy,2000000,19,0.5491126937635592
EE87944,Healthy,1000000,0,0.4920450319330441
EE87944,Healthy,1000000,1,0.4937597702444203
EE87944,Healthy,1000000,2,0.4784619289490574
EE87944,Healthy,1000000,3,0.4981075529285031
EE87944,Healthy,1000000,4,0.4645318417815689
EE87944,Healthy,1000000,5,0.4959049343063639
EE87944,Healthy,1000000,6,0.4926285049013861
EE87944,Healthy,1000000,7,0.5347781018062471
EE87944,Healthy,1000000,8,0.4554727390949971
EE87944,Healthy,1000000,9,0.479026619643196
EE87944,Healthy,1000000,10,0.39431139999567216
EE87944,Healthy,1000000,11,0.43817455841948955
EE87944,Healthy,1000000,12,0.46737780343414365
EE87944,Healthy,1000000,13,0.47230644651073184
EE87944,Healthy,1000000,14,0.4927389813844962
EE87944,Healthy,1000000,15,0.49039621417038576
EE87944,Healthy,1000000,16,0.5263191664539179
EE87944,Healthy,1000000,17,0.45133020422782105
EE87944,Healthy,1000000,18,0.5189984932370749
EE87944,Healthy,1000000,19,0.5236010542406532
EE87945,Healthy,20000000,0,0.9229299729105135
EE87945,Healthy,20000000,1,0.9457246857334929
EE87945,Healthy,20000000,2,0.9362924564313083
EE87945,Healthy,20000000,3,0.93238746138844
EE87945,Healthy,20000000,4,0.9265180482580994
EE87945,Healthy,20000000,5,0.9371233785098902
EE87945,Healthy,20000000,6,0.9374970198584905
EE87945,Healthy,20000000,7,0.9370334205771119
EE87945,Healthy,20000000,8,0.9394422868726559
EE87945,Healthy,20000000,9,0.9227963563454542
EE87945,Healthy,20000000,10,0.9398220340886181
EE87945,Healthy,20000000,11,0.9325580622761638
EE87945,Healthy,20000000,12,0.931626564492868
EE87945,Healthy,20000000,13,0.9393122028815201
EE87945,Healthy,20000000,14,0.9430585176027025
EE87945,Healthy,20000000,15,0.9409345723773779
EE87945,Healthy,20000000,16,0.9301449618997865
EE87945,Healthy,20000000,17,0.9375702368870519
EE87945,Healthy,20000000,18,0.9257183280982725
EE87945,Healthy,20000000,19,0.9251877000603194
EE87945,Healthy,10000000,0,0.8606865594640828
EE87945,Healthy,10000000,1,0.8423603965307962
EE87945,Healthy,10000000,2,0.8695558146161717
EE87945,Healthy,10000000,3,0.8773128829400416
EE87945,Healthy,10000000,4,0.8622206461308424
EE87945,Healthy,10000000,5,0.8622839153131722
EE87945,Healthy,10000000,6,0.8590639945491095
EE87945,Healthy,10000000,7,0.8492660709423501
EE87945,Healthy,10000000,8,0.8742762001664972
EE87945,Healthy,10000000,9,0.8635258037913915
EE87945,Healthy,10000000,10,0.8735479382631933
EE87945,Healthy,10000000,11,0.8521587949675671
EE87945,Healthy,10000000,12,0.8668361525825314
EE87945,Healthy,10000000,13,0.8537319001794585
EE87945,Healthy,10000000,14,0.8720130330221345
EE87945,Healthy,10000000,15,0.860066866885496
EE87945,Healthy,10000000,16,0.8452485796287298
EE87945,Healthy,10000000,17,0.8597772883216445
EE87945,Healthy,10000000,18,0.8725049213047222
EE87945,Healthy,10000000,19,0.8710724482346563
EE87945,Healthy,5000000,0,0.7539968543058788
EE87945,Healthy,5000000,1,0.771637455851565
EE87945,Healthy,5000000,2,0.7805895006712489
EE87945,Healthy,5000000,3,0.7710640110142125
EE87945,Healthy,5000000,4,0.7537162201774147
EE87945,Healthy,5000000,5,0.7504887432075573
EE87945,Healthy,5000000,6,0.7457270307628772
EE87945,Healthy,5000000,7,0.7178813701746135
EE87945,Healthy,5000000,8,0.7706511104365533
EE87945,Healthy,5000000,9,0.7728725698004512
EE87945,Healthy,5000000,10,0.7683295438580676
EE87945,Healthy,5000000,11,0.7899354398743496
EE87945,Healthy,5000000,12,0.7516196906782381
EE87945,Healthy,5000000,13,0.7131553542883424
EE87945,Healthy,5000000,14,0.72747453896518
EE87945,Healthy,5000000,15,0.7253805787271963
EE87945,Healthy,5000000,16,0.6982641033692879
EE87945,Healthy,5000000,17,0.7483408061875687
EE87945,Healthy,5000000,18,0.7084714417263929
EE87945,Healthy,5000000,19,0.7580153025548874
EE87945,Healthy,2000000,0,0.5029122826959507
EE87945,Healthy,2000000,1,0.6094968748734895
EE87945,Healthy,2000000,2,0.6039031422631982
EE87945,Healthy,2000000,3,0.5689842547370793
EE87945,Healthy,2000000,4,0.5954831275765251
EE87945,Healthy,2000000,5,0.5853491508835204
EE87945,Healthy,2000000,6,0.6541637944805082
EE87945,Healthy,2000000,7,0.5582084064947316
EE87945,Healthy,2000000,8,0.6401934115979228
EE87945,Healthy,2000000,9,0.5654569666979518
EE87945,Healthy,2000000,10,0.588868584298319
EE87945,Healthy,2000000,11,0.5499468549564616
EE87945,Healthy,2000000,12,0.5937837240489111
EE87945,Healthy,2000000,13,0.5436052787481999
EE87945,Healthy,2000000,14,0.5096944332159877
EE87945,Healthy,2000000,15,0.5597786878338175
EE87945,Healthy,2000000,16,0.5801562919820338
EE87945,Healthy,2000000,17,0.6294556052658478
EE87945,Healthy,2000000,18,0.5900096462141788
EE87945,Healthy,2000000,19,0.5691101089074743
EE87945,Healthy,1000000,0,0.5029559017336853
EE87945,Healthy,1000000,1,0.4453433978536848
EE87945,Healthy,1000000,2,0.4747360412467368
EE87945,Healthy,1000000,3,0.47749202974866317
EE87945,Healthy,1000000,4,0.43138242151894385
EE87945,Healthy,1000000,5,0.49594795048915263
EE87945,Healthy,1000000,6,0.4800415005129002
EE87945,Healthy,1000000,7,0.501289969912134
EE87945,Healthy,1000000,8,0.44858925266171445
EE87945,Healthy,1000000,9,0.44218196106284063
EE87945,Healthy,1000000,10,0.4397681143069464
EE87945,Healthy,1000000,11,0.40286032428118385
EE87945,Healthy,1000000,12,0.44758301356789526
EE87945,Healthy,1000000,13,0.5219977379257755
EE87945,Healthy,1000000,14,0.5014344091570384
EE87945,Healthy,1000000,15,0.4966189231649762
EE87945,Healthy,1000000,16,0.4902027019269732
EE87945,Healthy,1000000,17,0.402761096807614
EE87945,Healthy,1000000,18,0.48099145648618186
EE87945,Healthy,1000000,19,0.49549260704703874
EE87946,Healthy,20000000,0,0.9423987175294857
EE87946,Healthy,20000000,1,0.93810627152053
EE87946,Healthy,20000000,2,0.936633593067051
EE87946,Healthy,20000000,3,0.9453341080615597
EE87946,Healthy,20000000,4,0.9397490297440924
EE87946,Healthy,20000000,5,0.9375186940778677
EE87946,Healthy,20000000,6,0.9411559822350997
EE87946,Healthy,20000000,7,0.9413697707473218
EE87946,Healthy,20000000,8,0.9350793597027546
EE87946,Healthy,20000000,9,0.9399368275139692
EE87946,Healthy,20000000,10,0.9470110646303127
EE87946,Healthy,20000000,11,0.9294553278416221
EE87946,Healthy,20000000,12,0.939769679030617
EE87946,Healthy,20000000,13,0.9358386281056984
EE87946,Healthy,20000000,14,0.9358383024071727
EE87946,Healthy,20000000,15,0.9431155799843928
EE87946,Healthy,20000000,16,0.9375777279531412
EE87946,Healthy,20000000,17,0.9354461613823166
EE87946,Healthy,20000000,18,0.9493900969409093
EE87946,Healthy,20000000,19,0.936562004531118
EE87946,Healthy,10000000,0,0.8709693178960919
EE87946,Healthy,10000000,1,0.8630108092826686
EE87946,Healthy,10000000,2,0.8575603747356958
EE87946,Healthy,10000000,3,0.8646156702780501
EE87946,Healthy,10000000,4,0.870075601141769
EE87946,Healthy,10000000,5,0.8785760538395306
EE87946,Healthy,10000000,6,0.8595180182938348
EE87946,Healthy,10000000,7,0.8519727559697284
EE87946,Healthy,10000000,8,0.8531752349263466
EE87946,Healthy,10000000,9,0.8745518062588835
EE87946,Healthy,10000000,10,0.8582005026179648
EE87946,Healthy,10000000,11,0.8771592835153555
EE87946,Healthy,10000000,12,0.8541756457681879
EE87946,Healthy,10000000,13,0.851399917402854
EE87946,Healthy,10000000,14,0.8570665506311387
EE87946,Healthy,10000000,15,0.8483724193277322
EE87946,Healthy,10000000,16,0.8710485419624859
EE87946,Healthy,10000000,17,0.8504054295247018
EE87946,Healthy,10000000,18,0.8688023153256791
EE87946,Healthy,10000000,19,0.8620180801765548
EE87946,Healthy,5000000,0,0.7160175394521482
EE87946,Healthy,5000000,1,0.7619872939138446
EE87946,Healthy,5000000,2,0.7499810443458085
EE87946,Healthy,5000000,3,0.7522090421795569
EE87946,Healthy,5000000,4,0.729403663242175
EE87946,Healthy,5000000,5,0.7703558697887856
EE87946,Healthy,5000000,6,0.7595127419777198
EE87946,Healthy,5000000,7,0.7603261864273314
EE87946,Healthy,5000000,8,0.7719079159072464
EE87946,Healthy,5000000,9,0.7521785322982201
EE87946,Healthy,5000000,10,0.7811866109244497
EE87946,Healthy,5000000,11,0.7606311503486657
EE87946,Healthy,5000000,12,0.7492921268244004
EE87946,Healthy,5000000,13,0.7489767855118874
EE87946,Healthy,5000000,14,0.7475392173594709
EE87946,Healthy,5000000,15,0.7489816831868834
EE87946,Healthy,5000000,16,0.7682005547297289
EE87946,Healthy,5000000,17,0.7888305401780163
EE87946,Healthy,5000000,18,0.7540426149494748
EE87946,Healthy,5000000,19,0.7630976049349871
EE87946,Healthy,2000000,0,0.6303962160084119
EE87946,Healthy,2000000,1,0.6196120670000952
EE87946,Healthy,2000000,2,0.644656306282746
EE87946,Healthy,2000000,3,0.6530790554879097
EE87946,Healthy,2000000,4,0.5955268855433612
EE87946,Healthy,2000000,5,0.5782012872585002
EE87946,Healthy,2000000,6,0.55549464088309
EE87946,Healthy,2000000,7,0.6066834087653846
EE87946,Healthy,2000000,8,0.6432707416189998
EE87946,Healthy,2000000,9,0.64100024238486
EE87946,Healthy,2000000,10,0.5633559469630548
EE87946,Healthy,2000000,11,0.6034397672688616
EE87946,Healthy,2000000,12,0.6136830358687765
EE87946,Healthy,2000000,13,0.6084525054758474
EE87946,Healthy,2000000,14,0.6059950192548933
EE87946,Healthy,2000000,15,0.6133342752535975
EE87946,Healthy,2000000,16,0.57150434753056
EE87946,Healthy,2000000,17,0.5978681302170971
EE87946,Healthy,2000000,18,0.591998476251993
EE87946,Healthy,2000000,19,0.5983498938027301
EE87946,Healthy,1000000,0,0.4368046375831372
EE87946,Healthy,1000000,1,0.49346989006207975
EE87946,Healthy,1000000,2,0.48090645822826794
EE87946,Healthy,1000000,3,0.4590026425554241
EE87946,Healthy,1000000,4,0.4973144605557992
EE87946,Healthy,1000000,5,0.4899538682169234
EE87946,Healthy,1000000,6,0.5211165448670768
EE87946,Healthy,1000000,7,0.4261373552589508
EE87946,Healthy,1000000,8,0.5391467593604764
EE87946,Healthy,1000000,9,0.5031731752448997
EE87946,Healthy,1000000,10,0.44982313262657403
EE87946,Healthy,1000000,11,0.42759567753705546
EE87946,Healthy,1000000,12,0.42084281998298134
EE87946,Healthy,1000000,13,0.49708811623740307
EE87946,Healthy,1000000,14,0.46574362826955573
EE87946,Healthy,1000000,15,0.5108006295167691
EE87946,Healthy,1000000,16,0.4864447336865271
EE87946,Healthy,1000000,17,0.412961160432637
EE87946,Healthy,1000000,18,0.4797507103281877
EE87946,Healthy,1000000,19,0.5284039441314962
EE87947,Healthy,20000000,0,0.9168558757968216
EE87947,Healthy,20000000,1,0.9275935699294277
EE87947,Healthy,20000000,2,0.9287962443051613
EE87947,Healthy,20000000,3,0.9193152905035431
EE87947,Healthy,20000000,4,0.9277720527214719
EE87947,Healthy,20000000,5,0.9220702440524194
EE87947,Healthy,20000000,6,0.9153142143956143
EE87947,Healthy,20000000,7,0.9341131424566268
EE87947,Healthy,20000000,8,0.9246274985962395
EE87947,Healthy,20000000,9,0.9353032448692711
EE87947,Healthy,20000000,10,0.9173082534173634
EE87947,Healthy,20000000,11,0.9250832159732981
EE87947,Healthy,20000000,12,0.9392688025639772
EE87947,Healthy,20000000,13,0.9239957562132819
EE87947,Healthy,20000000,14,0.929769105801212
EE87947,Healthy,20000000,15,0.931762967035401
EE87947,Healthy,20000000,16,0.9224423220480967
EE87947,Healthy,20000000,17,0.9361996323515043
EE87947,Healthy,20000000,18,0.9252995925723083
EE87947,Healthy,20000000,19,0.9215118665000828
EE87947,Healthy,10000000,0,0.8431709487337494
EE87947,Healthy,10000000,1,0.8326200752754433
EE87947,Healthy,10000000,2,0.8550228575225286
EE87947,Healthy,10000000,3,0.842736597179972
EE87947,Healthy,10000000,4,0.8511670429570299
EE87947,Healthy,10000000,5,0.8331523128039959
EE87947,Healthy,10000000,6,0.8501149528537536
EE87947,Healthy,10000000,7,0.8627652325943451
EE87947,Healthy,10000000,8,0.8564424471163304
EE87947,Healthy,10000000,9,0.8467534922538157
EE87947,Healthy,10000000,10,0.868954658676978
EE87947,Healthy,10000000,11,0.8445854574305514
EE87947,Healthy,10000000,12,0.8411210673531523
EE87947,Healthy,10000000,13,0.8725489048150767
EE87947,Healthy,10000000,14,0.8592621495321017
EE87947,Healthy,10000000,15,0.8627684895796015
EE87947,Healthy,10000000,16,0.8723728973289613
EE87947,Healthy,10000000,17,0.8474428056271203
EE87947,Healthy,10000000,18,0.8591084849677104
EE87947,Healthy,10000000,19,0.8398481723752934
EE87947,Healthy,5000000,0,0.7443306430254698
EE87947,Healthy,5000000,1,0.7596464535932765
EE87947,Healthy,5000000,2,0.7242988687838808
EE87947,Healthy,5000000,3,0.7488905853077819
EE87947,Healthy,5000000,4,0.7426683428632996
EE87947,Healthy,5000000,5,0.7162309371296148
EE87947,Healthy,5000000,6,0.7486494177373277
EE87947,Healthy,5000000,7,0.7382547043610823
EE87947,Healthy,5000000,8,0.8020885874273953
EE87947,Healthy,5000000,9,0.7529158486205365
EE87947,Healthy,5000000,10,0.7507730780204305
EE87947,Healthy,5000000,11,0.7649778980980511
EE87947,Healthy,5000000,12,0.7480946879904109
EE87947,Healthy,5000000,13,0.7552202959687643
EE87947,Healthy,5000000,14,0.749376104107842
EE87947,Healthy,5000000,15,0.7653594213509715
EE87947,Healthy,5000000,16,0.7680725351473092
EE87947,Healthy,5000000,17,0.7679128977918943
EE87947,Healthy,5000000,18,0.729290483000833
EE87947,Healthy,5000000,19,0.7657088307292652
EE87947,Healthy,2000000,0,0.6003905939886652
EE87947,Healthy,2000000,1,0.5753954725200904
EE87947,Healthy,2000000,2,0.6106951949511942
EE87947,Healthy,2000000,3,0.6057756642548369
EE87947,Healthy,2000000,4,0.5979054294223726
EE87947,Healthy,2000000,5,0.5789519616278928
EE87947,Healthy,2000000,6,0.5774439353088433
EE87947,Healthy,2000000,7,0.622923376633381
EE87947,Healthy,2000000,8,0.5649139585063648
EE87947,Healthy,2000000,9,0.6321330462886998
EE87947,Healthy,2000000,10,0.6167883234858116
EE87947,Healthy,2000000,11,0.5401087575826902
EE87947,Healthy,2000000,12,0.5591971583193555
EE87947,Healthy,2000000,13,0.5783111171358145
EE87947,Healthy,2000000,14,0.588670130394547
EE87947,Healthy,2000000,15,0.549554847432622
EE87947,Healthy,2000000,16,0.6075035374525728
EE87947,Healthy,2000000,17,0.5851921872214273
EE87947,Healthy,2000000,18,0.6232099668059465
EE87947,Healthy,2000000,19,0.6074168010363237
EE87947,Healthy,1000000,0,0.42143658047255317
EE87947,Healthy,1000000,1,0.49161918103450114
EE87947,Healthy,1000000,2,0.4876910932625108
EE87947,Healthy,1000000,3,0.41304457289127794
EE87947,Healthy,1000000,4,0.5475360790134304
EE87947,Healthy,1000000,5,0.5178427036511314
EE87947,Healthy,1000000,6,0.4932575167666786
EE87947,Healthy,1000000,7,0.46713667689551674
EE87947,Healthy,1000000,8,0.4934538821901421
EE87947,Healthy,1000000,9,0.5205693471714042
EE87947,Healthy,1000000,10,0.4781761609714626
EE87947,Healthy,1000000,11,0.4916716670900588
EE87947,Healthy,1000000,12,0.5103721889627052
EE87947,Healthy,1000000,13,0.5097389734424129
EE87947,Healthy,1000000,14,0.4718375364707136
EE87947,Healthy,1000000,15,0.4743877160049229
EE87947,Healthy,1000000,16,0.46087660696216054
EE87947,Healthy,1000000,17,0.44303373833271764
EE87947,Healthy,1000000,18,0.4916995800002955
EE87947,Healthy,1000000,19,0.4819715408481166
EE87948,Healthy,20000000,0,0.9459692201865343
EE87948,Healthy,20000000,1,0.9317750830205545
EE87948,Healthy,20000000,2,0.9467052988544533
EE87948,Healthy,20000000,3,0.9446827110103038
EE87948,Healthy,20000000,4,0.9321662469498334
EE87948,Healthy,20000000,5,0.9405727213154053
EE87948,Healthy,20000000,6,0.9351742682531227
EE87948,Healthy,20000000,7,0.9294032160775216
EE87948,Healthy,20000000,8,0.9391255776263353
EE87948,Healthy,20000000,9,0.9289978516925251
EE87948,Healthy,20000000,10,0.9340379712369119
EE87948,Healthy,20000000,11,0.9467001528177484
EE87948,Healthy,20000000,12,0.939507083609207
EE87948,Healthy,20000000,13,0.9298140521977487
EE87948,Healthy,20000000,14,0.9400275019835042
EE87948,Healthy,20000000,15,0.939564814657997
EE87948,Healthy,20000000,16,0.9420690933932235
EE87948,Healthy,20000000,17,0.9322206386036133
EE87948,Healthy,20000000,18,0.9366263625597822
EE87948,Healthy,20000000,19,0.942302897023246
EE87948,Healthy,10000000,0,0.8304683153960299
EE87948,Healthy,10000000,1,0.8684339644355772
EE87948,Healthy,10000000,2,0.8524344661996585
EE87948,Healthy,10000000,3,0.8308027887415594
EE87948,Healthy,10000000,4,0.8445075503432212
EE87948,Healthy,10000000,5,0.8612839511818287
EE87948,Healthy,10000000,6,0.8294985154661203
EE87948,Healthy,10000000,7,0.8291926003443384
EE87948,Healthy,10000000,8,0.856694277216346
EE87948,Healthy,10000000,9,0.8708201479713542
EE87948,Healthy,10000000,10,0.8622481446419449
EE87948,Healthy,10000000,11,0.8433936613855738
EE87948,Healthy,10000000,12,0.8452904644591256
EE87948,Healthy,10000000,13,0.8666235876083437
EE87948,Healthy,10000000,14,0.8687081233120674
EE87948,Healthy,10000000,15,0.8505582472729264
EE87948,Healthy,10000000,16,0.8471530040477815
EE87948,Healthy,10000000,17,0.8820972640021053
EE87948,Healthy,10000000,18,0.858596356606013
EE87948,Healthy,10000000,19,0.8546643937252226
EE87948,Healthy,5000000,0,0.7513695623002654
EE87948,Healthy,5000000,1,0.7511581758523919
EE87948,Healthy,5000000,2,0.7424722072079724
EE87948,Healthy,5000000,3,0.730110958973711
EE87948,Healthy,5000000,4,0.7296417576776913
EE87948,Healthy,5000000,5,0.7358577140393001
EE87948,Healthy,5000000,6,0.7310143934486132
EE87948,Healthy,5000000,7,0.7691984098290346
EE87948,Healthy,5000000,8,0.7402463544724517
EE87948,Healthy,5000000,9,0.7481585574733667
EE87948,Healthy,5000000,10,0.7418982491750057
EE87948,Healthy,5000000,11,0.7340756458952105
EE87948,Healthy,5000000,12,0.7587611072766443
EE87948,Healthy,5000000,13,0.7374366353518392
EE87948,Healthy,5000000,14,0.7477340502175016
EE87948,Healthy,5000000,15,0.7670744195075179
EE87948,Healthy,5000000,16,0.722120152826219
EE87948,Healthy,5000000,17,0.6992378003103257
EE87948,Healthy,5000000,18,0.713991945833337
EE87948,Healthy,5000000,19,0.7327122924602144
EE87948,Healthy,2000000,0,0.5920033122240527
EE87948,Healthy,2000000,1,0.5504847819387143
EE87948,Healthy,2000000,2,0.59807176031635
EE87948,Healthy,2000000,3,0.5417430918356666
EE87948,Healthy,2000000,4,0.5920357035940785
EE87948,Healthy,2000000,5,0.5674358982125635
EE87948,Healthy,2000000,6,0.5562156668948088
EE87948,Healthy,2000000,7,0.5724923959566173
EE87948,Healthy,2000000,8,0.6027527031065476
EE87948,Healthy,2000000,9,0.6006543544578081
EE87948,Healthy,2000000,10,0.5810118232645681
EE87948,Healthy,2000000,11,0.6228343835076044
EE87948,Healthy,2000000,12,0.565786081491046
EE87948,Healthy,2000000,13,0.5835895264406873
EE87948,Healthy,2000000,14,0.6053102054791474
EE87948,Healthy,2000000,15,0.5252750129273829
EE87948,Healthy,2000000,16,0.5300289826108906
EE87948,Healthy,2000000,17,0.5424381149127723
EE87948,Healthy,2000000,18,0.5814685314058978
EE87948,Healthy,2000000,19,0.5844274184813626
EE87948,Healthy,1000000,0,0.40721583211594264
EE87948,Healthy,1000000,1,0.49835016568043494
EE87948,Healthy,1000000,2,0.44645433826582176
EE87948,Healthy,1000000,3,0.4300685207971533
EE87948,Healthy,1000000,4,0.49994323887744085
EE87948,Healthy,1000000,5,0.3783938103319288
EE87948,Healthy,1000000,6,0.5373817410718031
EE87948,Healthy,1000000,7,0.4279759166761493
EE87948,Healthy,1000000,8,0.44004950748837274
EE87948,Healthy,1000000,9,0.43411770072245787
EE87948,Healthy,1000000,10,0.4119783680095604
EE87948,Healthy,1000000,11,0.403245039215663
EE87948,Healthy,1000000,12,0.46822583242082605
EE87948,Healthy,1000000,13,0.43131114716705005
EE87948,Healthy,1000000,14,0.400966393312191
EE87948,Healthy,1000000,15,0.4211972777461454
EE87948,Healthy,1000000,16,0.4448336289265249
EE87948,Healthy,1000000,17,0.487184250729517
EE87948,Healthy,1000000,18,0.459971147339549
EE87948,Healthy,1000000,19,0.47099263413146825
EE87949,Healthy,20000000,0,0.9323356101831599
EE87949,Healthy,20000000,1,0.9418301781831496
EE87949,Healthy,20000000,2,0.9423608062211025
EE87949,Healthy,20000000,3,0.9420090997238258
EE87949,Healthy,20000000,4,0.9516054983122304
EE87949,Healthy,20000000,5,0.9548702351934194
EE87949,Healthy,20000000,6,0.9526018752418313
EE87949,Healthy,20000000,7,0.9520710517847629
EE87949,Healthy,20000000,8,0.9561427393330476
EE87949,Healthy,20000000,9,0.9461901089266149
EE87949,Healthy,20000000,10,0.9459994450097124
EE87949,Healthy,20000000,11,0.9506639690143452
EE87949,Healthy,20000000,12,0.9454330552736455
EE87949,Healthy,20000000,13,0.94791220731102
EE87949,Healthy,20000000,14,0.950103246432624
EE87949,Healthy,20000000,15,0.9552727334313904
EE87949,Healthy,20000000,16,0.9471765846210368
EE87949,Healthy,20000000,17,0.9473615813835935
EE87949,Healthy,20000000,18,0.9488044258521251
EE87949,Healthy,20000000,19,0.9519680659109594
EE87949,Healthy,10000000,0,0.8637423281712291
EE87949,Healthy,10000000,1,0.8680818050472852
EE87949,Healthy,10000000,2,0.8469995161259778
EE87949,Healthy,10000000,3,0.889144598420232
EE87949,Healthy,10000000,4,0.8713034336327931
EE87949,Healthy,10000000,5,0.8868520064983371
EE87949,Healthy,10000000,6,0.8837010686820025
EE87949,Healthy,10000000,7,0.8572843778050786
EE87949,Healthy,10000000,8,0.888635578665893
EE87949,Healthy,10000000,9,0.875777149252001
EE87949,Healthy,10000000,10,0.8914406898333971
EE87949,Healthy,10000000,11,0.868320476926865
EE87949,Healthy,10000000,12,0.8809997251104446
EE87949,Healthy,10000000,13,0.8743034937029448
EE87949,Healthy,10000000,14,0.892504243851789
EE87949,Healthy,10000000,15,0.8790617537432532
EE87949,Healthy,10000000,16,0.8586508133994981
EE87949,Healthy,10000000,17,0.877681834229873
EE87949,Healthy,10000000,18,0.8691185034543587
EE87949,Healthy,10000000,19,0.8836939033144384
EE87949,Healthy,5000000,0,0.7594327953569852
EE87949,Healthy,5000000,1,0.7828328866920885
EE87949,Healthy,5000000,2,0.7972518991033504
EE87949,Healthy,5000000,3,0.7696834200456836
EE87949,Healthy,5000000,4,0.7984040120847182
EE87949,Healthy,5000000,5,0.809182418533028
EE87949,Healthy,5000000,6,0.7562696112245746
EE87949,Healthy,5000000,7,0.778303370180316
EE87949,Healthy,5000000,8,0.7626896302373837
EE87949,Healthy,5000000,9,0.7729057910500652
EE87949,Healthy,5000000,10,0.7792852480715391
EE87949,Healthy,5000000,11,0.764926568010412
EE87949,Healthy,5000000,12,0.7702916796688283
EE87949,Healthy,5000000,13,0.7686838061501622
EE87949,Healthy,5000000,14,0.7747263155289149
EE87949,Healthy,5000000,15,0.7888921820628703
EE87949,Healthy,5000000,16,0.7663468090012652
EE87949,Healthy,5000000,17,0.7652112285218108
EE87949,Healthy,5000000,18,0.8095888902930115
EE87949,Healthy,5000000,19,0.769101567131026
EE87949,Healthy,2000000,0,0.6190020514937574
EE87949,Healthy,2000000,1,0.5942841211546404
EE87949,Healthy,2000000,2,0.6080192711915513
EE87949,Healthy,2000000,3,0.6197753025194084
EE87949,Healthy,2000000,4,0.6192969412771079
EE87949,Healthy,2000000,5,0.6279836264837197
EE87949,Healthy,2000000,6,0.6021874988142539
EE87949,Healthy,2000000,7,0.6227352510095301
EE87949,Healthy,2000000,8,0.641439023467168
EE87949,Healthy,2000000,9,0.5885620502215108
EE87949,Healthy,2000000,10,0.6431651827216867
EE87949,Healthy,2000000,11,0.6572430024683901
EE87949,Healthy,2000000,12,0.6441178404662783
EE87949,Healthy,2000000,13,0.648502003322842
EE87949,Healthy,2000000,14,0.6057368409893175
EE87949,Healthy,2000000,15,0.6014834135251989
EE87949,Healthy,2000000,16,0.6406783127774138
EE87949,Healthy,2000000,17,0.6341281023456826
EE87949,Healthy,2000000,18,0.5955343863080512
EE87949,Healthy,2000000,19,0.6378758813646965
EE87949,Healthy,1000000,0,0.45979777012704026
EE87949,Healthy,1000000,1,0.46918048550164343
EE87949,Healthy,1000000,2,0.46900664892402205
EE87949,Healthy,1000000,3,0.5370178745008537
EE87949,Healthy,1000000,4,0.4654840518512871
EE87949,Healthy,1000000,5,0.44129413926387595
EE87949,Healthy,1000000,6,0.5351973974339428
EE87949,Healthy,1000000,7,0.5323182349714761
EE87949,Healthy,1000000,8,0.46373170803678854
EE87949,Healthy,1000000,9,0.5386675541303795
EE87949,Healthy,1000000,10,0.46717946061418036
EE87949,Healthy,1000000,11,0.5082299815511644
EE87949,Healthy,1000000,12,0.5248588198557255
EE87949,Healthy,1000000,13,0.45636686625749967
EE87949,Healthy,1000000,14,0.5276866188153648
EE87949,Healthy,1000000,15,0.4944751506726437
EE87949,Healthy,1000000,16,0.5743514042892551
EE87949,Healthy,1000000,17,0.5110633940995709
EE87949,Healthy,1000000,18,0.4751755482712027
EE87949,Healthy,1000000,19,0.5126939547123347
EE87950,Healthy,20000000,0,0.9477912428786018
EE87950,Healthy,20000000,1,0.9440827091863921
EE87950,Healthy,20000000,2,0.952241196694551
EE87950,Healthy,20000000,3,0.9410778624841853
EE87950,Healthy,20000000,4,0.930187693546349
EE87950,Healthy,20000000,5,0.9511778716379424
EE87950,Healthy,20000000,6,0.944577445246821
EE87950,Healthy,20000000,7,0.9538464995876658
EE87950,Healthy,20000000,8,0.9514660342035565
EE87950,Healthy,20000000,9,0.9445271727760195
EE87950,Healthy,20000000,10,0.9398119546992435
EE87950,Healthy,20000000,11,0.9453540408113282
EE87950,Healthy,20000000,12,0.9528232199598481
EE87950,Healthy,20000000,13,0.9473206736487747
EE87950,Healthy,20000000,14,0.9408488485254326
EE87950,Healthy,20000000,15,0.945843630835052
EE87950,Healthy,20000000,16,0.947255468803944
EE87950,Healthy,20000000,17,0.9300110498112097
EE87950,Healthy,20000000,18,0.9428835523547353
EE87950,Healthy,20000000,19,0.9563279315147197
EE87950,Healthy,10000000,0,0.8459892969925863
EE87950,Healthy,10000000,1,0.830772778377787
EE87950,Healthy,10000000,2,0.8711318230768452
EE87950,Healthy,10000000,3,0.8628016456895103
EE87950,Healthy,10000000,4,0.8679519164752646
EE87950,Healthy,10000000,5,0.8787121489458443
EE87950,Healthy,10000000,6,0.867361294768891
EE87950,Healthy,10000000,7,0.8772455427708208
EE87950,Healthy,10000000,8,0.8458254706315276
EE87950,Healthy,10000000,9,0.86354840726907
EE87950,Healthy,10000000,10,0.8592662347567592
EE87950,Healthy,10000000,11,0.8568825309641589
EE87950,Healthy,10000000,12,0.8497611978410098
EE87950,Healthy,10000000,13,0.8675157551371738
EE87950,Healthy,10000000,14,0.8789546640680268
EE87950,Healthy,10000000,15,0.8776566251639893
EE87950,Healthy,10000000,16,0.8767947617254728
EE87950,Healthy,10000000,17,0.8673025387548676
EE87950,Healthy,10000000,18,0.8601803588155518
EE87950,Healthy,10000000,19,0.8587544414696605
EE87950,Healthy,5000000,0,0.7781306269001356
EE87950,Healthy,5000000,1,0.7542977874647757
EE87950,Healthy,5000000,2,0.7546843713348229
EE87950,Healthy,5000000,3,0.7658023512470077
EE87950,Healthy,5000000,4,0.7608441773709254
EE87950,Healthy,5000000,5,0.7582496303036689
EE87950,Healthy,5000000,6,0.7835352229927526
EE87950,Healthy,5000000,7,0.7433954852973172
EE87950,Healthy,5000000,8,0.7681657826367151
EE87950,Healthy,5000000,9,0.7761561174752987
EE87950,Healthy,5000000,10,0.7753384333379801
EE87950,Healthy,5000000,11,0.7644332449023824
EE87950,Healthy,5000000,12,0.7794511064540928
EE87950,Healthy,5000000,13,0.7328805928260538
EE87950,Healthy,5000000,14,0.7553404135850159
EE87950,Healthy,5000000,15,0.7615725369956484
EE87950,Healthy,5000000,16,0.7664107110519932
EE87950,Healthy,5000000,17,0.7711472921285719
EE87950,Healthy,5000000,18,0.7665995483375353
EE87950,Healthy,5000000,19,0.7583470793041237
EE87950,Healthy,2000000,0,0.5755771659071085
EE87950,Healthy,2000000,1,0.6402155798716688
EE87950,Healthy,2000000,2,0.5846771410664527
EE87950,Healthy,2000000,3,0.6115766359360348
EE87950,Healthy,2000000,4,0.5745652676798942
EE87950,Healthy,2000000,5,0.5796028324503951
EE87950,Healthy,2000000,6,0.6397205402244559
EE87950,Healthy,2000000,7,0.6273998201753196
EE87950,Healthy,2000000,8,0.5962126500898404
EE87950,Healthy,2000000,9,0.5937613607739286
EE87950,Healthy,2000000,10,0.6214839061148639
EE87950,Healthy,2000000,11,0.562564671517709
EE87950,Healthy,2000000,12,0.6129109574696988
EE87950,Healthy,2000000,13,0.6168253328850868
EE87950,Healthy,2000000,14,0.5820878282241195
EE87950,Healthy,2000000,15,0.567196625971503
EE87950,Healthy,2000000,16,0.6375126401572494
EE87950,Healthy,2000000,17,0.5976683339880147
EE87950,Healthy,2000000,18,0.5699348202318333
EE87950,Healthy,2000000,19,0.6160239090088175
EE87950,Healthy,1000000,0,0.46726365582782753
EE87950,Healthy,1000000,1,0.4770580937634458
EE87950,Healthy,1000000,2,0.5067377354074472
EE87950,Healthy,1000000,3,0.48113585557248817
EE87950,Healthy,1000000,4,0.45037087377974055
EE87950,Healthy,1000000,5,0.5039778148398019
EE87950,Healthy,1000000,6,0.547490081825932
EE87950,Healthy,1000000,7,0.45541948898768314
EE87950,Healthy,1000000,8,0.501565046759245
EE87950,Healthy,1000000,9,0.4761437492965072
EE87950,Healthy,1000000,10,0.4837936784185835
EE87950,Healthy,1000000,11,0.4899703373190024
EE87950,Healthy,1000000,12,0.46270066189286174
EE87950,Healthy,1000000,13,0.43438593191959046
EE87950,Healthy,1000000,14,0.47786172587909054
EE87950,Healthy,1000000,15,0.4744162808291476
EE87950,Healthy,1000000,16,0.4868471510199963
EE87950,Healthy,1000000,17,0.47590020119543197
EE87950,Healthy,1000000,18,0.48356324774485737
EE87950,Healthy,1000000,19,0.5100158102245576
EE87951,Healthy,20000000,0,0.9563011590959132
EE87951,Healthy,20000000,1,0.9454600059384616
EE87951,Healthy,20000000,2,0.9506001972430271
EE87951,Healthy,20000000,3,0.9528695342901923
EE87951,Healthy,20000000,4,0.9530436527219929
EE87951,Healthy,20000000,5,0.9593677409941102
EE87951,Healthy,20000000,6,0.9521757312908997
EE87951,Healthy,20000000,7,0.950031592756986
EE87951,Healthy,20000000,8,0.9481188955953835
EE87951,Healthy,20000000,9,0.9527764496515678
EE87951,Healthy,20000000,10,0.9536258714064054
EE87951,Healthy,20000000,11,0.9472109783853432
EE87951,Healthy,20000000,12,0.9478092865769215
EE87951,Healthy,20000000,13,0.9539979494020829
EE87951,Healthy,20000000,14,0.9547972135839735
EE87951,Healthy,20000000,15,0.9477965843344223
EE87951,Healthy,20000000,16,0.9401423911636426
EE87951,Healthy,20000000,17,0.9515992449005383
EE87951,Healthy,20000000,18,0.951597030150564
EE87951,Healthy,20000000,19,0.9494403847932662
EE87951,Healthy,10000000,0,0.8858917821050808
EE87951,Healthy,10000000,1,0.8767931332328446
EE87951,Healthy,10000000,2,0.870811679809688
EE87951,Healthy,10000000,3,0.8730845995406349
EE87951,Healthy,10000000,4,0.8864997309730179
EE87951,Healthy,10000000,5,0.8666893135708154
EE87951,Healthy,10000000,6,0.8713337887358761
EE87951,Healthy,10000000,7,0.886488899648521
EE87951,Healthy,10000000,8,0.8952179134061735
EE87951,Healthy,10000000,9,0.8713151445906036
EE87951,Healthy,10000000,10,0.8688033065696538
EE87951,Healthy,10000000,11,0.8739856119419319
EE87951,Healthy,10000000,12,0.8552969654016971
EE87951,Healthy,10000000,13,0.9029022344221653
EE87951,Healthy,10000000,14,0.8698111806736226
EE87951,Healthy,10000000,15,0.8831926350963717
EE87951,Healthy,10000000,16,0.8854225808090612
EE87951,Healthy,10000000,17,0.8578794290114009
EE87951,Healthy,10000000,18,0.8942426271624755
EE87951,Healthy,10000000,19,0.8866623848167164
EE87951,Healthy,5000000,0,0.7984294165697173
EE87951,Healthy,5000000,1,0.7662608745045084
EE87951,Healthy,5000000,2,0.7811637921789981
EE87951,Healthy,5000000,3,0.7807904240982527
EE87951,Healthy,5000000,4,0.7640341789346725
EE87951,Healthy,5000000,5,0.7841350875065661
EE87951,Healthy,5000000,6,0.7870051301915553
EE87951,Healthy,5000000,7,0.7660553538658357
EE87951,Healthy,5000000,8,0.7733042106730177
EE87951,Healthy,5000000,9,0.7664111795108788
EE87951,Healthy,5000000,10,0.771035825535025
EE87951,Healthy,5000000,11,0.7925994781006827
EE87951,Healthy,5000000,12,0.8184270987965521
EE87951,Healthy,5000000,13,0.7975423570532356
EE87951,Healthy,5000000,14,0.7689223026625205
EE87951,Healthy,5000000,15,0.7750011399448398
EE87951,Healthy,5000000,16,0.7837560465931284
EE87951,Healthy,5000000,17,0.7654224689453778
EE87951,Healthy,5000000,18,0.745838419658642
EE87951,Healthy,5000000,19,0.7970741850045794
EE87951,Healthy,2000000,0,0.6233823408663826
EE87951,Healthy,2000000,1,0.6300665368030515
EE87951,Healthy,2000000,2,0.6586670327952547
EE87951,Healthy,2000000,3,0.6371195767690705
EE87951,Healthy,2000000,4,0.6256245778641443
EE87951,Healthy,2000000,5,0.5901312754048951
EE87951,Healthy,2000000,6,0.6311817014218514
EE87951,Healthy,2000000,7,0.6251195395091567
EE87951,Healthy,2000000,8,0.6060302440443246
EE87951,Healthy,2000000,9,0.6041415437727328
EE87951,Healthy,2000000,10,0.6015429056700807
EE87951,Healthy,2000000,11,0.5949000558182183
EE87951,Healthy,2000000,12,0.6557529428043893
EE87951,Healthy,2000000,13,0.5931618932011641
EE87951,Healthy,2000000,14,0.5985547648572195
EE87951,Healthy,2000000,15,0.5762405862326636
EE87951,Healthy,2000000,16,0.6099085804876461
EE87951,Healthy,2000000,17,0.657388470147304
EE87951,Healthy,2000000,18,0.6401438063354719
EE87951,Healthy,2000000,19,0.6415663507032601
EE87951,Healthy,1000000,0,0.4740548769182719
EE87951,Healthy,1000000,1,0.5079898589181279
EE87951,Healthy,1000000,2,0.46570703268588165
EE87951,Healthy,1000000,3,0.4775590662931697
EE87951,Healthy,1000000,4,0.49480430198932773
EE87951,Healthy,1000000,5,0.5109679401703501
EE87951,Healthy,1000000,6,0.5355326284715999
EE87951,Healthy,1000000,7,0.5619449363578533
EE87951,Healthy,1000000,8,0.5380918827768412
EE87951,Healthy,1000000,9,0.49226149171603123
EE87951,Healthy,1000000,10,0.5165386076831825
EE87951,Healthy,1000000,11,0.4854374959043447
EE87951,Healthy,1000000,12,0.5478611712143071
EE87951,Healthy,1000000,13,0.4976359487436789
EE87951,Healthy,1000000,14,0.5174770694328777
EE87951,Healthy,1000000,15,0.4389020967807224
EE87951,Healthy,1000000,16,0.5493856484432225
EE87951,Healthy,1000000,17,0.46951873481321393
EE87951,Healthy,1000000,18,0.5212121458862629
EE87951,Healthy,1000000,19,0.503354312609828
EE87952,Healthy,20000000,0,0.9222031941905806
EE87952,Healthy,20000000,1,0.9070442728519857
EE87952,Healthy,20000000,2,0.9194229664361158
EE87952,Healthy,20000000,3,0.9208830553531657
EE87952,Healthy,20000000,4,0.9129436502466841
EE87952,Healthy,20000000,5,0.9177992941461555
EE87952,Healthy,20000000,6,0.931946661003855
EE87952,Healthy,20000000,7,0.9222757598220905
EE87952,Healthy,20000000,8,0.926813000842908
EE87952,Healthy,20000000,9,0.9330999594831035
EE87952,Healthy,20000000,10,0.9280042257430199
EE87952,Healthy,20000000,11,0.9291036862738866
EE87952,Healthy,20000000,12,0.9276791635019628
EE87952,Healthy,20000000,13,0.9290095116997426
EE87952,Healthy,20000000,14,0.9188511701045233
EE87952,Healthy,20000000,15,0.9164710304189397
EE87952,Healthy,20000000,16,0.9267302734173984
EE87952,Healthy,20000000,17,0.9256104567465846
EE87952,Healthy,20000000,18,0.9314336858259911
EE87952,Healthy,20000000,19,0.9163217953544968
EE87952,Healthy,10000000,0,0.8034094773059781
EE87952,Healthy,10000000,1,0.821473108375533
EE87952,Healthy,10000000,2,0.8558895412992246
EE87952,Healthy,10000000,3,0.8293288726096802
EE87952,Healthy,10000000,4,0.8138039503322777
EE87952,Healthy,10000000,5,0.8243550843494042
EE87952,Healthy,10000000,6,0.8115105767339214
EE87952,Healthy,10000000,7,0.7991729211640204
EE87952,Healthy,10000000,8,0.8034658231509119
EE87952,Healthy,10000000,9,0.8406077475961454
EE87952,Healthy,10000000,10,0.8133944953919278
EE87952,Healthy,10000000,11,0.8386191300758346
EE87952,Healthy,10000000,12,0.8151115985732802
EE87952,Healthy,10000000,13,0.840633301241172
EE87952,Healthy,10000000,14,0.8205441318333855
EE87952,Healthy,10000000,15,0.8335904614626992
EE87952,Healthy,10000000,16,0.8432185795899486
EE87952,Healthy,10000000,17,0.7998912818321455
EE87952,Healthy,10000000,18,0.8313530428710456
EE87952,Healthy,10000000,19,0.8216959513067678
EE87952,Healthy,5000000,0,0.7391120080342012
EE87952,Healthy,5000000,1,0.6717913593449969
EE87952,Healthy,5000000,2,0.696563088995269
EE87952,Healthy,5000000,3,0.7070837494878602
EE87952,Healthy,5000000,4,0.7150411487517279
EE87952,Healthy,5000000,5,0.6836893220990575
EE87952,Healthy,5000000,6,0.7154208480929048
EE87952,Healthy,5000000,7,0.6689106426553029
EE87952,Healthy,5000000,8,0.6761323560640505
EE87952,Healthy,5000000,9,0.7296953381644099
EE87952,Healthy,5000000,10,0.7124449196965031
EE87952,Healthy,5000000,11,0.7084408470969328
EE87952,Healthy,5000000,12,0.7306304925902039
EE87952,Healthy,5000000,13,0.6545139210063824
EE87952,Healthy,5000000,14,0.6910383411183165
EE87952,Healthy,5000000,15,0.6869233344754496
EE87952,Healthy,5000000,16,0.6714106177623376
EE87952,Healthy,5000000,17,0.6593139896412887
EE87952,Healthy,5000000,18,0.702222610744381
EE87952,Healthy,5000000,19,0.6976756199020039
EE87952,Healthy,2000000,0,0.5305976914911537
EE87952,Healthy,2000000,1,0.5365716888976303
EE87952,Healthy,2000000,2,0.52147271893603
EE87952,Healthy,2000000,3,0.5188432073892925
EE87952,Healthy,2000000,4,0.48603454368390026
EE87952,Healthy,2000000,5,0.5031385858530858
EE87952,Healthy,2000000,6,0.5324453443568946
EE87952,Healthy,2000000,7,0.5278713753946289
EE87952,Healthy,2000000,8,0.5185758499058664
EE87952,Healthy,2000000,9,0.5447898776146997
EE87952,Healthy,2000000,10,0.5053058333217086
EE87952,Healthy,2000000,11,0.4999552245915452
EE87952,Healthy,2000000,12,0.4924406589878139
EE87952,Healthy,2000000,13,0.48001237394101604
EE87952,Healthy,2000000,14,0.4873209869154694
EE87952,Healthy,2000000,15,0.5352567612696628
EE87952,Healthy,2000000,16,0.46248691587343116
EE87952,Healthy,2000000,17,0.5453472366660492
EE87952,Healthy,2000000,18,0.5201837825644392
EE87952,Healthy,2000000,19,0.5424797689911481
EE87952,Healthy,1000000,0,0.4167502192605462
EE87952,Healthy,1000000,1,0.37698478090165993
EE87952,Healthy,1000000,2,0.46899505967384425
EE87952,Healthy,1000000,3,0.36246669996285
EE87952,Healthy,1000000,4,0.39070307783350716
EE87952,Healthy,1000000,5,0.42894527242191116
EE87952,Healthy,1000000,6,0.41422420145630157
EE87952,Healthy,1000000,7,0.41679815933391556
EE87952,Healthy,1000000,8,0.3921193390781584
EE87952,Healthy,1000000,9,0.4058080411485522
EE87952,Healthy,1000000,10,0.3834119884569888
EE87952,Healthy,1000000,11,0.4667101398336792
EE87952,Healthy,1000000,12,0.4229173727202134
EE87952,Healthy,1000000,13,0.46820480754235294
EE87952,Healthy,1000000,14,0.4150067967594816
EE87952,Healthy,1000000,15,0.4146114336278777
EE87952,Healthy,1000000,16,0.412849923026846
EE87952,Healthy,1000000,17,0.4038692296033329
EE87952,Healthy,1000000,18,0.4295376156842645
EE87952,Healthy,1000000,19,0.4345192076728615
EE87953,Healthy,20000000,0,0.9262663484374939
EE87953,Healthy,20000000,1,0.9312608050485877
EE87953,Healthy,20000000,2,0.9327866375014494
EE87953,Healthy,20000000,3,0.9298967144835528
EE87953,Healthy,20000000,4,0.9335197197429329
EE87953,Healthy,20000000,5,0.9314539442742851
EE87953,Healthy,20000000,6,0.9402105445549069
EE87953,Healthy,20000000,7,0.93602877090496
EE87953,Healthy,20000000,8,0.9396635664509675
EE87953,Healthy,20000000,9,0.9363947257683555
EE87953,Healthy,20000000,10,0.9258065272590125
EE87953,Healthy,20000000,11,0.9388680803719739
EE87953,Healthy,20000000,12,0.9486561027435543
EE87953,Healthy,20000000,13,0.9373329980809844
EE87953,Healthy,20000000,14,0.9300533103346749
EE87953,Healthy,20000000,15,0.9277142738030256
EE87953,Healthy,20000000,16,0.9255417994973821
EE87953,Healthy,20000000,17,0.9230682494746485
EE87953,Healthy,20000000,18,0.931230530250725
EE87953,Healthy,20000000,19,0.9327865723617442
EE87953,Healthy,10000000,0,0.8580913936118796
EE87953,Healthy,10000000,1,0.8477916337168325
EE87953,Healthy,10000000,2,0.8521585344087466
EE87953,Healthy,10000000,3,0.8603043196744058
EE87953,Healthy,10000000,4,0.8539242112558807
EE87953,Healthy,10000000,5,0.8492407779967323
EE87953,Healthy,10000000,6,0.864499707522724
EE87953,Healthy,10000000,7,0.8529557792597786
EE87953,Healthy,10000000,8,0.8449324052597121
EE87953,Healthy,10000000,9,0.8323521366532026
EE87953,Healthy,10000000,10,0.8496013450046316
EE87953,Healthy,10000000,11,0.8317136562786208
EE87953,Healthy,10000000,12,0.8478405536353818
EE87953,Healthy,10000000,13,0.854456598065872
EE87953,Healthy,10000000,14,0.8607991860142449
EE87953,Healthy,10000000,15,0.8674960970730162
EE87953,Healthy,10000000,16,0.8510982554284174
EE87953,Healthy,10000000,17,0.8591832653491946
EE87953,Healthy,10000000,18,0.8452714436652289
EE87953,Healthy,10000000,19,0.8571906557286898
EE87953,Healthy,5000000,0,0.7691812329903945
EE87953,Healthy,5000000,1,0.7564432859998913
EE87953,Healthy,5000000,2,0.7343475151156688
EE87953,Healthy,5000000,3,0.761925736890496
EE87953,Healthy,5000000,4,0.7222668148746977
EE87953,Healthy,5000000,5,0.7280975558279843
EE87953,Healthy,5000000,6,0.7572764307610533
EE87953,Healthy,5000000,7,0.7494320916853091
EE87953,Healthy,5000000,8,0.779206780105513
EE87953,Healthy,5000000,9,0.7653196459174884
EE87953,Healthy,5000000,10,0.7445740375376352
EE87953,Healthy,5000000,11,0.7092756985907678
EE87953,Healthy,5000000,12,0.7244630859805026
EE87953,Healthy,5000000,13,0.7653456893367881
EE87953,Healthy,5000000,14,0.7410868810765068
EE87953,Healthy,5000000,15,0.7355186618741215
EE87953,Healthy,5000000,16,0.7312611958868185
EE87953,Healthy,5000000,17,0.7503337880681941
EE87953,Healthy,5000000,18,0.7432186431011621
EE87953,Healthy,5000000,19,0.7455281592431288
EE87953,Healthy,2000000,0,0.6117949839687932
EE87953,Healthy,2000000,1,0.5448180890621999
EE87953,Healthy,2000000,2,0.5855247731139017
EE87953,Healthy,2000000,3,0.5591411654878433
EE87953,Healthy,2000000,4,0.5612549216712936
EE87953,Healthy,2000000,5,0.606301168969483
EE87953,Healthy,2000000,6,0.5563430946161743
EE87953,Healthy,2000000,7,0.5879099691714939
EE87953,Healthy,2000000,8,0.5803001110078325
EE87953,Healthy,2000000,9,0.58556794724674
EE87953,Healthy,2000000,10,0.5706017205546298
EE87953,Healthy,2000000,11,0.5870041841843692
EE87953,Healthy,2000000,12,0.5702781343498404
EE87953,Healthy,2000000,13,0.5692371130877922
EE87953,Healthy,2000000,14,0.5482375007831138
EE87953,Healthy,2000000,15,0.5880234655373008
EE87953,Healthy,2000000,16,0.590778118632191
EE87953,Healthy,2000000,17,0.5872428638555043
EE87953,Healthy,2000000,18,0.5698924421243869
EE87953,Healthy,2000000,19,0.5656794060066435
EE87953,Healthy,1000000,0,0.4422110202515333
EE87953,Healthy,1000000,1,0.4768349328662011
EE87953,Healthy,1000000,2,0.459156575181036
EE87953,Healthy,1000000,3,0.3881238436987513
EE87953,Healthy,1000000,4,0.4619501896453362
EE87953,Healthy,1000000,5,0.481620316529838
EE87953,Healthy,1000000,6,0.5021321050150869
EE87953,Healthy,1000000,7,0.47424234901099405
EE87953,Healthy,1000000,8,0.440645673362068
EE87953,Healthy,1000000,9,0.37033660507864463
EE87953,Healthy,1000000,10,0.43460058424467385
EE87953,Healthy,1000000,11,0.4597529895626337
EE87953,Healthy,1000000,12,0.4532780518639834
EE87953,Healthy,1000000,13,0.45345398645499163
EE87953,Healthy,1000000,14,0.4419789497107119
EE87953,Healthy,1000000,15,0.5070670731298305
EE87953,Healthy,1000000,16,0.4437134718866003
EE87953,Healthy,1000000,17,0.4835134058437309
EE87953,Healthy,1000000,18,0.38289894180367834
EE87953,Healthy,1000000,19,0.4752635039751694
EE87954,Healthy,20000000,0,0.9662050807374905
EE87954,Healthy,20000000,1,0.9656896145162531
EE87954,Healthy,20000000,2,0.9629282121365694
EE87954,Healthy,20000000,3,0.959193948260835
EE87954,Healthy,20000000,4,0.9685502246668432
EE87954,Healthy,20000000,5,0.9661941215324509
EE87954,Healthy,20000000,6,0.9683811219923371
EE87954,Healthy,20000000,7,0.9554200794443845
EE87954,Healthy,20000000,8,0.9574650102073918
EE87954,Healthy,20000000,9,0.9626223160812996
EE87954,Healthy,20000000,10,0.9593397960606114
EE87954,Healthy,20000000,11,0.9515442824852408
EE87954,Healthy,20000000,12,0.9623756320179891
EE87954,Healthy,20000000,13,0.9671161898079192
EE87954,Healthy,20000000,14,0.9598757004146795
EE87954,Healthy,20000000,15,0.9650501380310352
EE87954,Healthy,20000000,16,0.9637150997744865
EE87954,Healthy,20000000,17,0.9618803097002142
EE87954,Healthy,20000000,18,0.9645703189630803
EE87954,Healthy,20000000,19,0.9674612190765536
EE87954,Healthy,10000000,0,0.8699705959371064
EE87954,Healthy,10000000,1,0.8904448340052198
EE87954,Healthy,10000000,2,0.8829158746764186
EE87954,Healthy,10000000,3,0.8778667658527245
EE87954,Healthy,10000000,4,0.8880562405810025
EE87954,Healthy,10000000,5,0.8665531813525155
EE87954,Healthy,10000000,6,0.8541673126354092
EE87954,Healthy,10000000,7,0.8854481951326343
EE87954,Healthy,10000000,8,0.8831548722545244
EE87954,Healthy,10000000,9,0.8737022542246357
EE87954,Healthy,10000000,10,0.8920336746219619
EE87954,Healthy,10000000,11,0.891217408977033
EE87954,Healthy,10000000,12,0.8815425342732559
EE87954,Healthy,10000000,13,0.8718497461505692
EE87954,Healthy,10000000,14,0.8839351156425187
EE87954,Healthy,10000000,15,0.8959369108927918
EE87954,Healthy,10000000,16,0.8832428108564438
EE87954,Healthy,10000000,17,0.9043316601114411
EE87954,Healthy,10000000,18,0.8739271958582745
EE87954,Healthy,10000000,19,0.887920493081512
EE87954,Healthy,5000000,0,0.7958155034422345
EE87954,Healthy,5000000,1,0.8090083915902168
EE87954,Healthy,5000000,2,0.8095846825802326
EE87954,Healthy,5000000,3,0.74747444809529
EE87954,Healthy,5000000,4,0.7892107152209343
EE87954,Healthy,5000000,5,0.7895892420474192
EE87954,Healthy,5000000,6,0.77137176355609
EE87954,Healthy,5000000,7,0.7780809253043153
EE87954,Healthy,5000000,8,0.7624979768014383
EE87954,Healthy,5000000,9,0.7528628371608802
EE87954,Healthy,5000000,10,0.7594530212357561
EE87954,Healthy,5000000,11,0.7583419209177925
EE87954,Healthy,5000000,12,0.7845095629078489
EE87954,Healthy,5000000,13,0.773028722262353
EE87954,Healthy,5000000,14,0.794181649695005
EE87954,Healthy,5000000,15,0.7643175117674879
EE87954,Healthy,5000000,16,0.772976207071306
EE87954,Healthy,5000000,17,0.785185790984463
EE87954,Healthy,5000000,18,0.7598256203551422
EE87954,Healthy,5000000,19,0.748769054992242
EE87954,Healthy,2000000,0,0.6175056520097341
EE87954,Healthy,2000000,1,0.5927510895838904
EE87954,Healthy,2000000,2,0.6222646940365066
EE87954,Healthy,2000000,3,0.6521104492645138
EE87954,Healthy,2000000,4,0.6315997475054672
EE87954,Healthy,2000000,5,0.5904005763040183
EE87954,Healthy,2000000,6,0.6013559025482624
EE87954,Healthy,2000000,7,0.6579111730481213
EE87954,Healthy,2000000,8,0.5855531358867305
EE87954,Healthy,2000000,9,0.6087497804384746
EE87954,Healthy,2000000,10,0.643830237058386
EE87954,Healthy,2000000,11,0.623047988895374
EE87954,Healthy,2000000,12,0.578552017519327
EE87954,Healthy,2000000,13,0.606058761422533
EE87954,Healthy,2000000,14,0.618847662638335
EE87954,Healthy,2000000,15,0.6035840160639739
EE87954,Healthy,2000000,16,0.620551334366614
EE87954,Healthy,2000000,17,0.6280899632830276
EE87954,Healthy,2000000,18,0.6233218138099976
EE87954,Healthy,2000000,19,0.6107806301701352
EE87954,Healthy,1000000,0,0.5023664203674183
EE87954,Healthy,1000000,1,0.5126166096528652
EE87954,Healthy,1000000,2,0.46941571466329823
EE87954,Healthy,1000000,3,0.504716767277156
EE87954,Healthy,1000000,4,0.49168455674735395
EE87954,Healthy,1000000,5,0.47340680191810053
EE87954,Healthy,1000000,6,0.49806234596799265
EE87954,Healthy,1000000,7,0.5153594001752406
EE87954,Healthy,1000000,8,0.48190996811900105
EE87954,Healthy,1000000,9,0.4699037663310811
EE87954,Healthy,1000000,10,0.3971888172625294
EE87954,Healthy,1000000,11,0.5878735597237712
EE87954,Healthy,1000000,12,0.5018995395598711
EE87954,Healthy,1000000,13,0.4723792537232594
EE87954,Healthy,1000000,14,0.5034465748170692
EE87954,Healthy,1000000,15,0.483532718697723
EE87954,Healthy,1000000,16,0.4294995089524221
EE87954,Healthy,1000000,17,0.5116330249890675
EE87954,Healthy,1000000,18,0.4868663893115035
EE87954,Healthy,1000000,19,0.4885781340999701
EE87955,Healthy,20000000,0,0.9396070903266235
EE87955,Healthy,20000000,1,0.951252847439763
EE87955,Healthy,20000000,2,0.9494960792411485
EE87955,Healthy,20000000,3,0.9506753684627421
EE87955,Healthy,20000000,4,0.9512825356542176
EE87955,Healthy,20000000,5,0.952458257702742
EE87955,Healthy,20000000,6,0.9517040546860853
EE87955,Healthy,20000000,7,0.949334988750373
EE87955,Healthy,20000000,8,0.9493297124342578
EE87955,Healthy,20000000,9,0.9443550582935223
EE87955,Healthy,20000000,10,0.9396541364959228
EE87955,Healthy,20000000,11,0.9343161829175032
EE87955,Healthy,20000000,12,0.954766272224039
EE87955,Healthy,20000000,13,0.9501044189473165
EE87955,Healthy,20000000,14,0.9509193166584374
EE87955,Healthy,20000000,15,0.9504760409650578
EE87955,Healthy,20000000,16,0.9532038312568968
EE87955,Healthy,20000000,17,0.9389109422979465
EE87955,Healthy,20000000,18,0.9592357679515257
EE87955,Healthy,20000000,19,0.9541838581205112
EE87955,Healthy,10000000,0,0.8458576170765305
EE87955,Healthy,10000000,1,0.8539691715592423
EE87955,Healthy,10000000,2,0.8700402302818857
EE87955,Healthy,10000000,3,0.8479299904505193
EE87955,Healthy,10000000,4,0.8659031424696547
EE87955,Healthy,10000000,5,0.8260210974476961
EE87955,Healthy,10000000,6,0.8709294523965551
EE87955,Healthy,10000000,7,0.8367825811996159
EE87955,Healthy,10000000,8,0.8381146094027863
EE87955,Healthy,10000000,9,0.8651880387867861
EE87955,Healthy,10000000,10,0.8676292610752037
EE87955,Healthy,10000000,11,0.8631984116334304
EE87955,Healthy,10000000,12,0.8618132809436398
EE87955,Healthy,10000000,13,0.865662088615472
EE87955,Healthy,10000000,14,0.8692250351827706
EE87955,Healthy,10000000,15,0.854049847085354
EE87955,Healthy,10000000,16,0.8574625162924584
EE87955,Healthy,10000000,17,0.8525551700732563
EE87955,Healthy,10000000,18,0.8613021296775195
EE87955,Healthy,10000000,19,0.8756981999293887
EE87955,Healthy,5000000,0,0.7660941819882336
EE87955,Healthy,5000000,1,0.6807530632191612
EE87955,Healthy,5000000,2,0.7309438828569172
EE87955,Healthy,5000000,3,0.736097798409839
EE87955,Healthy,5000000,4,0.7470848800824423
EE87955,Healthy,5000000,5,0.7503922509544962
EE87955,Healthy,5000000,6,0.7552464821302248
EE87955,Healthy,5000000,7,0.7561936785824558
EE87955,Healthy,5000000,8,0.7757725622331348
EE87955,Healthy,5000000,9,0.7323774298738506
EE87955,Healthy,5000000,10,0.7588258561445936
EE87955,Healthy,5000000,11,0.7544863914846253
EE87955,Healthy,5000000,12,0.7108686690862053
EE87955,Healthy,5000000,13,0.7614081708328231
EE87955,Healthy,5000000,14,0.775825430407759
EE87955,Healthy,5000000,15,0.7591522184353259
EE87955,Healthy,5000000,16,0.7904557614205905
EE87955,Healthy,5000000,17,0.7353965814486223
EE87955,Healthy,5000000,18,0.7370695199768742
EE87955,Healthy,5000000,19,0.713496742151537
EE87955,Healthy,2000000,0,0.5730912114102406
EE87955,Healthy,2000000,1,0.5771220799943695
EE87955,Healthy,2000000,2,0.5755946929379441
EE87955,Healthy,2000000,3,0.5495282940515928
EE87955,Healthy,2000000,4,0.5900419325500137
EE87955,Healthy,2000000,5,0.6147555511897489
EE87955,Healthy,2000000,6,0.6025702369707643
EE87955,Healthy,2000000,7,0.622933658562864
EE87955,Healthy,2000000,8,0.5471331395079579
EE87955,Healthy,2000000,9,0.5827532777732877
EE87955,Healthy,2000000,10,0.5954204325913788
EE87955,Healthy,2000000,11,0.5627363757049745
EE87955,Healthy,2000000,12,0.5682071893592224
EE87955,Healthy,2000000,13,0.5896520655304821
EE87955,Healthy,2000000,14,0.5477135816191905
EE87955,Healthy,2000000,15,0.5750568486466634
EE87955,Healthy,2000000,16,0.5466633964358636
EE87955,Healthy,2000000,17,0.5329777421854421
EE87955,Healthy,2000000,18,0.6116345919781728
EE87955,Healthy,2000000,19,0.5686977086640289
EE87955,Healthy,1000000,0,0.46485354939221807
EE87955,Healthy,1000000,1,0.4418255490907922
EE87955,Healthy,1000000,2,0.46357315086569667
EE87955,Healthy,1000000,3,0.4187847291348361
EE87955,Healthy,1000000,4,0.5151033181795054
EE87955,Healthy,1000000,5,0.39370790660912885
EE87955,Healthy,1000000,6,0.3749499910245629
EE87955,Healthy,1000000,7,0.4253894980066933
EE87955,Healthy,1000000,8,0.39708333665817824
EE87955,Healthy,1000000,9,0.47376542094068885
EE87955,Healthy,1000000,10,0.45874728595050357
EE87955,Healthy,1000000,11,0.48670534098822266
EE87955,Healthy,1000000,12,0.40759778731415425
EE87955,Healthy,1000000,13,0.4551468599318667
EE87955,Healthy,1000000,14,0.47876057616602474
EE87955,Healthy,1000000,15,0.46199399610488034
EE87955,Healthy,1000000,16,0.4739887345061392
EE87955,Healthy,1000000,17,0.4678308501423148
EE87955,Healthy,1000000,18,0.5057882176190397
EE87955,Healthy,1000000,19,0.44453323350455304
EE87956,Healthy,20000000,0,0.9432337434094904
EE87956,Healthy,20000000,1,0.9602275199620628
EE87956,Healthy,20000000,2,0.9435785930084254
EE87956,Healthy,20000000,3,0.9550937946614105
EE87956,Healthy,20000000,4,0.9497363144736518
EE87956,Healthy,20000000,5,0.948370204577758
EE87956,Healthy,20000000,6,0.9622808537470315
EE87956,Healthy,20000000,7,0.9582975607786018
EE87956,Healthy,20000000,8,0.9487242388751155
EE87956,Healthy,20000000,9,0.9545939125642766
EE87956,Healthy,20000000,10,0.9558765289245784
EE87956,Healthy,20000000,11,0.9492299835457106
EE87956,Healthy,20000000,12,0.9578932386288875
EE87956,Healthy,20000000,13,0.9588349633458879
EE87956,Healthy,20000000,14,0.9489335327476842
EE87956,Healthy,20000000,15,0.9411234277086626
EE87956,Healthy,20000000,16,0.9577920115271223
EE87956,Healthy,20000000,17,0.9512796695071921
EE87956,Healthy,20000000,18,0.9608486270504352
EE87956,Healthy,20000000,19,0.9556101571039409
EE87956,Healthy,10000000,0,0.8846762100677324
EE87956,Healthy,10000000,1,0.8935978743611425
EE87956,Healthy,10000000,2,0.8888020106151991
EE87956,Healthy,10000000,3,0.89214688742947
EE87956,Healthy,10000000,4,0.8840454623030013
EE87956,Healthy,10000000,5,0.8840654601924749
EE87956,Healthy,10000000,6,0.8753370654041726
EE87956,Healthy,10000000,7,0.8964113233652216
EE87956,Healthy,10000000,8,0.8979146826198147
EE87956,Healthy,10000000,9,0.8781658365398219
EE87956,Healthy,10000000,10,0.8916577533836819
EE87956,Healthy,10000000,11,0.8897901328980266
EE87956,Healthy,10000000,12,0.88162506627965
EE87956,Healthy,10000000,13,0.9023473092742006
EE87956,Healthy,10000000,14,0.8836650100662025
EE87956,Healthy,10000000,15,0.8830649143217459
EE87956,Healthy,10000000,16,0.8882332288058199
EE87956,Healthy,10000000,17,0.8984403600401782
EE87956,Healthy,10000000,18,0.8891921504049737
EE87956,Healthy,10000000,19,0.8911036099121789
EE87956,Healthy,5000000,0,0.7748951376938581
EE87956,Healthy,5000000,1,0.7953485949804844
EE87956,Healthy,5000000,2,0.8249642517363682
EE87956,Healthy,5000000,3,0.7711014863577916
EE87956,Healthy,5000000,4,0.7759139426327645
EE87956,Healthy,5000000,5,0.7682771715342938
EE87956,Healthy,5000000,6,0.810611824853205
EE87956,Healthy,5000000,7,0.7870590786854774
EE87956,Healthy,5000000,8,0.7800618237694432
EE87956,Healthy,5000000,9,0.8053980622240521
EE87956,Healthy,5000000,10,0.8135459319602752
EE87956,Healthy,5000000,11,0.7943125220660752
EE87956,Healthy,5000000,12,0.811959266121065
EE87956,Healthy,5000000,13,0.7943281555953055
EE87956,Healthy,5000000,14,0.7791288277577356
EE87956,Healthy,5000000,15,0.8233881505665201
EE87956,Healthy,5000000,16,0.7820481486644407
EE87956,Healthy,5000000,17,0.8185140069907932
EE87956,Healthy,5000000,18,0.7878778265746547
EE87956,Healthy,5000000,19,0.7816904014038909
EE87956,Healthy,2000000,0,0.6254695249818687
EE87956,Healthy,2000000,1,0.6415919622815052
EE87956,Healthy,2000000,2,0.6194753038836611
EE87956,Healthy,2000000,3,0.6158567404589345
EE87956,Healthy,2000000,4,0.675345827118531
EE87956,Healthy,2000000,5,0.6057032584918793
EE87956,Healthy,2000000,6,0.6329654649611482
EE87956,Healthy,2000000,7,0.6443006015000372
EE87956,Healthy,2000000,8,0.6244781739307119
EE87956,Healthy,2000000,9,0.5821496523786498
EE87956,Healthy,2000000,10,0.6427899966044397
EE87956,Healthy,2000000,11,0.66638822694724
EE87956,Healthy,2000000,12,0.6370625158299665
EE87956,Healthy,2000000,13,0.6776506002778836
EE87956,Healthy,2000000,14,0.6527456166311051
EE87956,Healthy,2000000,15,0.6589016660245799
EE87956,Healthy,2000000,16,0.6352633215068426
EE87956,Healthy,2000000,17,0.6467065891666983
EE87956,Healthy,2000000,18,0.6248763302281622
EE87956,Healthy,2000000,19,0.6475924135428337
EE87956,Healthy,1000000,0,0.46767061406281285
EE87956,Healthy,1000000,1,0.5064448177275996
EE87956,Healthy,1000000,2,0.5090854675560225
EE87956,Healthy,1000000,3,0.5375113491707287
EE87956,Healthy,1000000,4,0.47114931628128837
EE87956,Healthy,1000000,5,0.5274461949222596
EE87956,Healthy,1000000,6,0.5177211855173672
EE87956,Healthy,1000000,7,0.462519806340289
EE87956,Healthy,1000000,8,0.439835816643949
EE87956,Healthy,1000000,9,0.5517625681121139
EE87956,Healthy,1000000,10,0.4663483180192638
EE87956,Healthy,1000000,11,0.5368402122688306
EE87956,Healthy,1000000,12,0.5078895597773283
EE87956,Healthy,1000000,13,0.5370736642524069
EE87956,Healthy,1000000,14,0.4555374273527351
EE87956,Healthy,1000000,15,0.47656660685538577
EE87956,Healthy,1000000,16,0.5368830678591432
EE87956,Healthy,1000000,17,0.5806143039776053
EE87956,Healthy,1000000,18,0.48226133959926065
EE87956,Healthy,1000000,19,0.5129777083678304
EE87957,Healthy,20000000,0,0.9700135881424893
EE87957,Healthy,20000000,1,0.9714702254789761
EE87957,Healthy,20000000,2,0.9672615658803436
EE87957,Healthy,20000000,3,0.9641669739089426
EE87957,Healthy,20000000,4,0.9710951678063944
EE87957,Healthy,20000000,5,0.9711914442905701
EE87957,Healthy,20000000,6,0.965004344818332
EE87957,Healthy,20000000,7,0.9731166482755567
EE87957,Healthy,20000000,8,0.9629017654162885
EE87957,Healthy,20000000,9,0.9742537269682289
EE87957,Healthy,20000000,10,0.9677536312128623
EE87957,Healthy,20000000,11,0.9673127005488672
EE87957,Healthy,20000000,12,0.9698792700705203
EE87957,Healthy,20000000,13,0.9689855533161974
EE87957,Healthy,20000000,14,0.9687258413118617
EE87957,Healthy,20000000,15,0.9705923544225302
EE87957,Healthy,20000000,16,0.9708113541111623
EE87957,Healthy,20000000,17,0.958763895927596
EE87957,Healthy,20000000,18,0.9703778493735514
EE87957,Healthy,20000000,19,0.9648827289888625
EE87957,Healthy,10000000,0,0.9053037399310302
EE87957,Healthy,10000000,1,0.9163791834347127
EE87957,Healthy,10000000,2,0.9218982576740803
EE87957,Healthy,10000000,3,0.9097967984778936
EE87957,Healthy,10000000,4,0.9038997008768409
EE87957,Healthy,10000000,5,0.9253535457495693
EE87957,Healthy,10000000,6,0.9236149670197673
EE87957,Healthy,10000000,7,0.9197739391673323
EE87957,Healthy,10000000,8,0.9202205369856733
EE87957,Healthy,10000000,9,0.8964971774965771
EE87957,Healthy,10000000,10,0.9081294351996728
EE87957,Healthy,10000000,11,0.9166904860855076
EE87957,Healthy,10000000,12,0.9157940334635694
EE87957,Healthy,10000000,13,0.9031719128013852
EE87957,Healthy,10000000,14,0.9157707134491344
EE87957,Healthy,10000000,15,0.9030655396629151
EE87957,Healthy,10000000,16,0.9028997412471738
EE87957,Healthy,10000000,17,0.9089092877494364
EE87957,Healthy,10000000,18,0.9126952725510403
EE87957,Healthy,10000000,19,0.9245809888467797
EE87957,Healthy,5000000,0,0.8297184271106243
EE87957,Healthy,5000000,1,0.8472884383189752
EE87957,Healthy,5000000,2,0.8453863501050705
EE87957,Healthy,5000000,3,0.8438501090414255
EE87957,Healthy,5000000,4,0.8667364747173264
EE87957,Healthy,5000000,5,0.8357521823674701
EE87957,Healthy,5000000,6,0.8738525131851317
EE87957,Healthy,5000000,7,0.8471713734446269
EE87957,Healthy,5000000,8,0.8448929631676163
EE87957,Healthy,5000000,9,0.8590032843439326
EE87957,Healthy,5000000,10,0.8533996225382018
EE87957,Healthy,5000000,11,0.839770116114295
EE87957,Healthy,5000000,12,0.8488124005418456
EE87957,Healthy,5000000,13,0.8457851353798493
EE87957,Healthy,5000000,14,0.8241744979385647
EE87957,Healthy,5000000,15,0.8315950178481982
EE87957,Healthy,5000000,16,0.8036419414309687
EE87957,Healthy,5000000,17,0.8345356385840713
EE87957,Healthy,5000000,18,0.8307332330637826
EE87957,Healthy,5000000,19,0.8632043674610361
EE87957,Healthy,2000000,0,0.7182572755807076
EE87957,Healthy,2000000,1,0.6876417297628944
EE87957,Healthy,2000000,2,0.6874614973446045
EE87957,Healthy,2000000,3,0.6904048349686359
EE87957,Healthy,2000000,4,0.6539976876053849
EE87957,Healthy,2000000,5,0.704498582454096
EE87957,Healthy,2000000,6,0.6834717451711169
EE87957,Healthy,2000000,7,0.66609805128697
EE87957,Healthy,2000000,8,0.7241930403499127
EE87957,Healthy,2000000,9,0.684792757037549
EE87957,Healthy,2000000,10,0.6831636772399865
EE87957,Healthy,2000000,11,0.6984114607582612
EE87957,Healthy,2000000,12,0.6918630085945329
EE87957,Healthy,2000000,13,0.7128021784150823
EE87957,Healthy,2000000,14,0.7173669527179205
EE87957,Healthy,2000000,15,0.7019829406272092
EE87957,Healthy,2000000,16,0.6549655222009879
EE87957,Healthy,2000000,17,0.6645070790253472
EE87957,Healthy,2000000,18,0.6874972926308309
EE87957,Healthy,2000000,19,0.7274060386531918
EE87957,Healthy,1000000,0,0.5769223447274873
EE87957,Healthy,1000000,1,0.585302687206759
EE87957,Healthy,1000000,2,0.5637204495317741
EE87957,Healthy,1000000,3,0.527512918754404
EE87957,Healthy,1000000,4,0.6157552754175037
EE87957,Healthy,1000000,5,0.6257206976958964
EE87957,Healthy,1000000,6,0.5929523508454464
EE87957,Healthy,1000000,7,0.5622929819054348
EE87957,Healthy,1000000,8,0.5670568405232644
EE87957,Healthy,1000000,9,0.6039745747308902
EE87957,Healthy,1000000,10,0.5619213180943615
EE87957,Healthy,1000000,11,0.5840207582041795
EE87957,Healthy,1000000,12,0.5861295262903037
EE87957,Healthy,1000000,13,0.5592887510879972
EE87957,Healthy,1000000,14,0.573185855446624
EE87957,Healthy,1000000,15,0.5715658999011427
EE87957,Healthy,1000000,16,0.5748434603165811
EE87957,Healthy,1000000,17,0.6156272933758228
EE87957,Healthy,1000000,18,0.568472577464414
EE87957,Healthy,1000000,19,0.6215239344773525
EE87958,Healthy,20000000,0,0.9748894904902546
EE87958,Healthy,20000000,1,0.9745166308181158
EE87958,Healthy,20000000,2,0.9729618763361784
EE87958,Healthy,20000000,3,0.9683671169557352
EE87958,Healthy,20000000,4,0.9758666512068433
EE87958,Healthy,20000000,5,0.968189676398973
EE87958,Healthy,20000000,6,0.9719077856278361
EE87958,Healthy,20000000,7,0.9692751644451858
EE87958,Healthy,20000000,8,0.9719631543771928
EE87958,Healthy,20000000,9,0.9727313469197388
EE87958,Healthy,20000000,10,0.9766921015501948
EE87958,Healthy,20000000,11,0.9705101481146615
EE87958,Healthy,20000000,12,0.9753086478057146
EE87958,Healthy,20000000,13,0.9728343979332476
EE87958,Healthy,20000000,14,0.9708364328976357
EE87958,Healthy,20000000,15,0.9759537429925964
EE87958,Healthy,20000000,16,0.9685946499457387
EE87958,Healthy,20000000,17,0.9751150041493994
EE87958,Healthy,20000000,18,0.9719723390756155
EE87958,Healthy,20000000,19,0.9732324499504362
EE87958,Healthy,10000000,0,0.9087509331262761
EE87958,Healthy,10000000,1,0.905897097505019
EE87958,Healthy,10000000,2,0.9155117831212601
EE87958,Healthy,10000000,3,0.911778608898908
EE87958,Healthy,10000000,4,0.9255830980704317
EE87958,Healthy,10000000,5,0.9240936286218269
EE87958,Healthy,10000000,6,0.9148483352245562
EE87958,Healthy,10000000,7,0.911630759489878
EE87958,Healthy,10000000,8,0.9031020000348825
EE87958,Healthy,10000000,9,0.9039565205496229
EE87958,Healthy,10000000,10,0.9103374254693876
EE87958,Healthy,10000000,11,0.9063103437943358
EE87958,Healthy,10000000,12,0.9055547883545841
EE87958,Healthy,10000000,13,0.9182292161999842
EE87958,Healthy,10000000,14,0.9163416629645602
EE87958,Healthy,10000000,15,0.9012884633673842
EE87958,Healthy,10000000,16,0.8883646155910583
EE87958,Healthy,10000000,17,0.919341802363529
EE87958,Healthy,10000000,18,0.9158600199848616
EE87958,Healthy,10000000,19,0.9234517269187226
EE87958,Healthy,5000000,0,0.8195451033832261
EE87958,Healthy,5000000,1,0.8529740183772136
EE87958,Healthy,5000000,2,0.811989236510369
EE87958,Healthy,5000000,3,0.8251357185756292
EE87958,Healthy,5000000,4,0.8064858952996493
EE87958,Healthy,5000000,5,0.8286676585272436
EE87958,Healthy,5000000,6,0.8406977895492463
EE87958,Healthy,5000000,7,0.803192900866373
EE87958,Healthy,5000000,8,0.8288438423574165
EE87958,Healthy,5000000,9,0.8288583685118961
EE87958,Healthy,5000000,10,0.8407548656225674
EE87958,Healthy,5000000,11,0.8340787486923207
EE87958,Healthy,5000000,12,0.8154280918793603
EE87958,Healthy,5000000,13,0.8017385787298019
EE87958,Healthy,5000000,14,0.8221795292969006
EE87958,Healthy,5000000,15,0.8096760472184694
EE87958,Healthy,5000000,16,0.7988426107284218
EE87958,Healthy,5000000,17,0.8177500485290805
EE87958,Healthy,5000000,18,0.8111383165284562
EE87958,Healthy,5000000,19,0.8286173841688597
EE87958,Healthy,2000000,0,0.6550100131948647
EE87958,Healthy,2000000,1,0.6460561450953467
EE87958,Healthy,2000000,2,0.6733758830257591
EE87958,Healthy,2000000,3,0.7125620315264145
EE87958,Healthy,2000000,4,0.7087875762682176
EE87958,Healthy,2000000,5,0.6563935256921121
EE87958,Healthy,2000000,6,0.624537864303794
EE87958,Healthy,2000000,7,0.6422335883769922
EE87958,Healthy,2000000,8,0.7243540359546798
EE87958,Healthy,2000000,9,0.6708720645217939
EE87958,Healthy,2000000,10,0.6800567093281837
EE87958,Healthy,2000000,11,0.6633433139333408
EE87958,Healthy,2000000,12,0.6892631975819634
EE87958,Healthy,2000000,13,0.6764063236002416
EE87958,Healthy,2000000,14,0.696398427156146
EE87958,Healthy,2000000,15,0.6993290088817359
EE87958,Healthy,2000000,16,0.6570409814158465
EE87958,Healthy,2000000,17,0.6496277265852074
EE87958,Healthy,2000000,18,0.6737429888297632
EE87958,Healthy,2000000,19,0.6672740836295916
EE87958,Healthy,1000000,0,0.5682126703482909
EE87958,Healthy,1000000,1,0.545744799159358
EE87958,Healthy,1000000,2,0.5265084899294045
EE87958,Healthy,1000000,3,0.5411733887133875
EE87958,Healthy,1000000,4,0.5635089725487541
EE87958,Healthy,1000000,5,0.5659827966289368
EE87958,Healthy,1000000,6,0.5223878907757572
EE87958,Healthy,1000000,7,0.6122784575479626
EE87958,Healthy,1000000,8,0.5244709176622212
EE87958,Healthy,1000000,9,0.5335710825166398
EE87958,Healthy,1000000,10,0.5441156579027834
EE87958,Healthy,1000000,11,0.5328946563817111
EE87958,Healthy,1000000,12,0.5726795609967735
EE87958,Healthy,1000000,13,0.5601403343842769
EE87958,Healthy,1000000,14,0.5217594072937766
EE87958,Healthy,1000000,15,0.5381754222909971
EE87958,Healthy,1000000,16,0.5442428753252748
EE87958,Healthy,1000000,17,0.5303861582127153
EE87958,Healthy,1000000,18,0.5110965744604841
EE87958,Healthy,1000000,19,0.5695781708481853
EE87959,Healthy,20000000,0,0.9647443722551757
EE87959,Healthy,20000000,1,0.9663305892146888
EE87959,Healthy,20000000,2,0.9609024324468688
EE87959,Healthy,20000000,3,0.9658106440883766
EE87959,Healthy,20000000,4,0.9681644021933843
EE87959,Healthy,20000000,5,0.9656666202003439
EE87959,Healthy,20000000,6,0.9636237087681954
EE87959,Healthy,20000000,7,0.95574193472741
EE87959,Healthy,20000000,8,0.9664209379856981
EE87959,Healthy,20000000,9,0.9572739554522586
EE87959,Healthy,20000000,10,0.9655296965401698
EE87959,Healthy,20000000,11,0.9610911421726177
EE87959,Healthy,20000000,12,0.9625789487132134
EE87959,Healthy,20000000,13,0.9610280869380563
EE87959,Healthy,20000000,14,0.9648356329820568
EE87959,Healthy,20000000,15,0.9540918157171686
EE87959,Healthy,20000000,16,0.9659568175866782
EE87959,Healthy,20000000,17,0.9577642620127388
EE87959,Healthy,20000000,18,0.9680119752833903
EE87959,Healthy,20000000,19,0.9691612351009211
EE87959,Healthy,10000000,0,0.9068956891845943
EE87959,Healthy,10000000,1,0.896894399418433
EE87959,Healthy,10000000,2,0.8848651152125967
EE87959,Healthy,10000000,3,0.889652427561391
EE87959,Healthy,10000000,4,0.9045231708445104
EE87959,Healthy,10000000,5,0.9042153205980868
EE87959,Healthy,10000000,6,0.891067457375834
EE87959,Healthy,10000000,7,0.8900702987697715
EE87959,Healthy,10000000,8,0.9011540150160049
EE87959,Healthy,10000000,9,0.9108924660719846
EE87959,Healthy,10000000,10,0.9041976025982927
EE87959,Healthy,10000000,11,0.9108505309350177
EE87959,Healthy,10000000,12,0.9125995171845056
EE87959,Healthy,10000000,13,0.9009478446231689
EE87959,Healthy,10000000,14,0.8819797519740589
EE87959,Healthy,10000000,15,0.914703008542421
EE87959,Healthy,10000000,16,0.9082589980731677
EE87959,Healthy,10000000,17,0.9037673548459383
EE87959,Healthy,10000000,18,0.9033070125498156
EE87959,Healthy,10000000,19,0.9014489676008135
EE87959,Healthy,5000000,0,0.8125190635424496
EE87959,Healthy,5000000,1,0.8216359710186284
EE87959,Healthy,5000000,2,0.8087185198929667
EE87959,Healthy,5000000,3,0.8012823337628976
EE87959,Healthy,5000000,4,0.8095179663370702
EE87959,Healthy,5000000,5,0.8189907778298118
EE87959,Healthy,5000000,6,0.8175111294037882
EE87959,Healthy,5000000,7,0.8369153874314242
EE87959,Healthy,5000000,8,0.8189258986824502
EE87959,Healthy,5000000,9,0.817909119688997
EE87959,Healthy,5000000,10,0.7845665857039814
EE87959,Healthy,5000000,11,0.8157701271917883
EE87959,Healthy,5000000,12,0.803002119743784
EE87959,Healthy,5000000,13,0.8232079090024377
EE87959,Healthy,5000000,14,0.7914000993738831
EE87959,Healthy,5000000,15,0.7974161163026462
EE87959,Healthy,5000000,16,0.8316420026029827
EE87959,Healthy,5000000,17,0.8181882433254601
EE87959,Healthy,5000000,18,0.8076139978649485
EE87959,Healthy,5000000,19,0.8093068811191733
EE87959,Healthy,2000000,0,0.6394491147986052
EE87959,Healthy,2000000,1,0.6655009047905044
EE87959,Healthy,2000000,2,0.6424535849028972
EE87959,Healthy,2000000,3,0.6579304222593588
EE87959,Healthy,2000000,4,0.6782986752358396
EE87959,Healthy,2000000,5,0.6251625113558871
EE87959,Healthy,2000000,6,0.6662972485182196
EE87959,Healthy,2000000,7,0.6730842528604479
EE87959,Healthy,2000000,8,0.643780177191736
EE87959,Healthy,2000000,9,0.720282318124389
EE87959,Healthy,2000000,10,0.6858890909160801
EE87959,Healthy,2000000,11,0.6952904559331918
EE87959,Healthy,2000000,12,0.67843243962685
EE87959,Healthy,2000000,13,0.6655168313922333
EE87959,Healthy,2000000,14,0.6571877207218354
EE87959,Healthy,2000000,15,0.64972914827861
EE87959,Healthy,2000000,16,0.685771557478265
EE87959,Healthy,2000000,17,0.6959913365490753
EE87959,Healthy,2000000,18,0.6822435463202507
EE87959,Healthy,2000000,19,0.6328177948912821
EE87959,Healthy,1000000,0,0.5229104926091641
EE87959,Healthy,1000000,1,0.5276230288658905
EE87959,Healthy,1000000,2,0.5329283160634352
EE87959,Healthy,1000000,3,0.5391160272926447
EE87959,Healthy,1000000,4,0.5375710973522702
EE87959,Healthy,1000000,5,0.5174270797151989
EE87959,Healthy,1000000,6,0.5717027072470796
EE87959,Healthy,1000000,7,0.544101818586876
EE87959,Healthy,1000000,8,0.5162161335151921
EE87959,Healthy,1000000,9,0.5594435790994441
EE87959,Healthy,1000000,10,0.5078999976452018
EE87959,Healthy,1000000,11,0.574223632743086
EE87959,Healthy,1000000,12,0.5407001927126187
EE87959,Healthy,1000000,13,0.5579283261414729
EE87959,Healthy,1000000,14,0.5602184017701831
EE87959,Healthy,1000000,15,0.49581063675573367
EE87959,Healthy,1000000,16,0.5194566859602364
EE87959,Healthy,1000000,17,0.5364844954117965
EE87959,Healthy,1000000,18,0.5387876166202615
EE87959,Healthy,1000000,19,0.5559761608837669
EE87960,Healthy,20000000,0,0.9600408947068779
EE87960,Healthy,20000000,1,0.9590137718364576
EE87960,Healthy,20000000,2,0.9601548240511426
EE87960,Healthy,20000000,3,0.9595955996826395
EE87960,Healthy,20000000,4,0.9598054146728489
EE87960,Healthy,20000000,5,0.9532752243737144
EE87960,Healthy,20000000,6,0.9561076290319851
EE87960,Healthy,20000000,7,0.9611656619952814
EE87960,Healthy,20000000,8,0.949051696172782
EE87960,Healthy,20000000,9,0.9470881249014764
EE87960,Healthy,20000000,10,0.9639603507642842
EE87960,Healthy,20000000,11,0.9584877035778635
EE87960,Healthy,20000000,12,0.9546253099021472
EE87960,Healthy,20000000,13,0.9555334225313031
EE87960,Healthy,20000000,14,0.9634435974835232
EE87960,Healthy,20000000,15,0.9594401763462098
EE87960,Healthy,20000000,16,0.9534064157398373
EE87960,Healthy,20000000,17,0.962663028397003
EE87960,Healthy,20000000,18,0.9576057771101684
EE87960,Healthy,20000000,19,0.9533313096598275
EE87960,Healthy,10000000,0,0.9075298242139919
EE87960,Healthy,10000000,1,0.8856749320267178
EE87960,Healthy,10000000,2,0.9021557985411311
EE87960,Healthy,10000000,3,0.8941647200751451
EE87960,Healthy,10000000,4,0.8904521477212178
EE87960,Healthy,10000000,5,0.9074472922075977
EE87960,Healthy,10000000,6,0.8892113485288744
EE87960,Healthy,10000000,7,0.9020302743293542
EE87960,Healthy,10000000,8,0.8777439775085626
EE87960,Healthy,10000000,9,0.8899955183882875
EE87960,Healthy,10000000,10,0.9065593077473257
EE87960,Healthy,10000000,11,0.8952531865570733
EE87960,Healthy,10000000,12,0.8955263353313853
EE87960,Healthy,10000000,13,0.8853587438980381
EE87960,Healthy,10000000,14,0.8675174997817822
EE87960,Healthy,10000000,15,0.9023728440386096
EE87960,Healthy,10000000,16,0.8954434776264656
EE87960,Healthy,10000000,17,0.8922394509504535
EE87960,Healthy,10000000,18,0.8974602680368587
EE87960,Healthy,10000000,19,0.9033141779173794
EE87960,Healthy,5000000,0,0.7954446501411577
EE87960,Healthy,5000000,1,0.7662592661031516
EE87960,Healthy,5000000,2,0.7734870778049334
EE87960,Healthy,5000000,3,0.7846525643547718
EE87960,Healthy,5000000,4,0.7871789880673666
EE87960,Healthy,5000000,5,0.7998428830312372
EE87960,Healthy,5000000,6,0.7773051240619928
EE87960,Healthy,5000000,7,0.7432179265643941
EE87960,Healthy,5000000,8,0.8031579077647831
EE87960,Healthy,5000000,9,0.7872924288656903
EE87960,Healthy,5000000,10,0.7958358596004178
EE87960,Healthy,5000000,11,0.784108543075863
EE87960,Healthy,5000000,12,0.7876757039815206
EE87960,Healthy,5000000,13,0.8035833482652541
EE87960,Healthy,5000000,14,0.8003329225297703
EE87960,Healthy,5000000,15,0.7767076048000147
EE87960,Healthy,5000000,16,0.7978005578564348
EE87960,Healthy,5000000,17,0.7867973019589676
EE87960,Healthy,5000000,18,0.7836058471940722
EE87960,Healthy,5000000,19,0.7927301483491646
EE87960,Healthy,2000000,0,0.6534859161741849
EE87960,Healthy,2000000,1,0.6439024328281768
EE87960,Healthy,2000000,2,0.631318124535211
EE87960,Healthy,2000000,3,0.6672148498997889
EE87960,Healthy,2000000,4,0.6415172900566406
EE87960,Healthy,2000000,5,0.6354449651206183
EE87960,Healthy,2000000,6,0.6396035284746345
EE87960,Healthy,2000000,7,0.6648510491719702
EE87960,Healthy,2000000,8,0.5799038010289407
EE87960,Healthy,2000000,9,0.6519942074512523
EE87960,Healthy,2000000,10,0.6619229651959526
EE87960,Healthy,2000000,11,0.5994680626020015
EE87960,Healthy,2000000,12,0.6034994487226089
EE87960,Healthy,2000000,13,0.6454171811686005
EE87960,Healthy,2000000,14,0.5981930897195216
EE87960,Healthy,2000000,15,0.621005089707228
EE87960,Healthy,2000000,16,0.6545622866460823
EE87960,Healthy,2000000,17,0.6173949169109665
EE87960,Healthy,2000000,18,0.6429280637134087
EE87960,Healthy,2000000,19,0.6181042083608349
EE87960,Healthy,1000000,0,0.48447377852169093
EE87960,Healthy,1000000,1,0.519608096032618
EE87960,Healthy,1000000,2,0.4970306547196642
EE87960,Healthy,1000000,3,0.53508834483948
EE87960,Healthy,1000000,4,0.5467955323470772
EE87960,Healthy,1000000,5,0.5341411353302695
EE87960,Healthy,1000000,6,0.5826944281463997
EE87960,Healthy,1000000,7,0.5403134080273211
EE87960,Healthy,1000000,8,0.4959271560892976
EE87960,Healthy,1000000,9,0.529876425411549
EE87960,Healthy,1000000,10,0.5356532451497993
EE87960,Healthy,1000000,11,0.48718887857569454
EE87960,Healthy,1000000,12,0.5006771029507476
EE87960,Healthy,1000000,13,0.5155586447702379
EE87960,Healthy,1000000,14,0.4671798362364858
EE87960,Healthy,1000000,15,0.5160576496302294
EE87960,Healthy,1000000,16,0.49895492287922477
EE87960,Healthy,1000000,17,0.4978372962275014
EE87960,Healthy,1000000,18,0.5002397060309679
EE87960,Healthy,1000000,19,0.545545039327138
EE87961,Healthy,20000000,0,0.914733103086189
EE87961,Healthy,20000000,1,0.9243361938349179
EE87961,Healthy,20000000,2,0.9291610266538647
EE87961,Healthy,20000000,3,0.9280629015048575
EE87961,Healthy,20000000,4,0.9191568056009725
EE87961,Healthy,20000000,5,0.9130811601642043
EE87961,Healthy,20000000,6,0.931120411577417
EE87961,Healthy,20000000,7,0.921059601527396
EE87961,Healthy,20000000,8,0.9183460768309795
EE87961,Healthy,20000000,9,0.908637264340832
EE87961,Healthy,20000000,10,0.9115607343068681
EE87961,Healthy,20000000,11,0.9166116670423058
EE87961,Healthy,20000000,12,0.924292680511894
EE87961,Healthy,20000000,13,0.9253048212501354
EE87961,Healthy,20000000,14,0.9174354237533239
EE87961,Healthy,20000000,15,0.9173890442832744
EE87961,Healthy,20000000,16,0.930182482369939
EE87961,Healthy,20000000,17,0.9187281361629611
EE87961,Healthy,20000000,18,0.9257655543844886
EE87961,Healthy,20000000,19,0.9039868105125062
EE87961,Healthy,10000000,0,0.8594378964565305
EE87961,Healthy,10000000,1,0.8340805726040641
EE87961,Healthy,10000000,2,0.8619846775451823
EE87961,Healthy,10000000,3,0.8459802287967004
EE87961,Healthy,10000000,4,0.8399145634127632
EE87961,Healthy,10000000,5,0.8163751447729947
EE87961,Healthy,10000000,6,0.8418848303957498
EE87961,Healthy,10000000,7,0.8448826899050395
EE87961,Healthy,10000000,8,0.8302881199229809
EE87961,Healthy,10000000,9,0.8305247915203737
EE87961,Healthy,10000000,10,0.835475455285427
EE87961,Healthy,10000000,11,0.8390391372376337
EE87961,Healthy,10000000,12,0.8414747759519844
EE87961,Healthy,10000000,13,0.8422337837961076
EE87961,Healthy,10000000,14,0.8324112183667135
EE87961,Healthy,10000000,15,0.8458200502617965
EE87961,Healthy,10000000,16,0.8293218565858197
EE87961,Healthy,10000000,17,0.824186372513129
EE87961,Healthy,10000000,18,0.8401363504307688
EE87961,Healthy,10000000,19,0.8501250820780655
EE87961,Healthy,5000000,0,0.7574941725611725
EE87961,Healthy,5000000,1,0.7391869838360219
EE87961,Healthy,5000000,2,0.7173115397155405
EE87961,Healthy,5000000,3,0.7218229854865967
EE87961,Healthy,5000000,4,0.7155199255844009
EE87961,Healthy,5000000,5,0.7056788143531433
EE87961,Healthy,5000000,6,0.7478480447014713
EE87961,Healthy,5000000,7,0.7395260565334474
EE87961,Healthy,5000000,8,0.735747693077343
EE87961,Healthy,5000000,9,0.7258874959124837
EE87961,Healthy,5000000,10,0.7003972333277733
EE87961,Healthy,5000000,11,0.704146609676155
EE87961,Healthy,5000000,12,0.7327361455252333
EE87961,Healthy,5000000,13,0.7500708312891683
EE87961,Healthy,5000000,14,0.7378164769877135
EE87961,Healthy,5000000,15,0.7343788473138341
EE87961,Healthy,5000000,16,0.7355912634427808
EE87961,Healthy,5000000,17,0.7038494308743963
EE87961,Healthy,5000000,18,0.6911916687356671
EE87961,Healthy,5000000,19,0.728390598653279
EE87961,Healthy,2000000,0,0.62029024430583
EE87961,Healthy,2000000,1,0.5708738882280828
EE87961,Healthy,2000000,2,0.5336597006638081
EE87961,Healthy,2000000,3,0.5856685674107547
EE87961,Healthy,2000000,4,0.5623630549591705
EE87961,Healthy,2000000,5,0.5833666930059076
EE87961,Healthy,2000000,6,0.5441151013415884
EE87961,Healthy,2000000,7,0.5356914280706092
EE87961,Healthy,2000000,8,0.5528939595667743
EE87961,Healthy,2000000,9,0.5475382995836098
EE87961,Healthy,2000000,10,0.5598265472875125
EE87961,Healthy,2000000,11,0.5932926357799799
EE87961,Healthy,2000000,12,0.5858447433409085
EE87961,Healthy,2000000,13,0.556487704766263
EE87961,Healthy,2000000,14,0.567346210074876
EE87961,Healthy,2000000,15,0.5715235172217413
EE87961,Healthy,2000000,16,0.5980499223868545
EE87961,Healthy,2000000,17,0.5769514327414919
EE87961,Healthy,2000000,18,0.6046610685709921
EE87961,Healthy,2000000,19,0.588865829251205
EE87961,Healthy,1000000,0,0.5046072427518211
EE87961,Healthy,1000000,1,0.4660788448149462
EE87961,Healthy,1000000,2,0.47473883452346943
EE87961,Healthy,1000000,3,0.48594565780833254
EE87961,Healthy,1000000,4,0.40379803595630726
EE87961,Healthy,1000000,5,0.3893703844544231
EE87961,Healthy,1000000,6,0.4597624898522552
EE87961,Healthy,1000000,7,0.4253211428698042
EE87961,Healthy,1000000,8,0.46936020997785816
EE87961,Healthy,1000000,9,0.4057798337608488
EE87961,Healthy,1000000,10,0.4267426521388842
EE87961,Healthy,1000000,11,0.46026026997254066
EE87961,Healthy,1000000,12,0.4635476859833317
EE87961,Healthy,1000000,13,0.4055651139041266
EE87961,Healthy,1000000,14,0.4205137752273259
EE87961,Healthy,1000000,15,0.4615692701181331
EE87961,Healthy,1000000,16,0.4954888142735225
EE87961,Healthy,1000000,17,0.5291058005922593
EE87961,Healthy,1000000,18,0.4079832623514065
EE87961,Healthy,1000000,19,0.4785950015857464
EE87962,Healthy,20000000,0,0.9544113911105148
EE87962,Healthy,20000000,1,0.9634994873505207
EE87962,Healthy,20000000,2,0.961600078688764
EE87962,Healthy,20000000,3,0.9611897636861779
EE87962,Healthy,20000000,4,0.9588982791392702
EE87962,Healthy,20000000,5,0.9546886256955293
EE87962,Healthy,20000000,6,0.961943430074481
EE87962,Healthy,20000000,7,0.9598357046357323
EE87962,Healthy,20000000,8,0.956933470213567
EE87962,Healthy,20000000,9,0.9521450504897856
EE87962,Healthy,20000000,10,0.9581501496259027
EE87962,Healthy,20000000,11,0.9630831794950633
EE87962,Healthy,20000000,12,0.9591874342903225
EE87962,Healthy,20000000,13,0.9583610875979391
EE87962,Healthy,20000000,14,0.9564341092340745
EE87962,Healthy,20000000,15,0.9604279548347342
EE87962,Healthy,20000000,16,0.9590088212188682
EE87962,Healthy,20000000,17,0.9560508923488206
EE87962,Healthy,20000000,18,0.9597075096960451
EE87962,Healthy,20000000,19,0.9614407469700267
EE87962,Healthy,10000000,0,0.8830264818957219
EE87962,Healthy,10000000,1,0.8952014184822189
EE87962,Healthy,10000000,2,0.8942727868459486
EE87962,Healthy,10000000,3,0.8740754863994076
EE87962,Healthy,10000000,4,0.8821470958765265
EE87962,Healthy,10000000,5,0.8930400830661521
EE87962,Healthy,10000000,6,0.9020201776750598
EE87962,Healthy,10000000,7,0.8980587716475525
EE87962,Healthy,10000000,8,0.880479258866491
EE87962,Healthy,10000000,9,0.8997457597308949
EE87962,Healthy,10000000,10,0.9074102750623433
EE87962,Healthy,10000000,11,0.9009354713053086
EE87962,Healthy,10000000,12,0.8986307780323964
EE87962,Healthy,10000000,13,0.8873967698523023
EE87962,Healthy,10000000,14,0.8880031553673163
EE87962,Healthy,10000000,15,0.8876796715916628
EE87962,Healthy,10000000,16,0.8823575622637871
EE87962,Healthy,10000000,17,0.8856967356815884
EE87962,Healthy,10000000,18,0.9071645207476475
EE87962,Healthy,10000000,19,0.8718793195766962
EE87962,Healthy,5000000,0,0.8174214645982228
EE87962,Healthy,5000000,1,0.8034819455114491
EE87962,Healthy,5000000,2,0.7786278437472963
EE87962,Healthy,5000000,3,0.7773380920059252
EE87962,Healthy,5000000,4,0.7903644045384137
EE87962,Healthy,5000000,5,0.8015126547151484
EE87962,Healthy,5000000,6,0.7840443025564128
EE87962,Healthy,5000000,7,0.8248691669022553
EE87962,Healthy,5000000,8,0.7976836906360276
EE87962,Healthy,5000000,9,0.7990748859078066
EE87962,Healthy,5000000,10,0.8287922000672313
EE87962,Healthy,5000000,11,0.7968376627352683
EE87962,Healthy,5000000,12,0.7972327805995848
EE87962,Healthy,5000000,13,0.7602985873803547
EE87962,Healthy,5000000,14,0.7777183052250616
EE87962,Healthy,5000000,15,0.7835999520506626
EE87962,Healthy,5000000,16,0.7937050943157792
EE87962,Healthy,5000000,17,0.7955950510628542
EE87962,Healthy,5000000,18,0.8045703319910211
EE87962,Healthy,5000000,19,0.7983628306564948
EE87962,Healthy,2000000,0,0.6338550438136283
EE87962,Healthy,2000000,1,0.6182970568397865
EE87962,Healthy,2000000,2,0.573434841841931
EE87962,Healthy,2000000,3,0.6434998170144229
EE87962,Healthy,2000000,4,0.6793195687242626
EE87962,Healthy,2000000,5,0.6546117928243962
EE87962,Healthy,2000000,6,0.5975049602260205
EE87962,Healthy,2000000,7,0.6605119088575643
EE87962,Healthy,2000000,8,0.6692525936636954
EE87962,Healthy,2000000,9,0.6440525384408528
EE87962,Healthy,2000000,10,0.6429837535350272
EE87962,Healthy,2000000,11,0.5952506051641863
EE87962,Healthy,2000000,12,0.6484378618307308
EE87962,Healthy,2000000,13,0.670690596216596
EE87962,Healthy,2000000,14,0.6519870859876891
EE87962,Healthy,2000000,15,0.6156586180425686
EE87962,Healthy,2000000,16,0.6326950716828283
EE87962,Healthy,2000000,17,0.6215753407368771
EE87962,Healthy,2000000,18,0.6259125625149845
EE87962,Healthy,2000000,19,0.6122993780248405
EE87962,Healthy,1000000,0,0.5471006824085931
EE87962,Healthy,1000000,1,0.5200675023321295
EE87962,Healthy,1000000,2,0.44590230740007125
EE87962,Healthy,1000000,3,0.538783647091745
EE87962,Healthy,1000000,4,0.5201255926391619
EE87962,Healthy,1000000,5,0.5491195845440823
EE87962,Healthy,1000000,6,0.5488209272527219
EE87962,Healthy,1000000,7,0.5538241311111359
EE87962,Healthy,1000000,8,0.49562556703102284
EE87962,Healthy,1000000,9,0.4659283774471534
EE87962,Healthy,1000000,10,0.4920635972693009
EE87962,Healthy,1000000,11,0.45301593954633224
EE87962,Healthy,1000000,12,0.5397432866142297
EE87962,Healthy,1000000,13,0.533595635756514
EE87962,Healthy,1000000,14,0.5026719418768866
EE87962,Healthy,1000000,15,0.4891325866943294
EE87962,Healthy,1000000,16,0.48374986408191933
EE87962,Healthy,1000000,17,0.5629460391798454
EE87962,Healthy,1000000,18,0.4550527626846452
EE87962,Healthy,1000000,19,0.48989217292926807
EE87963,Healthy,20000000,0,0.9552109809909314
EE87963,Healthy,20000000,1,0.9551900060058809
EE87963,Healthy,20000000,2,0.9560531722385
EE87963,Healthy,20000000,3,0.9573121273194621
EE87963,Healthy,20000000,4,0.9608860172411773
EE87963,Healthy,20000000,5,0.9579279580917194
EE87963,Healthy,20000000,6,0.9407080816226563
EE87963,Healthy,20000000,7,0.9492013220754553
EE87963,Healthy,20000000,8,0.9505961585813094
EE87963,Healthy,20000000,9,0.9535486808558316
EE87963,Healthy,20000000,10,0.9556561457357596
EE87963,Healthy,20000000,11,0.9494637048077013
EE87963,Healthy,20000000,12,0.9507031831168307
EE87963,Healthy,20000000,13,0.946249711756805
EE87963,Healthy,20000000,14,0.9489494919754399
EE87963,Healthy,20000000,15,0.9484273972388583
EE87963,Healthy,20000000,16,0.9461981039492594
EE87963,Healthy,20000000,17,0.9515211423940927
EE87963,Healthy,20000000,18,0.9488716500278147
EE87963,Healthy,20000000,19,0.9538096305145647
EE87963,Healthy,10000000,0,0.8904631527637855
EE87963,Healthy,10000000,1,0.894832076354157
EE87963,Healthy,10000000,2,0.8759696370806469
EE87963,Healthy,10000000,3,0.8885841182980058
EE87963,Healthy,10000000,4,0.8870549166798032
EE87963,Healthy,10000000,5,0.8932036308416252
EE87963,Healthy,10000000,6,0.8848352812276491
EE87963,Healthy,10000000,7,0.8845015705182906
EE87963,Healthy,10000000,8,0.8794678346650062
EE87963,Healthy,10000000,9,0.89368998190419
EE87963,Healthy,10000000,10,0.8819125095903971
EE87963,Healthy,10000000,11,0.881556539309858
EE87963,Healthy,10000000,12,0.8751822425773673
EE87963,Healthy,10000000,13,0.8908203824742927
EE87963,Healthy,10000000,14,0.8850460081737302
EE87963,Healthy,10000000,15,0.8957176326621823
EE87963,Healthy,10000000,16,0.9026685131601747
EE87963,Healthy,10000000,17,0.9019671539550875
EE87963,Healthy,10000000,18,0.8846550396635666
EE87963,Healthy,10000000,19,0.8866243432289231
EE87963,Healthy,5000000,0,0.8068652169423361
EE87963,Healthy,5000000,1,0.7766133277239362
EE87963,Healthy,5000000,2,0.7838560360404961
EE87963,Healthy,5000000,3,0.7771184409202417
EE87963,Healthy,5000000,4,0.8185712455521186
EE87963,Healthy,5000000,5,0.7921110605916509
EE87963,Healthy,5000000,6,0.7901930219742282
EE87963,Healthy,5000000,7,0.8021521507176441
EE87963,Healthy,5000000,8,0.7826824068952469
EE87963,Healthy,5000000,9,0.8098586338119366
EE87963,Healthy,5000000,10,0.8063069565296693
EE87963,Healthy,5000000,11,0.7867185352425347
EE87963,Healthy,5000000,12,0.7873682514836913
EE87963,Healthy,5000000,13,0.7624240029272491
EE87963,Healthy,5000000,14,0.7826389190612422
EE87963,Healthy,5000000,15,0.7879208375351178
EE87963,Healthy,5000000,16,0.8005474992215806
EE87963,Healthy,5000000,17,0.80036562916487
EE87963,Healthy,5000000,18,0.7516828191422145
EE87963,Healthy,5000000,19,0.7936070394135447
EE87963,Healthy,2000000,0,0.6539921927115738
EE87963,Healthy,2000000,1,0.65945180272614
EE87963,Healthy,2000000,2,0.66029894533764
EE87963,Healthy,2000000,3,0.6261569015568687
EE87963,Healthy,2000000,4,0.6279493368720306
EE87963,Healthy,2000000,5,0.660618867961402
EE87963,Healthy,2000000,6,0.6397227796464424
EE87963,Healthy,2000000,7,0.6757471092870695
EE87963,Healthy,2000000,8,0.6475406811340477
EE87963,Healthy,2000000,9,0.6535981976755255
EE87963,Healthy,2000000,10,0.6523432578898254
EE87963,Healthy,2000000,11,0.6600588078029628
EE87963,Healthy,2000000,12,0.6483269509175725
EE87963,Healthy,2000000,13,0.6547963437014248
EE87963,Healthy,2000000,14,0.6282537710719419
EE87963,Healthy,2000000,15,0.6355720155663876
EE87963,Healthy,2000000,16,0.5884325620639764
EE87963,Healthy,2000000,17,0.665405301313911
EE87963,Healthy,2000000,18,0.6553020889848832
EE87963,Healthy,2000000,19,0.6676618820354381
EE87963,Healthy,1000000,0,0.5243873022879334
EE87963,Healthy,1000000,1,0.46522576529802767
EE87963,Healthy,1000000,2,0.5455879545706679
EE87963,Healthy,1000000,3,0.5378932419883536
EE87963,Healthy,1000000,4,0.5441612705474269
EE87963,Healthy,1000000,5,0.5467234908662104
EE87963,Healthy,1000000,6,0.5126511746188621
EE87963,Healthy,1000000,7,0.45199643223246533
EE87963,Healthy,1000000,8,0.5046386233581629
EE87963,Healthy,1000000,9,0.4986240620390619
EE87963,Healthy,1000000,10,0.5445063184870853
EE87963,Healthy,1000000,11,0.5237796774111909
EE87963,Healthy,1000000,12,0.5382806379666117
EE87963,Healthy,1000000,13,0.5328320397534849
EE87963,Healthy,1000000,14,0.4813033701922177
EE87963,Healthy,1000000,15,0.47571293050522
EE87963,Healthy,1000000,16,0.5397184420102469
EE87963,Healthy,1000000,17,0.5040691884085039
EE87963,Healthy,1000000,18,0.49422443595927934
EE87963,Healthy,1000000,19,0.5322678365238159
EE87964,Healthy,20000000,0,0.9567406566863955
EE87964,Healthy,20000000,1,0.9493530324486927
EE87964,Healthy,20000000,2,0.9573835855759849
EE87964,Healthy,20000000,3,0.9457975770635283
EE87964,Healthy,20000000,4,0.9465629685987538
EE87964,Healthy,20000000,5,0.9405310970438301
EE87964,Healthy,20000000,6,0.9535428182823703
EE87964,Healthy,20000000,7,0.9568328293691482
EE87964,Healthy,20000000,8,0.9514645359903385
EE87964,Healthy,20000000,9,0.9539709164244556
EE87964,Healthy,20000000,10,0.9599939941191875
EE87964,Healthy,20000000,11,0.9579984392526654
EE87964,Healthy,20000000,12,0.9565102575493662
EE87964,Healthy,20000000,13,0.9459300060840485
EE87964,Healthy,20000000,14,0.9533952768502609
EE87964,Healthy,20000000,15,0.9524956323827714
EE87964,Healthy,20000000,16,0.9410524752436552
EE87964,Healthy,20000000,17,0.94512937396835
EE87964,Healthy,20000000,18,0.952524424132437
EE87964,Healthy,20000000,19,0.9499432633168357
EE87964,Healthy,10000000,0,0.8807126687722969
EE87964,Healthy,10000000,1,0.8541449510563863
EE87964,Healthy,10000000,2,0.8648982973783874
EE87964,Healthy,10000000,3,0.8770800553472544
EE87964,Healthy,10000000,4,0.8852617508771061
EE87964,Healthy,10000000,5,0.8721699871441906
EE87964,Healthy,10000000,6,0.8539206937118039
EE87964,Healthy,10000000,7,0.8651019892363151
EE87964,Healthy,10000000,8,0.8775082654960286
EE87964,Healthy,10000000,9,0.8714555348467383
EE87964,Healthy,10000000,10,0.8740914639627609
EE87964,Healthy,10000000,11,0.8961291381626174
EE87964,Healthy,10000000,12,0.8638591888022241
EE87964,Healthy,10000000,13,0.8626553419117983
EE87964,Healthy,10000000,14,0.8767053249103353
EE87964,Healthy,10000000,15,0.8500269955231764
EE87964,Healthy,10000000,16,0.8718938457309393
EE87964,Healthy,10000000,17,0.8730724835554816
EE87964,Healthy,10000000,18,0.8560071184669762
EE87964,Healthy,10000000,19,0.8635020277990206
EE87964,Healthy,5000000,0,0.7654950269414598
EE87964,Healthy,5000000,1,0.7515144778126752
EE87964,Healthy,5000000,2,0.7571231693645879
EE87964,Healthy,5000000,3,0.7803483860448736
EE87964,Healthy,5000000,4,0.7814040472601589
EE87964,Healthy,5000000,5,0.7746372044123032
EE87964,Healthy,5000000,6,0.7363505610482803
EE87964,Healthy,5000000,7,0.7478858053398568
EE87964,Healthy,5000000,8,0.7724651335244285
EE87964,Healthy,5000000,9,0.782166532983703
EE87964,Healthy,5000000,10,0.7824978731886278
EE87964,Healthy,5000000,11,0.7920957005204615
EE87964,Healthy,5000000,12,0.7757846130791717
EE87964,Healthy,5000000,13,0.813979867302924
EE87964,Healthy,5000000,14,0.7797371222059953
EE87964,Healthy,5000000,15,0.7509606803711921
EE87964,Healthy,5000000,16,0.7671523917345532
EE87964,Healthy,5000000,17,0.7457769277770034
EE87964,Healthy,5000000,18,0.7671309206172031
EE87964,Healthy,5000000,19,0.7747683233029589
EE87964,Healthy,2000000,0,0.6367955067149609
EE87964,Healthy,2000000,1,0.6252253528932198
EE87964,Healthy,2000000,2,0.6366110754634067
EE87964,Healthy,2000000,3,0.632114109533701
EE87964,Healthy,2000000,4,0.6314532637091931
EE87964,Healthy,2000000,5,0.6225448599265017
EE87964,Healthy,2000000,6,0.644538534769271
EE87964,Healthy,2000000,7,0.6224019434041466
EE87964,Healthy,2000000,8,0.5993493975683918
EE87964,Healthy,2000000,9,0.5970131685455079
EE87964,Healthy,2000000,10,0.6336200229558846
EE87964,Healthy,2000000,11,0.5921697056131443
EE87964,Healthy,2000000,12,0.5977265037456391
EE87964,Healthy,2000000,13,0.5795283409368231
EE87964,Healthy,2000000,14,0.6256261330339425
EE87964,Healthy,2000000,15,0.5788637718838546
EE87964,Healthy,2000000,16,0.5681819151511641
EE87964,Healthy,2000000,17,0.6046437315620027
EE87964,Healthy,2000000,18,0.6298237013307861
EE87964,Healthy,2000000,19,0.5803291769858817
EE87964,Healthy,1000000,0,0.4588341682618
EE87964,Healthy,1000000,1,0.5003924427372803
EE87964,Healthy,1000000,2,0.46677263596313695
EE87964,Healthy,1000000,3,0.47261203819767905
EE87964,Healthy,1000000,4,0.48360715871809
EE87964,Healthy,1000000,5,0.533950493035983
EE87964,Healthy,1000000,6,0.49747723528682797
EE87964,Healthy,1000000,7,0.5008518890182831
EE87964,Healthy,1000000,8,0.4852017473793063
EE87964,Healthy,1000000,9,0.47956935223375563
EE87964,Healthy,1000000,10,0.4778682116070243
EE87964,Healthy,1000000,11,0.5191632569283622
EE87964,Healthy,1000000,12,0.49568406972168105
EE87964,Healthy,1000000,13,0.44084765289177524
EE87964,Healthy,1000000,14,0.48282589430580575
EE87964,Healthy,1000000,15,0.5004490325245219
EE87964,Healthy,1000000,16,0.4752388237637454
EE87964,Healthy,1000000,17,0.530457918256248
EE87964,Healthy,1000000,18,0.48162470322344253
EE87964,Healthy,1000000,19,0.5145964363587329
EE87965,Healthy,20000000,0,0.9340298939134764
EE87965,Healthy,20000000,1,0.9118468278917796
EE87965,Healthy,20000000,2,0.9256428311800319
EE87965,Healthy,20000000,3,0.9410255074057332
EE87965,Healthy,20000000,4,0.9350970777025488
EE87965,Healthy,20000000,5,0.9270792268177561
EE87965,Healthy,20000000,6,0.9334214890676034
EE87965,Healthy,20000000,7,0.9144612750966999
EE87965,Healthy,20000000,8,0.9207944829275349
EE87965,Healthy,20000000,9,0.9304552874550047
EE87965,Healthy,20000000,10,0.9245307661341279
EE87965,Healthy,20000000,11,0.9241427765301445
EE87965,Healthy,20000000,12,0.9244531196056182
EE87965,Healthy,20000000,13,0.9350979896584206
EE87965,Healthy,20000000,14,0.9303421397872017
EE87965,Healthy,20000000,15,0.9368254294986459
EE87965,Healthy,20000000,16,0.9228959549545912
EE87965,Healthy,20000000,17,0.9290419512728952
EE87965,Healthy,20000000,18,0.9316257828164063
EE87965,Healthy,20000000,19,0.9343795638505904
EE87965,Healthy,10000000,0,0.8442858799266789
EE87965,Healthy,10000000,1,0.8313344264535996
EE87965,Healthy,10000000,2,0.8266188845216337
EE87965,Healthy,10000000,3,0.8340932748465636
EE87965,Healthy,10000000,4,0.8349575484541698
EE87965,Healthy,10000000,5,0.8280954848428944
EE87965,Healthy,10000000,6,0.8336230964549671
EE87965,Healthy,10000000,7,0.8219077013029848
EE87965,Healthy,10000000,8,0.8241476929494689
EE87965,Healthy,10000000,9,0.8478690196865217
EE87965,Healthy,10000000,10,0.8391215389646176
EE87965,Healthy,10000000,11,0.8467733047066044
EE87965,Healthy,10000000,12,0.8400173401895046
EE87965,Healthy,10000000,13,0.8208112889714572
EE87965,Healthy,10000000,14,0.8361776151311718
EE87965,Healthy,10000000,15,0.8343421736598485
EE87965,Healthy,10000000,16,0.8362663164582358
EE87965,Healthy,10000000,17,0.8554693250614595
EE87965,Healthy,10000000,18,0.8498939525600557
EE87965,Healthy,10000000,19,0.818625995475168
EE87965,Healthy,5000000,0,0.698512795392278
EE87965,Healthy,5000000,1,0.72612233637431
EE87965,Healthy,5000000,2,0.695297924354137
EE87965,Healthy,5000000,3,0.7277868394345353
EE87965,Healthy,5000000,4,0.7224632879938178
EE87965,Healthy,5000000,5,0.7333499656713754
EE87965,Healthy,5000000,6,0.7083151926036992
EE87965,Healthy,5000000,7,0.7131038403944314
EE87965,Healthy,5000000,8,0.7111187404182547
EE87965,Healthy,5000000,9,0.6919960677113568
EE87965,Healthy,5000000,10,0.7038043541984496
EE87965,Healthy,5000000,11,0.7224185460557258
EE87965,Healthy,5000000,12,0.6956168257098735
EE87965,Healthy,5000000,13,0.7219886357594287
EE87965,Healthy,5000000,14,0.7062067410250559
EE87965,Healthy,5000000,15,0.743614053227414
EE87965,Healthy,5000000,16,0.6925386376160954
EE87965,Healthy,5000000,17,0.69643377533501
EE87965,Healthy,5000000,18,0.7178331459128281
EE87965,Healthy,5000000,19,0.6928625560830479
EE87965,Healthy,2000000,0,0.5727857479012924
EE87965,Healthy,2000000,1,0.5631557492405211
EE87965,Healthy,2000000,2,0.5496106485449753
EE87965,Healthy,2000000,3,0.48187183784354776
EE87965,Healthy,2000000,4,0.5985091442389708
EE87965,Healthy,2000000,5,0.6220054300458193
EE87965,Healthy,2000000,6,0.5624911847654124
EE87965,Healthy,2000000,7,0.5247310568589258
EE87965,Healthy,2000000,8,0.5275790935282108
EE87965,Healthy,2000000,9,0.5527466842422301
EE87965,Healthy,2000000,10,0.5855631292587221
EE87965,Healthy,2000000,11,0.5425411422017385
EE87965,Healthy,2000000,12,0.5671175687158749
EE87965,Healthy,2000000,13,0.5046905640600721
EE87965,Healthy,2000000,14,0.5326529772075579
EE87965,Healthy,2000000,15,0.5784726490908667
EE87965,Healthy,2000000,16,0.52631918530942
EE87965,Healthy,2000000,17,0.5540021544307488
EE87965,Healthy,2000000,18,0.5393219588330733
EE87965,Healthy,2000000,19,0.5455193446619451
EE87965,Healthy,1000000,0,0.4125619258789586
EE87965,Healthy,1000000,1,0.4440795100020831
EE87965,Healthy,1000000,2,0.49828478986009794
EE87965,Healthy,1000000,3,0.43479437774473406
EE87965,Healthy,1000000,4,0.39583251060512153
EE87965,Healthy,1000000,5,0.3846125397635285
EE87965,Healthy,1000000,6,0.4674851037683876
EE87965,Healthy,1000000,7,0.44715775236200245
EE87965,Healthy,1000000,8,0.41353999408564845
EE87965,Healthy,1000000,9,0.4897563227220024
EE87965,Healthy,1000000,10,0.465693037465063
EE87965,Healthy,1000000,11,0.4773820972309098
EE87965,Healthy,1000000,12,0.4312858819064897
EE87965,Healthy,1000000,13,0.40266487276202406
EE87965,Healthy,1000000,14,0.42516281386696664
EE87965,Healthy,1000000,15,0.4313629421889476
EE87965,Healthy,1000000,16,0.4282041917380853
EE87965,Healthy,1000000,17,0.4320086325754104
EE87965,Healthy,1000000,18,0.46207359436829404
EE87965,Healthy,1000000,19,0.3618610488135727
EE87966,Healthy,20000000,0,0.9402203806503809
EE87966,Healthy,20000000,1,0.9438422785347736
EE87966,Healthy,20000000,2,0.9351695781943536
EE87966,Healthy,20000000,3,0.9292781955467599
EE87966,Healthy,20000000,4,0.9436565652354606
EE87966,Healthy,20000000,5,0.934082070817282
EE87966,Healthy,20000000,6,0.9475509425063936
EE87966,Healthy,20000000,7,0.9459643347086498
EE87966,Healthy,20000000,8,0.9433976349075864
EE87966,Healthy,20000000,9,0.9383145384381999
EE87966,Healthy,20000000,10,0.9415911806050438
EE87966,Healthy,20000000,11,0.9383323062973158
EE87966,Healthy,20000000,12,0.9389022135774598
EE87966,Healthy,20000000,13,0.9427830417897265
EE87966,Healthy,20000000,14,0.9368065389841593
EE87966,Healthy,20000000,15,0.9286946915048707
EE87966,Healthy,20000000,16,0.9461015840673493
EE87966,Healthy,20000000,17,0.9419188333218255
EE87966,Healthy,20000000,18,0.9425132982708014
EE87966,Healthy,20000000,19,0.9306821039082521
EE87966,Healthy,10000000,0,0.8520304836237234
EE87966,Healthy,10000000,1,0.8500973325632302
EE87966,Healthy,10000000,2,0.8582356920350377
EE87966,Healthy,10000000,3,0.8396728762069702
EE87966,Healthy,10000000,4,0.8465928025837013
EE87966,Healthy,10000000,5,0.8577586413967817
EE87966,Healthy,10000000,6,0.8332129768714963
EE87966,Healthy,10000000,7,0.8369609799148556
EE87966,Healthy,10000000,8,0.825081131502734
EE87966,Healthy,10000000,9,0.8614321485289501
EE87966,Healthy,10000000,10,0.83398520807576
EE87966,Healthy,10000000,11,0.8412253697203517
EE87966,Healthy,10000000,12,0.8593663219153146
EE87966,Healthy,10000000,13,0.8239680184882128
EE87966,Healthy,10000000,14,0.8463776461376715
EE87966,Healthy,10000000,15,0.8562364753687234
EE87966,Healthy,10000000,16,0.860758799397067
EE87966,Healthy,10000000,17,0.8363512775850367
EE87966,Healthy,10000000,18,0.820814806515534
EE87966,Healthy,10000000,19,0.8668930521158851
EE87966,Healthy,5000000,0,0.7614347990869174
EE87966,Healthy,5000000,1,0.7228938496864478
EE87966,Healthy,5000000,2,0.72173347177692
EE87966,Healthy,5000000,3,0.7241810310573088
EE87966,Healthy,5000000,4,0.7206398647387011
EE87966,Healthy,5000000,5,0.7244405060977448
EE87966,Healthy,5000000,6,0.7141881443131084
EE87966,Healthy,5000000,7,0.7032991861216992
EE87966,Healthy,5000000,8,0.7496651941238971
EE87966,Healthy,5000000,9,0.7066298655553922
EE87966,Healthy,5000000,10,0.7221075039637511
EE87966,Healthy,5000000,11,0.725537186393638
EE87966,Healthy,5000000,12,0.7186574354581943
EE87966,Healthy,5000000,13,0.7154123590118237
EE87966,Healthy,5000000,14,0.734024031340015
EE87966,Healthy,5000000,15,0.7316617311938983
EE87966,Healthy,5000000,16,0.7528227885012396
EE87966,Healthy,5000000,17,0.7077648923658367
EE87966,Healthy,5000000,18,0.7104068285693438
EE87966,Healthy,5000000,19,0.7193208716624186
EE87966,Healthy,2000000,0,0.5747989002657452
EE87966,Healthy,2000000,1,0.5529819418566567
EE87966,Healthy,2000000,2,0.4977007473185995
EE87966,Healthy,2000000,3,0.5881122988451108
EE87966,Healthy,2000000,4,0.4848032482826977
EE87966,Healthy,2000000,5,0.5648332772507622
EE87966,Healthy,2000000,6,0.4841620692280431
EE87966,Healthy,2000000,7,0.5786539054497767
EE87966,Healthy,2000000,8,0.5498613623400482
EE87966,Healthy,2000000,9,0.5012790508466317
EE87966,Healthy,2000000,10,0.5727542996407982
EE87966,Healthy,2000000,11,0.5794108562943477
EE87966,Healthy,2000000,12,0.5045369074014787
EE87966,Healthy,2000000,13,0.5570373375482728
EE87966,Healthy,2000000,14,0.5445621874026171
EE87966,Healthy,2000000,15,0.540395522810623
EE87966,Healthy,2000000,16,0.5617389411614352
EE87966,Healthy,2000000,17,0.5437681584055651
EE87966,Healthy,2000000,18,0.5429976324646186
EE87966,Healthy,2000000,19,0.5672932655852163
EE87966,Healthy,1000000,0,0.4043665885190989
EE87966,Healthy,1000000,1,0.421428122662418
EE87966,Healthy,1000000,2,0.40625284630038333
EE87966,Healthy,1000000,3,0.4568957058905382
EE87966,Healthy,1000000,4,0.43526873652912035
EE87966,Healthy,1000000,5,0.4752058737013594
EE87966,Healthy,1000000,6,0.45709713837181004
EE87966,Healthy,1000000,7,0.40110448951404387
EE87966,Healthy,1000000,8,0.4279007895309165
EE87966,Healthy,1000000,9,0.4624573925190681
EE87966,Healthy,1000000,10,0.5029454146237032
EE87966,Healthy,1000000,11,0.4472633879528651
EE87966,Healthy,1000000,12,0.47722208779918407
EE87966,Healthy,1000000,13,0.4067673981884602
EE87966,Healthy,1000000,14,0.4206312804360383
EE87966,Healthy,1000000,15,0.4625193078188728
EE87966,Healthy,1000000,16,0.4725822272948112
EE87966,Healthy,1000000,17,0.39812117487315346
EE87966,Healthy,1000000,18,0.469608439868313
EE87966,Healthy,1000000,19,0.42045910245903867
EE87967,Healthy,20000000,0,0.9572241235778375
EE87967,Healthy,20000000,1,0.9571915537252746
EE87967,Healthy,20000000,2,0.9577144301383178
EE87967,Healthy,20000000,3,0.9640718047997542
EE87967,Healthy,20000000,4,0.9622340834387512
EE87967,Healthy,20000000,5,0.9619231064864816
EE87967,Healthy,20000000,6,0.9536207905094056
EE87967,Healthy,20000000,7,0.9626083110446977
EE87967,Healthy,20000000,8,0.9569722934778221
EE87967,Healthy,20000000,9,0.9621601498734336
EE87967,Healthy,20000000,10,0.9511828719053755
EE87967,Healthy,20000000,11,0.9670230242801738
EE87967,Healthy,20000000,12,0.9548207290175239
EE87967,Healthy,20000000,13,0.9486858715887965
EE87967,Healthy,20000000,14,0.9610334935335816
EE87967,Healthy,20000000,15,0.9577490844614446
EE87967,Healthy,20000000,16,0.956040730554821
EE87967,Healthy,20000000,17,0.9540095442695951
EE87967,Healthy,20000000,18,0.9407968670407424
EE87967,Healthy,20000000,19,0.9582210867647845
EE87967,Healthy,10000000,0,0.8884061891905576
EE87967,Healthy,10000000,1,0.8956400692565345
EE87967,Healthy,10000000,2,0.8760633079766176
EE87967,Healthy,10000000,3,0.8759194286322785
EE87967,Healthy,10000000,4,0.8822118447434213
EE87967,Healthy,10000000,5,0.8796846196036641
EE87967,Healthy,10000000,6,0.8701647122583807
EE87967,Healthy,10000000,7,0.886379939055292
EE87967,Healthy,10000000,8,0.8744093273936128
EE87967,Healthy,10000000,9,0.8956435216609063
EE87967,Healthy,10000000,10,0.8637923043918542
EE87967,Healthy,10000000,11,0.862119828395961
EE87967,Healthy,10000000,12,0.8612341238253685
EE87967,Healthy,10000000,13,0.85844178008575
EE87967,Healthy,10000000,14,0.8840654601924749
EE87967,Healthy,10000000,15,0.8828595939711901
EE87967,Healthy,10000000,16,0.8907493150560006
EE87967,Healthy,10000000,17,0.8758988302211754
EE87967,Healthy,10000000,18,0.8762580756949432
EE87967,Healthy,10000000,19,0.8827507455239254
EE87967,Healthy,5000000,0,0.8026235277652632
EE87967,Healthy,5000000,1,0.774496567788937
EE87967,Healthy,5000000,2,0.7523566487561789
EE87967,Healthy,5000000,3,0.806953116688327
EE87967,Healthy,5000000,4,0.7957279882469732
EE87967,Healthy,5000000,5,0.7934597781862762
EE87967,Healthy,5000000,6,0.8130962074360883
EE87967,Healthy,5000000,7,0.797719198364733
EE87967,Healthy,5000000,8,0.7858487049876286
EE87967,Healthy,5000000,9,0.80962199444785
EE87967,Healthy,5000000,10,0.7722054015213188
EE87967,Healthy,5000000,11,0.805491016583266
EE87967,Healthy,5000000,12,0.7701389019620685
EE87967,Healthy,5000000,13,0.749352120492821
EE87967,Healthy,5000000,14,0.8085223384978645
EE87967,Healthy,5000000,15,0.7963887328566747
EE87967,Healthy,5000000,16,0.7827284280984171
EE87967,Healthy,5000000,17,0.7834372528762437
EE87967,Healthy,5000000,18,0.8085212505260033
EE87967,Healthy,5000000,19,0.7955507105365871
EE87967,Healthy,2000000,0,0.643592499208187
EE87967,Healthy,2000000,1,0.6432227523129629
EE87967,Healthy,2000000,2,0.658913108394945
EE87967,Healthy,2000000,3,0.6006439418854139
EE87967,Healthy,2000000,4,0.6013175320680779
EE87967,Healthy,2000000,5,0.5832763686537847
EE87967,Healthy,2000000,6,0.5731392285169129
EE87967,Healthy,2000000,7,0.6586450811054468
EE87967,Healthy,2000000,8,0.6022946960091088
EE87967,Healthy,2000000,9,0.6231728820128517
EE87967,Healthy,2000000,10,0.6797908735330681
EE87967,Healthy,2000000,11,0.6107866239977707
EE87967,Healthy,2000000,12,0.5767822736878024
EE87967,Healthy,2000000,13,0.6151608328946835
EE87967,Healthy,2000000,14,0.6468051455485783
EE87967,Healthy,2000000,15,0.6337607008668203
EE87967,Healthy,2000000,16,0.6433907300988431
EE87967,Healthy,2000000,17,0.6134135528867294
EE87967,Healthy,2000000,18,0.5537270639204472
EE87967,Healthy,2000000,19,0.6508169602103387
EE87967,Healthy,1000000,0,0.5459328101691083
EE87967,Healthy,1000000,1,0.4604457478177849
EE87967,Healthy,1000000,2,0.5250530457167303
EE87967,Healthy,1000000,3,0.49130395224387985
EE87967,Healthy,1000000,4,0.4762181993419519
EE87967,Healthy,1000000,5,0.5201419498675711
EE87967,Healthy,1000000,6,0.4259189508492743
EE87967,Healthy,1000000,7,0.44293222220169837
EE87967,Healthy,1000000,8,0.4938356177991517
EE87967,Healthy,1000000,9,0.4966461598715787
EE87967,Healthy,1000000,10,0.45564369085324574
EE87967,Healthy,1000000,11,0.5130898355113078
EE87967,Healthy,1000000,12,0.4778219468462583
EE87967,Healthy,1000000,13,0.5534048843263673
EE87967,Healthy,1000000,14,0.4406673466710843
EE87967,Healthy,1000000,15,0.49932143942653756
EE87967,Healthy,1000000,16,0.486589402827635
EE87967,Healthy,1000000,17,0.46613245038614176
EE87967,Healthy,1000000,18,0.5173075011789998
EE87967,Healthy,1000000,19,0.46758306628629276
EE87968,Healthy,20000000,0,0.9577025095722798
EE87968,Healthy,20000000,1,0.960617120538419
EE87968,Healthy,20000000,2,0.9576191307497192
EE87968,Healthy,20000000,3,0.9504820989576345
EE87968,Healthy,20000000,4,0.9626550813529778
EE87968,Healthy,20000000,5,0.9644386064793162
EE87968,Healthy,20000000,6,0.9554740151202286
EE87968,Healthy,20000000,7,0.9587728200671981
EE87968,Healthy,20000000,8,0.9589199706610769
EE87968,Healthy,20000000,9,0.9608681689619729
EE87968,Healthy,20000000,10,0.9609648362843791
EE87968,Healthy,20000000,11,0.9547479679668988
EE87968,Healthy,20000000,12,0.9617882021571665
EE87968,Healthy,20000000,13,0.9580048229437677
EE87968,Healthy,20000000,14,0.9520720940200449
EE87968,Healthy,20000000,15,0.9618633733768814
EE87968,Healthy,20000000,16,0.9499317987287335
EE87968,Healthy,20000000,17,0.9603335674020071
EE87968,Healthy,20000000,18,0.9576209546614626
EE87968,Healthy,20000000,19,0.955895990130032
EE87968,Healthy,10000000,0,0.8899176764406623
EE87968,Healthy,10000000,1,0.9041344170843207
EE87968,Healthy,10000000,2,0.9073032505250792
EE87968,Healthy,10000000,3,0.8874077133227634
EE87968,Healthy,10000000,4,0.888413730928723
EE87968,Healthy,10000000,5,0.889857291934011
EE87968,Healthy,10000000,6,0.8926014322918364
EE87968,Healthy,10000000,7,0.8855408093738643
EE87968,Healthy,10000000,8,0.8923293257051916
EE87968,Healthy,10000000,9,0.8994008596389318
EE87968,Healthy,10000000,10,0.8891589291553597
EE87968,Healthy,10000000,11,0.9119560671772752
EE87968,Healthy,10000000,12,0.8877352791302466
EE87968,Healthy,10000000,13,0.9004647717960711
EE87968,Healthy,10000000,14,0.8794878468768746
EE87968,Healthy,10000000,15,0.8962805228373293
EE87968,Healthy,10000000,16,0.9041951272894978
EE87968,Healthy,10000000,17,0.8949147386399613
EE87968,Healthy,10000000,18,0.8910304580233228
EE87968,Healthy,10000000,19,0.8888561598059359
EE87968,Healthy,5000000,0,0.7920188227691931
EE87968,Healthy,5000000,1,0.7912026874036747
EE87968,Healthy,5000000,2,0.8286227907644731
EE87968,Healthy,5000000,3,0.8087311957956229
EE87968,Healthy,5000000,4,0.7937650879841998
EE87968,Healthy,5000000,5,0.8070548906239213
EE87968,Healthy,5000000,6,0.8135394312381925
EE87968,Healthy,5000000,7,0.8096334070812533
EE87968,Healthy,5000000,8,0.8295304339216317
EE87968,Healthy,5000000,9,0.8093984807270665
EE87968,Healthy,5000000,10,0.7957851483391518
EE87968,Healthy,5000000,11,0.8046106534684939
EE87968,Healthy,5000000,12,0.8082046847206467
EE87968,Healthy,5000000,13,0.7747347185508761
EE87968,Healthy,5000000,14,0.8113034131137857
EE87968,Healthy,5000000,15,0.8012777153160383
EE87968,Healthy,5000000,16,0.8111917055784167
EE87968,Healthy,5000000,17,0.7922473912280072
EE87968,Healthy,5000000,18,0.7691335507262427
EE87968,Healthy,5000000,19,0.7947572567180948
EE87968,Healthy,2000000,0,0.6407638712491487
EE87968,Healthy,2000000,1,0.6028644078886926
EE87968,Healthy,2000000,2,0.6000506428662248
EE87968,Healthy,2000000,3,0.6069401906173859
EE87968,Healthy,2000000,4,0.6616883211949021
EE87968,Healthy,2000000,5,0.6452804749779175
EE87968,Healthy,2000000,6,0.6317486020245071
EE87968,Healthy,2000000,7,0.658349129576376
EE87968,Healthy,2000000,8,0.6432932671982904
EE87968,Healthy,2000000,9,0.6748412765180902
EE87968,Healthy,2000000,10,0.7062420467469589
EE87968,Healthy,2000000,11,0.6611389434094718
EE87968,Healthy,2000000,12,0.6592868478562439
EE87968,Healthy,2000000,13,0.6458521084974831
EE87968,Healthy,2000000,14,0.6205808999405422
EE87968,Healthy,2000000,15,0.7041464257240097
EE87968,Healthy,2000000,16,0.6227896853805664
EE87968,Healthy,2000000,17,0.6523753512190588
EE87968,Healthy,2000000,18,0.6551777266101759
EE87968,Healthy,2000000,19,0.6282586342111988
EE87968,Healthy,1000000,0,0.5365938697655223
EE87968,Healthy,1000000,1,0.5120279118511895
EE87968,Healthy,1000000,2,0.518113090160496
EE87968,Healthy,1000000,3,0.5117555194587488
EE87968,Healthy,1000000,4,0.5359556388142422
EE87968,Healthy,1000000,5,0.4282328811893502
EE87968,Healthy,1000000,6,0.5488880300941599
EE87968,Healthy,1000000,7,0.5338233685980943
EE87968,Healthy,1000000,8,0.5675589229101395
EE87968,Healthy,1000000,9,0.5209353658703828
EE87968,Healthy,1000000,10,0.48552720910354236
EE87968,Healthy,1000000,11,0.4463195923986739
EE87968,Healthy,1000000,12,0.5468235838992284
EE87968,Healthy,1000000,13,0.5255423203757263
EE87968,Healthy,1000000,14,0.5450202264494028
EE87968,Healthy,1000000,15,0.5353255056995989
EE87968,Healthy,1000000,16,0.5008338372161828
EE87968,Healthy,1000000,17,0.495103812464319
EE87968,Healthy,1000000,18,0.49280603376259774
EE87968,Healthy,1000000,19,0.5197733867678723
EE87969,Healthy,20000000,0,0.9493109521991817
EE87969,Healthy,20000000,1,0.9406679555642988
EE87969,Healthy,20000000,2,0.9464924222981029
EE87969,Healthy,20000000,3,0.9470564670047854
EE87969,Healthy,20000000,4,0.9462384425878182
EE87969,Healthy,20000000,5,0.9490219924672446
EE87969,Healthy,20000000,6,0.9414388839744601
EE87969,Healthy,20000000,7,0.9492859385524135
EE87969,Healthy,20000000,8,0.948394566827475
EE87969,Healthy,20000000,9,0.9480085489349009
EE87969,Healthy,20000000,10,0.9498674407000695
EE87969,Healthy,20000000,11,0.9539438183071234
EE87969,Healthy,20000000,12,0.9480716693091673
EE87969,Healthy,20000000,13,0.948998281614579
EE87969,Healthy,20000000,14,0.948707302551783
EE87969,Healthy,20000000,15,0.9525328271543982
EE87969,Healthy,20000000,16,0.9505930970151685
EE87969,Healthy,20000000,17,0.948154396734677
EE87969,Healthy,20000000,18,0.9536470418105712
EE87969,Healthy,20000000,19,0.9459449882162273
EE87969,Healthy,10000000,0,0.8726350052958581
EE87969,Healthy,10000000,1,0.8410779448683593
EE87969,Healthy,10000000,2,0.8701479062144583
EE87969,Healthy,10000000,3,0.866671465291611
EE87969,Healthy,10000000,4,0.8704900199457777
EE87969,Healthy,10000000,5,0.8862976676077183
EE87969,Healthy,10000000,6,0.8803028605450108
EE87969,Healthy,10000000,7,0.871734448872497
EE87969,Healthy,10000000,8,0.8405258344156162
EE87969,Healthy,10000000,9,0.8761161362774743
EE87969,Healthy,10000000,10,0.8695217323891833
EE87969,Healthy,10000000,11,0.8799985929823693
EE87969,Healthy,10000000,12,0.8799940332030105
EE87969,Healthy,10000000,13,0.8507046161903434
EE87969,Healthy,10000000,14,0.8698647722476451
EE87969,Healthy,10000000,15,0.8625737870009811
EE87969,Healthy,10000000,16,0.8737177574744555
EE87969,Healthy,10000000,17,0.8784239057506636
EE87969,Healthy,10000000,18,0.8732010693333995
EE87969,Healthy,10000000,19,0.8434782127228267
EE87969,Healthy,5000000,0,0.7672973075039852
EE87969,Healthy,5000000,1,0.8090029066802545
EE87969,Healthy,5000000,2,0.7687978332058415
EE87969,Healthy,5000000,3,0.7709979919219926
EE87969,Healthy,5000000,4,0.7280902601810103
EE87969,Healthy,5000000,5,0.7902525596647131
EE87969,Healthy,5000000,6,0.7406604560515591
EE87969,Healthy,5000000,7,0.7664518592573922
EE87969,Healthy,5000000,8,0.7453274433793868
EE87969,Healthy,5000000,9,0.7702829533671848
EE87969,Healthy,5000000,10,0.7398466090223704
EE87969,Healthy,5000000,11,0.7918906732952399
EE87969,Healthy,5000000,12,0.7676507229798994
EE87969,Healthy,5000000,13,0.7740347272795967
EE87969,Healthy,5000000,14,0.7602146144906736
EE87969,Healthy,5000000,15,0.7377312091123155
EE87969,Healthy,5000000,16,0.7318742907914605
EE87969,Healthy,5000000,17,0.7714319400818938
EE87969,Healthy,5000000,18,0.7480396327560159
EE87969,Healthy,5000000,19,0.746024654075596
EE87969,Healthy,2000000,0,0.5951737077372765
EE87969,Healthy,2000000,1,0.593788319958876
EE87969,Healthy,2000000,2,0.563531773251484
EE87969,Healthy,2000000,3,0.6444886587452338
EE87969,Healthy,2000000,4,0.6279745682841225
EE87969,Healthy,2000000,5,0.6128161791925674
EE87969,Healthy,2000000,6,0.5683526511380883
EE87969,Healthy,2000000,7,0.610575936820997
EE87969,Healthy,2000000,8,0.6169814952907988
EE87969,Healthy,2000000,9,0.5849055534499149
EE87969,Healthy,2000000,10,0.6115666367176009
EE87969,Healthy,2000000,11,0.5431160210816849
EE87969,Healthy,2000000,12,0.5980499190345996
EE87969,Healthy,2000000,13,0.6095505825656132
EE87969,Healthy,2000000,14,0.631158206543502
EE87969,Healthy,2000000,15,0.6104355408632227
EE87969,Healthy,2000000,16,0.5572532175310037
EE87969,Healthy,2000000,17,0.5990067659802997
EE87969,Healthy,2000000,18,0.5920264693914875
EE87969,Healthy,2000000,19,0.5704253500954113
EE87969,Healthy,1000000,0,0.4770171038494408
EE87969,Healthy,1000000,1,0.498912272617007
EE87969,Healthy,1000000,2,0.5221836707315283
EE87969,Healthy,1000000,3,0.43881706801198794
EE87969,Healthy,1000000,4,0.4741646544603007
EE87969,Healthy,1000000,5,0.46788477820571434
EE87969,Healthy,1000000,6,0.4851076599943929
EE87969,Healthy,1000000,7,0.4406937685543375
EE87969,Healthy,1000000,8,0.4843981986457659
EE87969,Healthy,1000000,9,0.4768604087533923
EE87969,Healthy,1000000,10,0.4511058451803931
EE87969,Healthy,1000000,11,0.4861131250139278
EE87969,Healthy,1000000,12,0.48245048933272877
EE87969,Healthy,1000000,13,0.4909290742944171
EE87969,Healthy,1000000,14,0.46062072809659954
EE87969,Healthy,1000000,15,0.4316060436041063
EE87969,Healthy,1000000,16,0.4953844443177139
EE87969,Healthy,1000000,17,0.5048824251763359
EE87969,Healthy,1000000,18,0.4426790785616111
EE87969,Healthy,1000000,19,0.4566903603705157
EE87970,Healthy,20000000,0,0.9679893066660068
EE87970,Healthy,20000000,1,0.9650554794868555
EE87970,Healthy,20000000,2,0.9547087538644131
EE87970,Healthy,20000000,3,0.9567366180246776
EE87970,Healthy,20000000,4,0.9508548934900681
EE87970,Healthy,20000000,5,0.9515120879750802
EE87970,Healthy,20000000,6,0.9590264089392522
EE87970,Healthy,20000000,7,0.9599652831421912
EE87970,Healthy,20000000,8,0.9601829644037568
EE87970,Healthy,20000000,9,0.9586284053409347
EE87970,Healthy,20000000,10,0.9585752513415523
EE87970,Healthy,20000000,11,0.954120477187424
EE87970,Healthy,20000000,12,0.9550176618985109
EE87970,Healthy,20000000,13,0.9524817576255797
EE87970,Healthy,20000000,14,0.9562024724426478
EE87970,Healthy,20000000,15,0.9498803383616843
EE87970,Healthy,20000000,16,0.9578967717722427
EE87970,Healthy,20000000,17,0.9591546038789394
EE87970,Healthy,20000000,18,0.9643556667692998
EE87970,Healthy,20000000,19,0.9612317136562788
EE87970,Healthy,10000000,0,0.8945168653210542
EE87970,Healthy,10000000,1,0.8919074338734283
EE87970,Healthy,10000000,2,0.8815332336511267
EE87970,Healthy,10000000,3,0.8832271773272138
EE87970,Healthy,10000000,4,0.8821899578024991
EE87970,Healthy,10000000,5,0.8774984659599443
EE87970,Healthy,10000000,6,0.9064972947480463
EE87970,Healthy,10000000,7,0.8931642538892356
EE87970,Healthy,10000000,8,0.873670205489714
EE87970,Healthy,10000000,9,0.8792492401331139
EE87970,Healthy,10000000,10,0.884084658232888
EE87970,Healthy,10000000,11,0.8951667641590921
EE87970,Healthy,10000000,12,0.9128550602477133
EE87970,Healthy,10000000,13,0.9041054299155399
EE87970,Healthy,10000000,14,0.8929511022289505
EE87970,Healthy,10000000,15,0.8919458662994526
EE87970,Healthy,10000000,16,0.9088162031108119
EE87970,Healthy,10000000,17,0.8814668419359001
EE87970,Healthy,10000000,18,0.8795291962672344
EE87970,Healthy,10000000,19,0.8764237911047824
EE87970,Healthy,5000000,0,0.751793621780633
EE87970,Healthy,5000000,1,0.7706183902841915
EE87970,Healthy,5000000,2,0.7981808890231276
EE87970,Healthy,5000000,3,0.7665844386455632
EE87970,Healthy,5000000,4,0.784620971597786
EE87970,Healthy,5000000,5,0.7956415804267172
EE87970,Healthy,5000000,6,0.7644802757702491
EE87970,Healthy,5000000,7,0.8417376146621661
EE87970,Healthy,5000000,8,0.7901213160259524
EE87970,Healthy,5000000,9,0.7608396377711278
EE87970,Healthy,5000000,10,0.83073898439935
EE87970,Healthy,5000000,11,0.814263504902529
EE87970,Healthy,5000000,12,0.8005496488318498
EE87970,Healthy,5000000,13,0.7802407426786475
EE87970,Healthy,5000000,14,0.7954745426044469
EE87970,Healthy,5000000,15,0.7793832110025922
EE87970,Healthy,5000000,16,0.79831672487985
EE87970,Healthy,5000000,17,0.7992314817589284
EE87970,Healthy,5000000,18,0.7760981377877083
EE87970,Healthy,5000000,19,0.7741156959330676
EE87970,Healthy,2000000,0,0.6043918688839315
EE87970,Healthy,2000000,1,0.625679814336188
EE87970,Healthy,2000000,2,0.6174623666728585
EE87970,Healthy,2000000,3,0.6273246183028994
EE87970,Healthy,2000000,4,0.651807201957243
EE87970,Healthy,2000000,5,0.6355694796750766
EE87970,Healthy,2000000,6,0.6320670700584249
EE87970,Healthy,2000000,7,0.6215963729429332
EE87970,Healthy,2000000,8,0.6442073308359217
EE87970,Healthy,2000000,9,0.652580259486951
EE87970,Healthy,2000000,10,0.6618408348031439
EE87970,Healthy,2000000,11,0.6402909895135844
EE87970,Healthy,2000000,12,0.6160675976878598
EE87970,Healthy,2000000,13,0.6444417907251062
EE87970,Healthy,2000000,14,0.6470877752578341
EE87970,Healthy,2000000,15,0.6376077752846694
EE87970,Healthy,2000000,16,0.6207761236399828
EE87970,Healthy,2000000,17,0.5991928278053292
EE87970,Healthy,2000000,18,0.6353859500721416
EE87970,Healthy,2000000,19,0.6814616529545959
EE87970,Healthy,1000000,0,0.5364268991755529
EE87970,Healthy,1000000,1,0.5440286104058603
EE87970,Healthy,1000000,2,0.49142820739061044
EE87970,Healthy,1000000,3,0.5410903620120381
EE87970,Healthy,1000000,4,0.48916604249242196
EE87970,Healthy,1000000,5,0.48100936331271815
EE87970,Healthy,1000000,6,0.5178612600358743
EE87970,Healthy,1000000,7,0.4778293076338965
EE87970,Healthy,1000000,8,0.5018132535840889
EE87970,Healthy,1000000,9,0.5219375346899654
EE87970,Healthy,1000000,10,0.40662466935897856
EE87970,Healthy,1000000,11,0.5315465576775145
EE87970,Healthy,1000000,12,0.5241365639987757
EE87970,Healthy,1000000,13,0.5291054988470968
EE87970,Healthy,1000000,14,0.5162590269595878
EE87970,Healthy,1000000,15,0.5283228464302145
EE87970,Healthy,1000000,16,0.5107018603722804
EE87970,Healthy,1000000,17,0.5093947112799243
EE87970,Healthy,1000000,18,0.5443099517290403
EE87970,Healthy,1000000,19,0.5140758043537235
EE87988,Healthy,20000000,0,0.936916820504937
EE87988,Healthy,20000000,1,0.9298522240649522
EE87988,Healthy,20000000,2,0.9356268589243351
EE87988,Healthy,20000000,3,0.9385805537135494
EE87988,Healthy,20000000,4,0.9351058715627407
EE87988,Healthy,20000000,5,0.9418487429991103
EE87988,Healthy,20000000,6,0.9361225069406357
EE87988,Healthy,20000000,7,0.9474336258974623
EE87988,Healthy,20000000,8,0.9336031637051987
EE87988,Healthy,20000000,9,0.9454083021856977
EE87988,Healthy,20000000,10,0.9328430636773687
EE87988,Healthy,20000000,11,0.9379303943166911
EE87988,Healthy,20000000,12,0.9440191328341895
EE87988,Healthy,20000000,13,0.9409910485017217
EE87988,Healthy,20000000,14,0.9414175832908839
EE87988,Healthy,20000000,15,0.9432089251818376
EE87988,Healthy,20000000,16,0.9420994657241386
EE87988,Healthy,20000000,17,0.9300086896366639
EE87988,Healthy,20000000,18,0.9364603865911221
EE87988,Healthy,20000000,19,0.9442619085151925
EE87988,Healthy,10000000,0,0.8431846280718259
EE87988,Healthy,10000000,1,0.8660102136779413
EE87988,Healthy,10000000,2,0.8303688470663031
EE87988,Healthy,10000000,3,0.8569705998454887
EE87988,Healthy,10000000,4,0.8508287724683128
EE87988,Healthy,10000000,5,0.843090058949643
EE87988,Healthy,10000000,6,0.8175190113082368
EE87988,Healthy,10000000,7,0.8272666606933561
EE87988,Healthy,10000000,8,0.8419463874170936
EE87988,Healthy,10000000,9,0.8563504047129881
EE87988,Healthy,10000000,10,0.821102202894548
EE87988,Healthy,10000000,11,0.8207894020305351
EE87988,Healthy,10000000,12,0.862895902842827
EE87988,Healthy,10000000,13,0.8409068365571003
EE87988,Healthy,10000000,14,0.8492789686039649
EE87988,Healthy,10000000,15,0.8469626796221291
EE87988,Healthy,10000000,16,0.8599338701713566
EE87988,Healthy,10000000,17,0.8401313346734742
EE87988,Healthy,10000000,18,0.8240575261763907
EE87988,Healthy,10000000,19,0.8359558795749245
EE87988,Healthy,5000000,0,0.7114772042213984
EE87988,Healthy,5000000,1,0.6929113031512956
EE87988,Healthy,5000000,2,0.7143375096569613
EE87988,Healthy,5000000,3,0.7184887979249096
EE87988,Healthy,5000000,4,0.7028468005331034
EE87988,Healthy,5000000,5,0.7241861119543086
EE87988,Healthy,5000000,6,0.7169630422874435
EE87988,Healthy,5000000,7,0.7162298739882139
EE87988,Healthy,5000000,8,0.7368723952260414
EE87988,Healthy,5000000,9,0.7380883581016207
EE87988,Healthy,5000000,10,0.7305551910898523
EE87988,Healthy,5000000,11,0.7317601453748881
EE87988,Healthy,5000000,12,0.7009871270914733
EE87988,Healthy,5000000,13,0.7424100639282707
EE87988,Healthy,5000000,14,0.721156532070714
EE87988,Healthy,5000000,15,0.7043590839272991
EE87988,Healthy,5000000,16,0.703396581438796
EE87988,Healthy,5000000,17,0.7410061609133108
EE87988,Healthy,5000000,18,0.6865878110353796
EE87988,Healthy,5000000,19,0.7025458894181482
EE87988,Healthy,2000000,0,0.5389194129948129
EE87988,Healthy,2000000,1,0.4803733482503287
EE87988,Healthy,2000000,2,0.5913299364057318
EE87988,Healthy,2000000,3,0.5392073718610311
EE87988,Healthy,2000000,4,0.5439134465231334
EE87988,Healthy,2000000,5,0.529277374786462
EE87988,Healthy,2000000,6,0.5487734167699261
EE87988,Healthy,2000000,7,0.5660320348953448
EE87988,Healthy,2000000,8,0.5532428443989719
EE87988,Healthy,2000000,9,0.576088754413032
EE87988,Healthy,2000000,10,0.5583156082755844
EE87988,Healthy,2000000,11,0.5762711047400273
EE87988,Healthy,2000000,12,0.592851653208315
EE87988,Healthy,2000000,13,0.5910635549253809
EE87988,Healthy,2000000,14,0.558402104716088
EE87988,Healthy,2000000,15,0.5172919788249705
EE87988,Healthy,2000000,16,0.566780178579534
EE87988,Healthy,2000000,17,0.5677705116425908
EE87988,Healthy,2000000,18,0.5579927251323553
EE87988,Healthy,2000000,19,0.6087031347444992
EE87988,Healthy,1000000,0,0.46174778301446057
EE87988,Healthy,1000000,1,0.45335632288059646
EE87988,Healthy,1000000,2,0.4218877656033343
EE87988,Healthy,1000000,3,0.46512403448288386
EE87988,Healthy,1000000,4,0.5102435782339079
EE87988,Healthy,1000000,5,0.4394683953360929
EE87988,Healthy,1000000,6,0.44476562665903097
EE87988,Healthy,1000000,7,0.45880904195394306
EE87988,Healthy,1000000,8,0.4313721409384478
EE87988,Healthy,1000000,9,0.489992373767787
EE87988,Healthy,1000000,10,0.42595213742291244
EE87988,Healthy,1000000,11,0.44654342351271586
EE87988,Healthy,1000000,12,0.4111051222384161
EE87988,Healthy,1000000,13,0.4484647740016578
EE87988,Healthy,1000000,14,0.4332828033636125
EE87988,Healthy,1000000,15,0.43401093243160527
EE87988,Healthy,1000000,16,0.5105046672038746
EE87988,Healthy,1000000,17,0.5151815129815062
EE87988,Healthy,1000000,18,0.4294740115547937
EE87988,Healthy,1000000,19,0.4391880347197386
EE87989,Healthy,20000000,0,0.9500256650438196
EE87989,Healthy,20000000,1,0.9479383934724804
EE87989,Healthy,20000000,2,0.9522445839592174
EE87989,Healthy,20000000,3,0.9492750602216574
EE87989,Healthy,20000000,4,0.9481162248674733
EE87989,Healthy,20000000,5,0.9531727596175519
EE87989,Healthy,20000000,6,0.9506460555954357
EE87989,Healthy,20000000,7,0.9514343111671603
EE87989,Healthy,20000000,8,0.9464554880852967
EE87989,Healthy,20000000,9,0.9557691631241526
EE87989,Healthy,20000000,10,0.9455652888750503
EE87989,Healthy,20000000,11,0.9486794878976943
EE87989,Healthy,20000000,12,0.9527543021518252
EE87989,Healthy,20000000,13,0.9463435129321858
EE87989,Healthy,20000000,14,0.9540965709156429
EE87989,Healthy,20000000,15,0.9553079895689838
EE87989,Healthy,20000000,16,0.952231360599077
EE87989,Healthy,20000000,17,0.9465897410175605
EE87989,Healthy,20000000,18,0.9592334880618464
EE87989,Healthy,20000000,19,0.9543347868172871
EE87989,Healthy,10000000,0,0.8723865440974072
EE87989,Healthy,10000000,1,0.8529835752347893
EE87989,Healthy,10000000,2,0.8569793285659756
EE87989,Healthy,10000000,3,0.8659545376969989
EE87989,Healthy,10000000,4,0.8663039470752925
EE87989,Healthy,10000000,5,0.8756202277023534
EE87989,Healthy,10000000,6,0.8646255063736842
EE87989,Healthy,10000000,7,0.8543796029344134
EE87989,Healthy,10000000,8,0.8910282432733485
EE87989,Healthy,10000000,9,0.8723184914686529
EE87989,Healthy,10000000,10,0.8624775897018946
EE87989,Healthy,10000000,11,0.8738526618037707
EE87989,Healthy,10000000,12,0.8544700819848331
EE87989,Healthy,10000000,13,0.8741738656897449
EE87989,Healthy,10000000,14,0.8684289996756044
EE87989,Healthy,10000000,15,0.880355753985573
EE87989,Healthy,10000000,16,0.8802594775013974
EE87989,Healthy,10000000,17,0.8572837357205833
EE87989,Healthy,10000000,18,0.8727349763857982
EE87989,Healthy,10000000,19,0.8696780025443246
EE87989,Healthy,5000000,0,0.747511207286267
EE87989,Healthy,5000000,1,0.7642147337579803
EE87989,Healthy,5000000,2,0.7438238682244572
EE87989,Healthy,5000000,3,0.769954844667124
EE87989,Healthy,5000000,4,0.7460272066730941
EE87989,Healthy,5000000,5,0.7759727637864929
EE87989,Healthy,5000000,6,0.7998303892330321
EE87989,Healthy,5000000,7,0.7580904816560077
EE87989,Healthy,5000000,8,0.7658329017692093
EE87989,Healthy,5000000,9,0.7495838346308702
EE87989,Healthy,5000000,10,0.7732903233223976
EE87989,Healthy,5000000,11,0.76342131970437
EE87989,Healthy,5000000,12,0.7632979901029664
EE87989,Healthy,5000000,13,0.7242236324244609
EE87989,Healthy,5000000,14,0.7801936665347643
EE87989,Healthy,5000000,15,0.745382323581849
EE87989,Healthy,5000000,16,0.7655999171422951
EE87989,Healthy,5000000,17,0.7533612536227652
EE87989,Healthy,5000000,18,0.7493311455077707
EE87989,Healthy,5000000,19,0.7570906523220351
EE87989,Healthy,2000000,0,0.6456326423025384
EE87989,Healthy,2000000,1,0.6346126543847708
EE87989,Healthy,2000000,2,0.6092640556228008
EE87989,Healthy,2000000,3,0.6043451440304021
EE87989,Healthy,2000000,4,0.5945951007477703
EE87989,Healthy,2000000,5,0.6266371766184021
EE87989,Healthy,2000000,6,0.6124575651448374
EE87989,Healthy,2000000,7,0.596749590438156
EE87989,Healthy,2000000,8,0.61302986738874
EE87989,Healthy,2000000,9,0.5549318573544681
EE87989,Healthy,2000000,10,0.6184610886969004
EE87989,Healthy,2000000,11,0.5816302827734339
EE87989,Healthy,2000000,12,0.6221434712125411
EE87989,Healthy,2000000,13,0.6548934995826947
EE87989,Healthy,2000000,14,0.5886920365094394
EE87989,Healthy,2000000,15,0.5912993703025637
EE87989,Healthy,2000000,16,0.5632823858863493
EE87989,Healthy,2000000,17,0.6028442243967204
EE87989,Healthy,2000000,18,0.6183873304051085
EE87989,Healthy,2000000,19,0.6113853755199153
EE87989,Healthy,1000000,0,0.43296975326622034
EE87989,Healthy,1000000,1,0.49187338824993265
EE87989,Healthy,1000000,2,0.4678129367210715
EE87989,Healthy,1000000,3,0.47440832499857444
EE87989,Healthy,1000000,4,0.5141746622408184
EE87989,Healthy,1000000,5,0.5043377104560328
EE87989,Healthy,1000000,6,0.4799110308604401
EE87989,Healthy,1000000,7,0.4575770021884901
EE87989,Healthy,1000000,8,0.47610229717336866
EE87989,Healthy,1000000,9,0.5070634005331512
EE87989,Healthy,1000000,10,0.4965244541821147
EE87989,Healthy,1000000,11,0.5131547538883185
EE87989,Healthy,1000000,12,0.47916004684327496
EE87989,Healthy,1000000,13,0.43451583892415396
EE87989,Healthy,1000000,14,0.46308055674595255
EE87989,Healthy,1000000,15,0.5186644724790194
EE87989,Healthy,1000000,16,0.45424226469947504
EE87989,Healthy,1000000,17,0.5045854124301469
EE87989,Healthy,1000000,18,0.5087594024291163
EE87989,Healthy,1000000,19,0.5145766487428874
EE87990,Healthy,20000000,0,0.9278272260517132
EE87990,Healthy,20000000,1,0.9433985468634581
EE87990,Healthy,20000000,2,0.9354916288964943
EE87990,Healthy,20000000,3,0.9309044257218458
EE87990,Healthy,20000000,4,0.9155122390991961
EE87990,Healthy,20000000,5,0.9278248810223286
EE87990,Healthy,20000000,6,0.9355632174324275
EE87990,Healthy,20000000,7,0.929448553312289
EE87990,Healthy,20000000,8,0.9313994223410951
EE87990,Healthy,20000000,9,0.9313204730184829
EE87990,Healthy,20000000,10,0.9307853503408762
EE87990,Healthy,20000000,11,0.9330913610420268
EE87990,Healthy,20000000,12,0.9143406363628075
EE87990,Healthy,20000000,13,0.9349315577118247
EE87990,Healthy,20000000,14,0.9313992269219796
EE87990,Healthy,20000000,15,0.9317109855507107
EE87990,Healthy,20000000,16,0.9331010668580906
EE87990,Healthy,20000000,17,0.9341287108461518
EE87990,Healthy,20000000,18,0.9376045655116528
EE87990,Healthy,20000000,19,0.9362086216308118
EE87990,Healthy,10000000,0,0.8366073417658854
EE87990,Healthy,10000000,1,0.8538786134622927
EE87990,Healthy,10000000,2,0.8472637879139759
EE87990,Healthy,10000000,3,0.8463783388843503
EE87990,Healthy,10000000,4,0.8384144474654793
EE87990,Healthy,10000000,5,0.8720662053907016
EE87990,Healthy,10000000,6,0.8569663006249504
EE87990,Healthy,10000000,7,0.8471910080887562
EE87990,Healthy,10000000,8,0.850098961055885
EE87990,Healthy,10000000,9,0.8703456519628819
EE87990,Healthy,10000000,10,0.8557806928519597
EE87990,Healthy,10000000,11,0.8591512166142727
EE87990,Healthy,10000000,12,0.8372842735815504
EE87990,Healthy,10000000,13,0.8475618859768547
EE87990,Healthy,10000000,14,0.847521415451943
EE87990,Healthy,10000000,15,0.8627266839383515
EE87990,Healthy,10000000,16,0.8414269445411454
EE87990,Healthy,10000000,17,0.8448899479302499
EE87990,Healthy,10000000,18,0.8706563357915377
EE87990,Healthy,10000000,19,0.8553016693889908
EE87990,Healthy,5000000,0,0.7491264561838826
EE87990,Healthy,5000000,1,0.758912654803087
EE87990,Healthy,5000000,2,0.7360043229314615
EE87990,Healthy,5000000,3,0.7561864278197746
EE87990,Healthy,5000000,4,0.7595930592341394
EE87990,Healthy,5000000,5,0.7204166074981013
EE87990,Healthy,5000000,6,0.7376506964354691
EE87990,Healthy,5000000,7,0.748524695578133
EE87990,Healthy,5000000,8,0.751001807985145
EE87990,Healthy,5000000,9,0.7631221981784333
EE87990,Healthy,5000000,10,0.7570128024603533
EE87990,Healthy,5000000,11,0.7652227381413614
EE87990,Healthy,5000000,12,0.7402691823447491
EE87990,Healthy,5000000,13,0.7609047696889573
EE87990,Healthy,5000000,14,0.7445343712607787
EE87990,Healthy,5000000,15,0.7665090068670278
EE87990,Healthy,5000000,16,0.7282902390757457
EE87990,Healthy,5000000,17,0.7522295366873334
EE87990,Healthy,5000000,18,0.7463544564026469
EE87990,Healthy,5000000,19,0.7285743784695036
EE87990,Healthy,2000000,0,0.6011391144012114
EE87990,Healthy,2000000,1,0.5571441303915993
EE87990,Healthy,2000000,2,0.5904273583387636
EE87990,Healthy,2000000,3,0.6369570932339493
EE87990,Healthy,2000000,4,0.5508711109332108
EE87990,Healthy,2000000,5,0.5881386612731007
EE87990,Healthy,2000000,6,0.6221413845666715
EE87990,Healthy,2000000,7,0.6089741768128409
EE87990,Healthy,2000000,8,0.5926547551759863
EE87990,Healthy,2000000,9,0.6132460912877326
EE87990,Healthy,2000000,10,0.5683983792133205
EE87990,Healthy,2000000,11,0.5347877943826125
EE87990,Healthy,2000000,12,0.6209819303097622
EE87990,Healthy,2000000,13,0.5776035970928611
EE87990,Healthy,2000000,14,0.5764683842140701
EE87990,Healthy,2000000,15,0.5816968366106264
EE87990,Healthy,2000000,16,0.5976164240008911
EE87990,Healthy,2000000,17,0.5733717961641578
EE87990,Healthy,2000000,18,0.5777911343130797
EE87990,Healthy,2000000,19,0.6077224720121958
EE87990,Healthy,1000000,0,0.4904716041737681
EE87990,Healthy,1000000,1,0.4720367567794415
EE87990,Healthy,1000000,2,0.4825506340764904
EE87990,Healthy,1000000,3,0.42158200663813616
EE87990,Healthy,1000000,4,0.49693255390177304
EE87990,Healthy,1000000,5,0.48564692799233355
EE87990,Healthy,1000000,6,0.5152629776034321
EE87990,Healthy,1000000,7,0.4551344108343288
EE87990,Healthy,1000000,8,0.4574294681791589
EE87990,Healthy,1000000,9,0.4226383448727339
EE87990,Healthy,1000000,10,0.4054062790701865
EE87990,Healthy,1000000,11,0.46443926837026095
EE87990,Healthy,1000000,12,0.47001465708792356
EE87990,Healthy,1000000,13,0.4706092236974891
EE87990,Healthy,1000000,14,0.4756079441012722
EE87990,Healthy,1000000,15,0.4242512181046321
EE87990,Healthy,1000000,16,0.4593635491504458
EE87990,Healthy,1000000,17,0.419421510785784
EE87990,Healthy,1000000,18,0.4286352957373338
EE87990,Healthy,1000000,19,0.493059215820011
