sample_id,group,fragment_length,count
EE87811,Breast cancer,82,1
EE87811,Breast cancer,83,24
EE87811,Breast cancer,84,276
EE87811,Breast cancer,85,324
EE87811,Breast cancer,86,422
EE87811,Breast cancer,87,388
EE87811,Breast cancer,88,445
EE87811,Breast cancer,89,579
EE87811,Breast cancer,90,513
EE87811,Breast cancer,91,543
EE87811,Breast cancer,92,609
EE87811,Breast cancer,93,642
EE87811,Breast cancer,94,689
EE87811,Breast cancer,95,716
EE87811,Breast cancer,96,762
EE87811,Breast cancer,97,802
EE87811,Breast cancer,98,888
EE87811,Breast cancer,99,10455
EE87811,Breast cancer,100,12447
EE87811,Breast cancer,101,14462
EE87811,Breast cancer,102,15650
EE87811,Breast cancer,103,16035
EE87811,Breast cancer,104,15755
EE87811,Breast cancer,105,16054
EE87811,Breast cancer,106,17414
EE87811,Breast cancer,107,19372
EE87811,Breast cancer,108,22375
EE87811,Breast cancer,109,26335
EE87811,Breast cancer,110,31988
EE87811,Breast cancer,111,38140
EE87811,Breast cancer,112,39320
EE87811,Breast cancer,113,35753
EE87811,Breast cancer,114,32751
EE87811,Breast cancer,115,33559
EE87811,Breast cancer,116,36025
EE87811,Breast cancer,117,40304
EE87811,Breast cancer,118,45136
EE87811,Breast cancer,119,52153
EE87811,Breast cancer,120,64615
EE87811,Breast cancer,121,82420
EE87811,Breast cancer,122,97261
EE87811,Breast cancer,123,94764
EE87811,Breast cancer,124,76875
EE87811,Breast cancer,125,64419
EE87811,Breast cancer,126,63223
EE87811,Breast cancer,127,66662
EE87811,Breast cancer,128,73864
EE87811,Breast cancer,129,83198
EE87811,Breast cancer,130,98383
EE87811,Breast cancer,131,123281
EE87811,Breast cancer,132,157726
EE87811,Breast cancer,133,192919
EE87811,Breast cancer,134,200009
EE87811,Breast cancer,135,179140
EE87811,Breast cancer,136,161814
EE87811,Breast cancer,137,168146
EE87811,Breast cancer,138,194755
EE87811,Breast cancer,139,233581
EE87811,Breast cancer,140,276514
EE87811,Breast cancer,141,308505
EE87811,Breast cancer,142,319028
EE87811,Breast cancer,143,320564
EE87811,Breast cancer,144,326172
EE87811,Breast cancer,145,330114
EE87811,Breast cancer,146,329662
EE87811,Breast cancer,147,333195
EE87811,Breast cancer,148,351676
EE87811,Breast cancer,149,375457
EE87811,Breast cancer,150,402438
EE87811,Breast cancer,151,429604
EE87811,Breast cancer,152,451473
EE87811,Breast cancer,153,455410
EE87811,Breast cancer,154,445607
EE87811,Breast cancer,155,452800
EE87811,Breast cancer,156,478118
EE87811,Breast cancer,157,522286
EE87811,Breast cancer,158,572087
EE87811,Breast cancer,159,622384
EE87811,Breast cancer,160,661210
EE87811,Breast cancer,161,688508
EE87811,Breast cancer,162,722578
EE87811,Breast cancer,163,790585
EE87811,Breast cancer,164,893107
EE87811,Breast cancer,165,985575
EE87811,Breast cancer,166,1012753
EE87811,Breast cancer,167,987338
EE87811,Breast cancer,168,946050
EE87811,Breast cancer,169,897277
EE87811,Breast cancer,170,844160
EE87811,Breast cancer,171,793824
EE87811,Breast cancer,172,756965
EE87811,Breast cancer,173,739772
EE87811,Breast cancer,174,736207
EE87811,Breast cancer,175,728630
EE87811,Breast cancer,176,712039
EE87811,Breast cancer,177,674070
EE87811,Breast cancer,178,624074
EE87811,Breast cancer,179,568653
EE87811,Breast cancer,180,513897
EE87811,Breast cancer,181,467387
EE87811,Breast cancer,182,428911
EE87811,Breast cancer,183,397282
EE87811,Breast cancer,184,373361
EE87811,Breast cancer,185,354867
EE87811,Breast cancer,186,339124
EE87811,Breast cancer,187,323201
EE87811,Breast cancer,188,305406
EE87811,Breast cancer,189,281759
EE87811,Breast cancer,190,256600
EE87811,Breast cancer,191,232730
EE87811,Breast cancer,192,209545
EE87811,Breast cancer,193,190297
EE87811,Breast cancer,194,173298
EE87811,Breast cancer,195,161010
EE87811,Breast cancer,196,149445
EE87811,Breast cancer,197,141109
EE87811,Breast cancer,198,131685
EE87811,Breast cancer,199,123164
EE87811,Breast cancer,200,112458
EE87811,Breast cancer,201,103373
EE87811,Breast cancer,202,94168
EE87811,Breast cancer,203,85311
EE87811,Breast cancer,204,77599
EE87811,Breast cancer,205,70524
EE87811,Breast cancer,206,65380
EE87811,Breast cancer,207,60368
EE87811,Breast cancer,208,56628
EE87811,Breast cancer,209,52966
EE87811,Breast cancer,210,48919
EE87811,Breast cancer,211,45534
EE87811,Breast cancer,212,41397
EE87811,Breast cancer,213,37443
EE87811,Breast cancer,214,34394
EE87811,Breast cancer,215,31857
EE87811,Breast cancer,216,29039
EE87811,Breast cancer,217,27118
EE87811,Breast cancer,218,25425
EE87811,Breast cancer,219,23214
EE87811,Breast cancer,220,21966
EE87811,Breast cancer,221,20697
EE87811,Breast cancer,222,19237
EE87811,Breast cancer,223,17511
EE87811,Breast cancer,224,16233
EE87811,Breast cancer,225,14979
EE87811,Breast cancer,226,13697
EE87811,Breast cancer,227,12829
EE87811,Breast cancer,228,12123
EE87811,Breast cancer,229,11289
EE87811,Breast cancer,230,10839
EE87811,Breast cancer,231,10238
EE87811,Breast cancer,232,9736
EE87811,Breast cancer,233,8970
EE87811,Breast cancer,234,8362
EE87811,Breast cancer,235,7910
EE87811,Breast cancer,236,7204
EE87811,Breast cancer,237,6937
EE87811,Breast cancer,238,6641
EE87811,Breast cancer,239,6507
EE87811,Breast cancer,240,6317
EE87811,Breast cancer,241,6009
EE87811,Breast cancer,242,6074
EE87811,Breast cancer,243,5844
EE87811,Breast cancer,244,5495
EE87811,Breast cancer,245,5362
EE87811,Breast cancer,246,4714
EE87811,Breast cancer,247,4377
EE87811,Breast cancer,248,1879
EE87811,Breast cancer,249,1727
EE87811,Breast cancer,250,1694
EE87811,Breast cancer,251,1478
EE87812,Breast cancer,94,124
EE87812,Breast cancer,95,123
EE87812,Breast cancer,96,137
EE87812,Breast cancer,97,273
EE87812,Breast cancer,98,351
EE87812,Breast cancer,99,6201
EE87812,Breast cancer,100,7613
EE87812,Breast cancer,101,7791
EE87812,Breast cancer,102,8744
EE87812,Breast cancer,103,9027
EE87812,Breast cancer,104,9152
EE87812,Breast cancer,105,9649
EE87812,Breast cancer,106,10551
EE87812,Breast cancer,107,11707
EE87812,Breast cancer,108,12989
EE87812,Breast cancer,109,14403
EE87812,Breast cancer,110,17095
EE87812,Breast cancer,111,19172
EE87812,Breast cancer,112,19762
EE87812,Breast cancer,113,18177
EE87812,Breast cancer,114,17063
EE87812,Breast cancer,115,17529
EE87812,Breast cancer,116,18863
EE87812,Breast cancer,117,21029
EE87812,Breast cancer,118,23543
EE87812,Breast cancer,119,27262
EE87812,Breast cancer,120,34324
EE87812,Breast cancer,121,44615
EE87812,Breast cancer,122,53375
EE87812,Breast cancer,123,52075
EE87812,Breast cancer,124,42413
EE87812,Breast cancer,125,33956
EE87812,Breast cancer,126,32344
EE87812,Breast cancer,127,34514
EE87812,Breast cancer,128,38371
EE87812,Breast cancer,129,44604
EE87812,Breast cancer,130,55495
EE87812,Breast cancer,131,73119
EE87812,Breast cancer,132,101450
EE87812,Breast cancer,133,130768
EE87812,Breast cancer,134,138068
EE87812,Breast cancer,135,118640
EE87812,Breast cancer,136,103789
EE87812,Breast cancer,137,110923
EE87812,Breast cancer,138,137488
EE87812,Breast cancer,139,179458
EE87812,Breast cancer,140,228441
EE87812,Breast cancer,141,267584
EE87812,Breast cancer,142,281281
EE87812,Breast cancer,143,279445
EE87812,Breast cancer,144,283481
EE87812,Breast cancer,145,290831
EE87812,Breast cancer,146,288771
EE87812,Breast cancer,147,297145
EE87812,Breast cancer,148,319969
EE87812,Breast cancer,149,352940
EE87812,Breast cancer,150,392398
EE87812,Breast cancer,151,434863
EE87812,Breast cancer,152,475852
EE87812,Breast cancer,153,479433
EE87812,Breast cancer,154,461217
EE87812,Breast cancer,155,459302
EE87812,Breast cancer,156,487118
EE87812,Breast cancer,157,542429
EE87812,Breast cancer,158,615757
EE87812,Breast cancer,159,695474
EE87812,Breast cancer,160,758285
EE87812,Breast cancer,161,801832
EE87812,Breast cancer,162,842676
EE87812,Breast cancer,163,926362
EE87812,Breast cancer,164,1054512
EE87812,Breast cancer,165,1173835
EE87812,Breast cancer,166,1229821
EE87812,Breast cancer,167,1235201
EE87812,Breast cancer,168,1216788
EE87812,Breast cancer,169,1177470
EE87812,Breast cancer,170,1117628
EE87812,Breast cancer,171,1055328
EE87812,Breast cancer,172,998565
EE87812,Breast cancer,173,976605
EE87812,Breast cancer,174,969640
EE87812,Breast cancer,175,965752
EE87812,Breast cancer,176,947481
EE87812,Breast cancer,177,904319
EE87812,Breast cancer,178,840818
EE87812,Breast cancer,179,772467
EE87812,Breast cancer,180,704039
EE87812,Breast cancer,181,639730
EE87812,Breast cancer,182,583803
EE87812,Breast cancer,183,539275
EE87812,Breast cancer,184,503794
EE87812,Breast cancer,185,477648
EE87812,Breast cancer,186,456753
EE87812,Breast cancer,187,436375
EE87812,Breast cancer,188,413098
EE87812,Breast cancer,189,386060
EE87812,Breast cancer,190,356464
EE87812,Breast cancer,191,324779
EE87812,Breast cancer,192,293697
EE87812,Breast cancer,193,267481
EE87812,Breast cancer,194,245338
EE87812,Breast cancer,195,227286
EE87812,Breast cancer,196,213940
EE87812,Breast cancer,197,202703
EE87812,Breast cancer,198,192615
EE87812,Breast cancer,199,182866
EE87812,Breast cancer,200,172026
EE87812,Breast cancer,201,159298
EE87812,Breast cancer,202,146206
EE87812,Breast cancer,203,134284
EE87812,Breast cancer,204,122624
EE87812,Breast cancer,205,112924
EE87812,Breast cancer,206,104973
EE87812,Breast cancer,207,98393
EE87812,Breast cancer,208,93185
EE87812,Breast cancer,209,88064
EE87812,Breast cancer,210,83204
EE87812,Breast cancer,211,77798
EE87812,Breast cancer,212,71829
EE87812,Breast cancer,213,66126
EE87812,Breast cancer,214,60055
EE87812,Breast cancer,215,55079
EE87812,Breast cancer,216,51828
EE87812,Breast cancer,217,47686
EE87812,Breast cancer,218,44702
EE87812,Breast cancer,219,42201
EE87812,Breast cancer,220,39246
EE87812,Breast cancer,221,37363
EE87812,Breast cancer,222,34615
EE87812,Breast cancer,223,31887
EE87812,Breast cancer,224,29193
EE87812,Breast cancer,225,26714
EE87812,Breast cancer,226,24690
EE87812,Breast cancer,227,22851
EE87812,Breast cancer,228,21367
EE87812,Breast cancer,229,20258
EE87812,Breast cancer,230,19231
EE87812,Breast cancer,231,17884
EE87812,Breast cancer,232,16738
EE87812,Breast cancer,233,15496
EE87812,Breast cancer,234,14722
EE87812,Breast cancer,235,13306
EE87812,Breast cancer,236,11961
EE87812,Breast cancer,237,11199
EE87812,Breast cancer,238,10553
EE87812,Breast cancer,239,10027
EE87812,Breast cancer,240,9155
EE87812,Breast cancer,241,8907
EE87812,Breast cancer,242,8278
EE87812,Breast cancer,243,7939
EE87812,Breast cancer,244,7360
EE87812,Breast cancer,245,2707
EE87812,Breast cancer,246,2678
EE87812,Breast cancer,247,2516
EE87812,Breast cancer,248,2307
EE87813,Breast cancer,90,7
EE87813,Breast cancer,91,8
EE87813,Breast cancer,92,10
EE87813,Breast cancer,93,10
EE87813,Breast cancer,94,164
EE87813,Breast cancer,95,209
EE87813,Breast cancer,96,229
EE87813,Breast cancer,97,272
EE87813,Breast cancer,98,659
EE87813,Breast cancer,99,5665
EE87813,Breast cancer,100,6581
EE87813,Breast cancer,101,7124
EE87813,Breast cancer,102,7613
EE87813,Breast cancer,103,7795
EE87813,Breast cancer,104,7700
EE87813,Breast cancer,105,7836
EE87813,Breast cancer,106,8767
EE87813,Breast cancer,107,9912
EE87813,Breast cancer,108,10782
EE87813,Breast cancer,109,12681
EE87813,Breast cancer,110,15138
EE87813,Breast cancer,111,17678
EE87813,Breast cancer,112,18235
EE87813,Breast cancer,113,16415
EE87813,Breast cancer,114,15521
EE87813,Breast cancer,115,15978
EE87813,Breast cancer,116,17207
EE87813,Breast cancer,117,19490
EE87813,Breast cancer,118,21664
EE87813,Breast cancer,119,25458
EE87813,Breast cancer,120,32335
EE87813,Breast cancer,121,43453
EE87813,Breast cancer,122,52170
EE87813,Breast cancer,123,51540
EE87813,Breast cancer,124,41580
EE87813,Breast cancer,125,33176
EE87813,Breast cancer,126,32092
EE87813,Breast cancer,127,35058
EE87813,Breast cancer,128,39589
EE87813,Breast cancer,129,45799
EE87813,Breast cancer,130,57266
EE87813,Breast cancer,131,75911
EE87813,Breast cancer,132,103701
EE87813,Breast cancer,133,131999
EE87813,Breast cancer,134,138645
EE87813,Breast cancer,135,121673
EE87813,Breast cancer,136,107316
EE87813,Breast cancer,137,111576
EE87813,Breast cancer,138,133841
EE87813,Breast cancer,139,170607
EE87813,Breast cancer,140,212899
EE87813,Breast cancer,141,246533
EE87813,Breast cancer,142,259777
EE87813,Breast cancer,143,258237
EE87813,Breast cancer,144,261491
EE87813,Breast cancer,145,265960
EE87813,Breast cancer,146,264922
EE87813,Breast cancer,147,270093
EE87813,Breast cancer,148,286169
EE87813,Breast cancer,149,311296
EE87813,Breast cancer,150,341584
EE87813,Breast cancer,151,376213
EE87813,Breast cancer,152,406959
EE87813,Breast cancer,153,409207
EE87813,Breast cancer,154,398133
EE87813,Breast cancer,155,401515
EE87813,Breast cancer,156,429351
EE87813,Breast cancer,157,476427
EE87813,Breast cancer,158,537874
EE87813,Breast cancer,159,598710
EE87813,Breast cancer,160,646376
EE87813,Breast cancer,161,681534
EE87813,Breast cancer,162,721122
EE87813,Breast cancer,163,791582
EE87813,Breast cancer,164,901035
EE87813,Breast cancer,165,1001346
EE87813,Breast cancer,166,1044333
EE87813,Breast cancer,167,1043574
EE87813,Breast cancer,168,1023019
EE87813,Breast cancer,169,982639
EE87813,Breast cancer,170,930912
EE87813,Breast cancer,171,877169
EE87813,Breast cancer,172,830911
EE87813,Breast cancer,173,810652
EE87813,Breast cancer,174,806033
EE87813,Breast cancer,175,799314
EE87813,Breast cancer,176,782273
EE87813,Breast cancer,177,745421
EE87813,Breast cancer,178,693477
EE87813,Breast cancer,179,636080
EE87813,Breast cancer,180,580094
EE87813,Breast cancer,181,526133
EE87813,Breast cancer,182,480636
EE87813,Breast cancer,183,445120
EE87813,Breast cancer,184,417623
EE87813,Breast cancer,185,397595
EE87813,Breast cancer,186,380942
EE87813,Breast cancer,187,363850
EE87813,Breast cancer,188,345229
EE87813,Breast cancer,189,323230
EE87813,Breast cancer,190,298080
EE87813,Breast cancer,191,271674
EE87813,Breast cancer,192,247577
EE87813,Breast cancer,193,225294
EE87813,Breast cancer,194,208152
EE87813,Breast cancer,195,193673
EE87813,Breast cancer,196,183748
EE87813,Breast cancer,197,172664
EE87813,Breast cancer,198,165424
EE87813,Breast cancer,199,157728
EE87813,Breast cancer,200,148139
EE87813,Breast cancer,201,138427
EE87813,Breast cancer,202,127466
EE87813,Breast cancer,203,116781
EE87813,Breast cancer,204,108211
EE87813,Breast cancer,205,100343
EE87813,Breast cancer,206,93301
EE87813,Breast cancer,207,88850
EE87813,Breast cancer,208,83786
EE87813,Breast cancer,209,79159
EE87813,Breast cancer,210,74847
EE87813,Breast cancer,211,70167
EE87813,Breast cancer,212,65439
EE87813,Breast cancer,213,60286
EE87813,Breast cancer,214,55363
EE87813,Breast cancer,215,51276
EE87813,Breast cancer,216,47495
EE87813,Breast cancer,217,44138
EE87813,Breast cancer,218,41501
EE87813,Breast cancer,219,39144
EE87813,Breast cancer,220,36398
EE87813,Breast cancer,221,34985
EE87813,Breast cancer,222,32353
EE87813,Breast cancer,223,29919
EE87813,Breast cancer,224,27660
EE87813,Breast cancer,225,25553
EE87813,Breast cancer,226,23374
EE87813,Breast cancer,227,22075
EE87813,Breast cancer,228,20623
EE87813,Breast cancer,229,19634
EE87813,Breast cancer,230,18264
EE87813,Breast cancer,231,17105
EE87813,Breast cancer,232,15958
EE87813,Breast cancer,233,14894
EE87813,Breast cancer,234,13874
EE87813,Breast cancer,235,12701
EE87813,Breast cancer,236,12108
EE87813,Breast cancer,237,11164
EE87813,Breast cancer,238,10509
EE87813,Breast cancer,239,9445
EE87813,Breast cancer,240,8935
EE87813,Breast cancer,241,8389
EE87813,Breast cancer,242,8094
EE87813,Breast cancer,243,7652
EE87813,Breast cancer,244,7154
EE87813,Breast cancer,245,6746
EE87813,Breast cancer,246,6503
EE87813,Breast cancer,247,6300
EE87813,Breast cancer,248,5871
EE87813,Breast cancer,249,262
EE87813,Breast cancer,250,274
EE87813,Breast cancer,251,259
EE87814,Breast cancer,96,219
EE87814,Breast cancer,97,269
EE87814,Breast cancer,98,314
EE87814,Breast cancer,99,4267
EE87814,Breast cancer,100,6216
EE87814,Breast cancer,101,8456
EE87814,Breast cancer,102,8778
EE87814,Breast cancer,103,9109
EE87814,Breast cancer,104,9324
EE87814,Breast cancer,105,9534
EE87814,Breast cancer,106,10457
EE87814,Breast cancer,107,11936
EE87814,Breast cancer,108,12988
EE87814,Breast cancer,109,15087
EE87814,Breast cancer,110,17863
EE87814,Breast cancer,111,20175
EE87814,Breast cancer,112,20423
EE87814,Breast cancer,113,18652
EE87814,Breast cancer,114,17701
EE87814,Breast cancer,115,18364
EE87814,Breast cancer,116,19975
EE87814,Breast cancer,117,22391
EE87814,Breast cancer,118,25173
EE87814,Breast cancer,119,28932
EE87814,Breast cancer,120,36365
EE87814,Breast cancer,121,48369
EE87814,Breast cancer,122,58000
EE87814,Breast cancer,123,57487
EE87814,Breast cancer,124,45809
EE87814,Breast cancer,125,37013
EE87814,Breast cancer,126,35056
EE87814,Breast cancer,127,37832
EE87814,Breast cancer,128,42500
EE87814,Breast cancer,129,49579
EE87814,Breast cancer,130,61370
EE87814,Breast cancer,131,82589
EE87814,Breast cancer,132,113540
EE87814,Breast cancer,133,145247
EE87814,Breast cancer,134,152578
EE87814,Breast cancer,135,133137
EE87814,Breast cancer,136,117157
EE87814,Breast cancer,137,124617
EE87814,Breast cancer,138,153527
EE87814,Breast cancer,139,197367
EE87814,Breast cancer,140,249496
EE87814,Breast cancer,141,290730
EE87814,Breast cancer,142,304723
EE87814,Breast cancer,143,303999
EE87814,Breast cancer,144,305377
EE87814,Breast cancer,145,309612
EE87814,Breast cancer,146,306638
EE87814,Breast cancer,147,313751
EE87814,Breast cancer,148,338784
EE87814,Breast cancer,149,371659
EE87814,Breast cancer,150,411411
EE87814,Breast cancer,151,456820
EE87814,Breast cancer,152,498062
EE87814,Breast cancer,153,501893
EE87814,Breast cancer,154,481820
EE87814,Breast cancer,155,482619
EE87814,Breast cancer,156,513196
EE87814,Breast cancer,157,573174
EE87814,Breast cancer,158,653048
EE87814,Breast cancer,159,733711
EE87814,Breast cancer,160,798568
EE87814,Breast cancer,161,842831
EE87814,Breast cancer,162,887931
EE87814,Breast cancer,163,977859
EE87814,Breast cancer,164,1117893
EE87814,Breast cancer,165,1243835
EE87814,Breast cancer,166,1292050
EE87814,Breast cancer,167,1285101
EE87814,Breast cancer,168,1252932
EE87814,Breast cancer,169,1198883
EE87814,Breast cancer,170,1127230
EE87814,Breast cancer,171,1050948
EE87814,Breast cancer,172,990101
EE87814,Breast cancer,173,955773
EE87814,Breast cancer,174,939684
EE87814,Breast cancer,175,928103
EE87814,Breast cancer,176,901342
EE87814,Breast cancer,177,855760
EE87814,Breast cancer,178,795163
EE87814,Breast cancer,179,725863
EE87814,Breast cancer,180,659329
EE87814,Breast cancer,181,595539
EE87814,Breast cancer,182,540647
EE87814,Breast cancer,183,495135
EE87814,Breast cancer,184,459353
EE87814,Breast cancer,185,435468
EE87814,Breast cancer,186,413973
EE87814,Breast cancer,187,394671
EE87814,Breast cancer,188,375457
EE87814,Breast cancer,189,350417
EE87814,Breast cancer,190,322392
EE87814,Breast cancer,191,294836
EE87814,Breast cancer,192,266271
EE87814,Breast cancer,193,242382
EE87814,Breast cancer,194,221472
EE87814,Breast cancer,195,205585
EE87814,Breast cancer,196,193326
EE87814,Breast cancer,197,185102
EE87814,Breast cancer,198,176386
EE87814,Breast cancer,199,168697
EE87814,Breast cancer,200,159131
EE87814,Breast cancer,201,148691
EE87814,Breast cancer,202,136137
EE87814,Breast cancer,203,125372
EE87814,Breast cancer,204,114354
EE87814,Breast cancer,205,106268
EE87814,Breast cancer,206,98925
EE87814,Breast cancer,207,93105
EE87814,Breast cancer,208,88019
EE87814,Breast cancer,209,84280
EE87814,Breast cancer,210,79026
EE87814,Breast cancer,211,74129
EE87814,Breast cancer,212,68599
EE87814,Breast cancer,213,63027
EE87814,Breast cancer,214,57533
EE87814,Breast cancer,215,52769
EE87814,Breast cancer,216,48709
EE87814,Breast cancer,217,45291
EE87814,Breast cancer,218,42603
EE87814,Breast cancer,219,40309
EE87814,Breast cancer,220,37908
EE87814,Breast cancer,221,35292
EE87814,Breast cancer,222,33021
EE87814,Breast cancer,223,29940
EE87814,Breast cancer,224,27400
EE87814,Breast cancer,225,25016
EE87814,Breast cancer,226,22932
EE87814,Breast cancer,227,21383
EE87814,Breast cancer,228,19830
EE87814,Breast cancer,229,18723
EE87814,Breast cancer,230,17419
EE87814,Breast cancer,231,16443
EE87814,Breast cancer,232,15433
EE87814,Breast cancer,233,14330
EE87814,Breast cancer,234,13146
EE87814,Breast cancer,235,11055
EE87814,Breast cancer,236,10723
EE87814,Breast cancer,237,9725
EE87814,Breast cancer,238,9091
EE87814,Breast cancer,239,8828
EE87814,Breast cancer,240,8224
EE87814,Breast cancer,241,6512
EE87814,Breast cancer,242,6315
EE87814,Breast cancer,243,5785
EE87815,Breast cancer,86,113
EE87815,Breast cancer,87,135
EE87815,Breast cancer,88,542
EE87815,Breast cancer,89,663
EE87815,Breast cancer,90,729
EE87815,Breast cancer,91,784
EE87815,Breast cancer,92,822
EE87815,Breast cancer,93,910
EE87815,Breast cancer,94,948
EE87815,Breast cancer,95,1036
EE87815,Breast cancer,96,1129
EE87815,Breast cancer,97,1153
EE87815,Breast cancer,98,1191
EE87815,Breast cancer,99,13186
EE87815,Breast cancer,100,16458
EE87815,Breast cancer,101,18320
EE87815,Breast cancer,102,19201
EE87815,Breast cancer,103,19143
EE87815,Breast cancer,104,18531
EE87815,Breast cancer,105,17944
EE87815,Breast cancer,106,19100
EE87815,Breast cancer,107,21471
EE87815,Breast cancer,108,24751
EE87815,Breast cancer,109,30187
EE87815,Breast cancer,110,38037
EE87815,Breast cancer,111,45897
EE87815,Breast cancer,112,47345
EE87815,Breast cancer,113,41417
EE87815,Breast cancer,114,37025
EE87815,Breast cancer,115,36887
EE87815,Breast cancer,116,39381
EE87815,Breast cancer,117,43387
EE87815,Breast cancer,118,48882
EE87815,Breast cancer,119,58847
EE87815,Breast cancer,120,74537
EE87815,Breast cancer,121,98150
EE87815,Breast cancer,122,115913
EE87815,Breast cancer,123,113011
EE87815,Breast cancer,124,88096
EE87815,Breast cancer,125,69517
EE87815,Breast cancer,126,64420
EE87815,Breast cancer,127,68998
EE87815,Breast cancer,128,76131
EE87815,Breast cancer,129,86908
EE87815,Breast cancer,130,105754
EE87815,Breast cancer,131,134383
EE87815,Breast cancer,132,177215
EE87815,Breast cancer,133,219746
EE87815,Breast cancer,134,227660
EE87815,Breast cancer,135,196343
EE87815,Breast cancer,136,169482
EE87815,Breast cancer,137,173762
EE87815,Breast cancer,138,203621
EE87815,Breast cancer,139,253500
EE87815,Breast cancer,140,313593
EE87815,Breast cancer,141,362004
EE87815,Breast cancer,142,377560
EE87815,Breast cancer,143,374599
EE87815,Breast cancer,144,372412
EE87815,Breast cancer,145,374603
EE87815,Breast cancer,146,365636
EE87815,Breast cancer,147,362871
EE87815,Breast cancer,148,378515
EE87815,Breast cancer,149,405332
EE87815,Breast cancer,150,436487
EE87815,Breast cancer,151,476111
EE87815,Breast cancer,152,510138
EE87815,Breast cancer,153,512550
EE87815,Breast cancer,154,492736
EE87815,Breast cancer,155,488233
EE87815,Breast cancer,156,510097
EE87815,Breast cancer,157,555582
EE87815,Breast cancer,158,616450
EE87815,Breast cancer,159,684118
EE87815,Breast cancer,160,738202
EE87815,Breast cancer,161,774318
EE87815,Breast cancer,162,815887
EE87815,Breast cancer,163,891798
EE87815,Breast cancer,164,1002739
EE87815,Breast cancer,165,1106174
EE87815,Breast cancer,166,1146959
EE87815,Breast cancer,167,1145676
EE87815,Breast cancer,168,1117285
EE87815,Breast cancer,169,1076538
EE87815,Breast cancer,170,1019438
EE87815,Breast cancer,171,953960
EE87815,Breast cancer,172,903676
EE87815,Breast cancer,173,875316
EE87815,Breast cancer,174,862768
EE87815,Breast cancer,175,851536
EE87815,Breast cancer,176,828761
EE87815,Breast cancer,177,783124
EE87815,Breast cancer,178,720629
EE87815,Breast cancer,179,656201
EE87815,Breast cancer,180,590833
EE87815,Breast cancer,181,535643
EE87815,Breast cancer,182,486912
EE87815,Breast cancer,183,446699
EE87815,Breast cancer,184,416357
EE87815,Breast cancer,185,393243
EE87815,Breast cancer,186,374093
EE87815,Breast cancer,187,355334
EE87815,Breast cancer,188,333829
EE87815,Breast cancer,189,308652
EE87815,Breast cancer,190,281677
EE87815,Breast cancer,191,255224
EE87815,Breast cancer,192,230452
EE87815,Breast cancer,193,207623
EE87815,Breast cancer,194,191091
EE87815,Breast cancer,195,175788
EE87815,Breast cancer,196,165413
EE87815,Breast cancer,197,155962
EE87815,Breast cancer,198,147375
EE87815,Breast cancer,199,138844
EE87815,Breast cancer,200,129750
EE87815,Breast cancer,201,118745
EE87815,Breast cancer,202,107763
EE87815,Breast cancer,203,97920
EE87815,Breast cancer,204,89643
EE87815,Breast cancer,205,82472
EE87815,Breast cancer,206,76882
EE87815,Breast cancer,207,71110
EE87815,Breast cancer,208,66533
EE87815,Breast cancer,209,63088
EE87815,Breast cancer,210,58986
EE87815,Breast cancer,211,54950
EE87815,Breast cancer,212,49978
EE87815,Breast cancer,213,45986
EE87815,Breast cancer,214,41879
EE87815,Breast cancer,215,38721
EE87815,Breast cancer,216,35500
EE87815,Breast cancer,217,32847
EE87815,Breast cancer,218,30597
EE87815,Breast cancer,219,28922
EE87815,Breast cancer,220,26515
EE87815,Breast cancer,221,24978
EE87815,Breast cancer,222,23150
EE87815,Breast cancer,223,21232
EE87815,Breast cancer,224,19161
EE87815,Breast cancer,225,17870
EE87815,Breast cancer,226,16351
EE87815,Breast cancer,227,14882
EE87815,Breast cancer,228,13991
EE87815,Breast cancer,229,13216
EE87815,Breast cancer,230,12481
EE87815,Breast cancer,231,11414
EE87815,Breast cancer,232,10708
EE87815,Breast cancer,233,9949
EE87815,Breast cancer,234,9137
EE87815,Breast cancer,235,8398
EE87815,Breast cancer,236,8006
EE87815,Breast cancer,237,7361
EE87815,Breast cancer,238,7077
EE87815,Breast cancer,239,6734
EE87815,Breast cancer,240,6490
EE87815,Breast cancer,241,6274
EE87815,Breast cancer,242,5946
EE87815,Breast cancer,243,5333
EE87815,Breast cancer,244,4792
EE87815,Breast cancer,245,3927
EE87815,Breast cancer,246,3838
EE87815,Breast cancer,247,3501
EE87815,Breast cancer,248,142
EE87816,Breast cancer,69,112
EE87816,Breast cancer,70,127
EE87816,Breast cancer,71,117
EE87816,Breast cancer,72,142
EE87816,Breast cancer,73,155
EE87816,Breast cancer,74,174
EE87816,Breast cancer,75,215
EE87816,Breast cancer,76,181
EE87816,Breast cancer,77,207
EE87816,Breast cancer,78,234
EE87816,Breast cancer,79,240
EE87816,Breast cancer,80,313
EE87816,Breast cancer,81,303
EE87816,Breast cancer,82,304
EE87816,Breast cancer,83,308
EE87816,Breast cancer,84,302
EE87816,Breast cancer,85,367
EE87816,Breast cancer,86,434
EE87816,Breast cancer,87,484
EE87816,Breast cancer,88,495
EE87816,Breast cancer,89,594
EE87816,Breast cancer,90,587
EE87816,Breast cancer,91,651
EE87816,Breast cancer,92,658
EE87816,Breast cancer,93,696
EE87816,Breast cancer,94,810
EE87816,Breast cancer,95,871
EE87816,Breast cancer,96,947
EE87816,Breast cancer,97,992
EE87816,Breast cancer,98,1089
EE87816,Breast cancer,99,21613
EE87816,Breast cancer,100,27426
EE87816,Breast cancer,101,31477
EE87816,Breast cancer,102,33386
EE87816,Breast cancer,103,32996
EE87816,Breast cancer,104,30625
EE87816,Breast cancer,105,29455
EE87816,Breast cancer,106,30576
EE87816,Breast cancer,107,33995
EE87816,Breast cancer,108,38334
EE87816,Breast cancer,109,46386
EE87816,Breast cancer,110,57121
EE87816,Breast cancer,111,66657
EE87816,Breast cancer,112,67239
EE87816,Breast cancer,113,58283
EE87816,Breast cancer,114,51372
EE87816,Breast cancer,115,50668
EE87816,Breast cancer,116,54076
EE87816,Breast cancer,117,58687
EE87816,Breast cancer,118,64504
EE87816,Breast cancer,119,73890
EE87816,Breast cancer,120,90939
EE87816,Breast cancer,121,115850
EE87816,Breast cancer,122,135193
EE87816,Breast cancer,123,129110
EE87816,Breast cancer,124,102973
EE87816,Breast cancer,125,82779
EE87816,Breast cancer,126,79060
EE87816,Breast cancer,127,84261
EE87816,Breast cancer,128,92940
EE87816,Breast cancer,129,102951
EE87816,Breast cancer,130,122340
EE87816,Breast cancer,131,151161
EE87816,Breast cancer,132,193639
EE87816,Breast cancer,133,233004
EE87816,Breast cancer,134,239092
EE87816,Breast cancer,135,210300
EE87816,Breast cancer,136,184990
EE87816,Breast cancer,137,187281
EE87816,Breast cancer,138,212030
EE87816,Breast cancer,139,252066
EE87816,Breast cancer,140,297980
EE87816,Breast cancer,141,332902
EE87816,Breast cancer,142,342793
EE87816,Breast cancer,143,338265
EE87816,Breast cancer,144,339704
EE87816,Breast cancer,145,342555
EE87816,Breast cancer,146,338503
EE87816,Breast cancer,147,337130
EE87816,Breast cancer,148,347556
EE87816,Breast cancer,149,361531
EE87816,Breast cancer,150,380975
EE87816,Breast cancer,151,403742
EE87816,Breast cancer,152,422193
EE87816,Breast cancer,153,418761
EE87816,Breast cancer,154,402575
EE87816,Breast cancer,155,401724
EE87816,Breast cancer,156,419161
EE87816,Breast cancer,157,451764
EE87816,Breast cancer,158,490817
EE87816,Breast cancer,159,531360
EE87816,Breast cancer,160,559374
EE87816,Breast cancer,161,578300
EE87816,Breast cancer,162,602856
EE87816,Breast cancer,163,654876
EE87816,Breast cancer,164,733887
EE87816,Breast cancer,165,799645
EE87816,Breast cancer,166,818083
EE87816,Breast cancer,167,801305
EE87816,Breast cancer,168,767647
EE87816,Breast cancer,169,729405
EE87816,Breast cancer,170,683599
EE87816,Breast cancer,171,634245
EE87816,Breast cancer,172,593055
EE87816,Breast cancer,173,566381
EE87816,Breast cancer,174,551200
EE87816,Breast cancer,175,534458
EE87816,Breast cancer,176,511067
EE87816,Breast cancer,177,478133
EE87816,Breast cancer,178,435651
EE87816,Breast cancer,179,394909
EE87816,Breast cancer,180,355118
EE87816,Breast cancer,181,318880
EE87816,Breast cancer,182,288648
EE87816,Breast cancer,183,262915
EE87816,Breast cancer,184,243912
EE87816,Breast cancer,185,227971
EE87816,Breast cancer,186,215857
EE87816,Breast cancer,187,202753
EE87816,Breast cancer,188,189124
EE87816,Breast cancer,189,175138
EE87816,Breast cancer,190,159439
EE87816,Breast cancer,191,144465
EE87816,Breast cancer,192,131035
EE87816,Breast cancer,193,119090
EE87816,Breast cancer,194,109471
EE87816,Breast cancer,195,101500
EE87816,Breast cancer,196,94688
EE87816,Breast cancer,197,89098
EE87816,Breast cancer,198,84637
EE87816,Breast cancer,199,79130
EE87816,Breast cancer,200,74088
EE87816,Breast cancer,201,69015
EE87816,Breast cancer,202,63591
EE87816,Breast cancer,203,58044
EE87816,Breast cancer,204,53378
EE87816,Breast cancer,205,49572
EE87816,Breast cancer,206,45790
EE87816,Breast cancer,207,42973
EE87816,Breast cancer,208,40992
EE87816,Breast cancer,209,38116
EE87816,Breast cancer,210,36188
EE87816,Breast cancer,211,33283
EE87816,Breast cancer,212,31186
EE87816,Breast cancer,213,28793
EE87816,Breast cancer,214,26361
EE87816,Breast cancer,215,23976
EE87816,Breast cancer,216,22411
EE87816,Breast cancer,217,20717
EE87816,Breast cancer,218,19298
EE87816,Breast cancer,219,18167
EE87816,Breast cancer,220,17194
EE87816,Breast cancer,221,16079
EE87816,Breast cancer,222,14947
EE87816,Breast cancer,223,13936
EE87816,Breast cancer,224,12353
EE87816,Breast cancer,225,11627
EE87816,Breast cancer,226,10726
EE87816,Breast cancer,227,10065
EE87816,Breast cancer,228,9369
EE87816,Breast cancer,229,8886
EE87816,Breast cancer,230,8451
EE87816,Breast cancer,231,7889
EE87816,Breast cancer,232,7361
EE87816,Breast cancer,233,6814
EE87816,Breast cancer,234,6347
EE87816,Breast cancer,235,5940
EE87816,Breast cancer,236,5533
EE87816,Breast cancer,237,5205
EE87816,Breast cancer,238,4919
EE87816,Breast cancer,239,4801
EE87816,Breast cancer,240,4749
EE87816,Breast cancer,241,4475
EE87816,Breast cancer,242,4333
EE87816,Breast cancer,243,4098
EE87816,Breast cancer,244,3982
EE87816,Breast cancer,245,3759
EE87816,Breast cancer,246,3534
EE87816,Breast cancer,247,3469
EE87816,Breast cancer,248,3445
EE87816,Breast cancer,249,3420
EE87816,Breast cancer,250,3319
EE87816,Breast cancer,251,1039
EE87816,Breast cancer,252,753
EE87816,Breast cancer,253,731
EE87816,Breast cancer,254,62
EE87820,Breast cancer,80,149
EE87820,Breast cancer,81,144
EE87820,Breast cancer,82,138
EE87820,Breast cancer,83,221
EE87820,Breast cancer,84,252
EE87820,Breast cancer,85,313
EE87820,Breast cancer,86,369
EE87820,Breast cancer,87,382
EE87820,Breast cancer,88,412
EE87820,Breast cancer,89,454
EE87820,Breast cancer,90,485
EE87820,Breast cancer,91,525
EE87820,Breast cancer,92,552
EE87820,Breast cancer,93,610
EE87820,Breast cancer,94,607
EE87820,Breast cancer,95,637
EE87820,Breast cancer,96,782
EE87820,Breast cancer,97,835
EE87820,Breast cancer,98,949
EE87820,Breast cancer,99,16710
EE87820,Breast cancer,100,20004
EE87820,Breast cancer,101,22769
EE87820,Breast cancer,102,24035
EE87820,Breast cancer,103,24141
EE87820,Breast cancer,104,23457
EE87820,Breast cancer,105,23007
EE87820,Breast cancer,106,24926
EE87820,Breast cancer,107,27476
EE87820,Breast cancer,108,30636
EE87820,Breast cancer,109,34957
EE87820,Breast cancer,110,41165
EE87820,Breast cancer,111,46645
EE87820,Breast cancer,112,46874
EE87820,Breast cancer,113,41694
EE87820,Breast cancer,114,37440
EE87820,Breast cancer,115,37440
EE87820,Breast cancer,116,39616
EE87820,Breast cancer,117,44002
EE87820,Breast cancer,118,48384
EE87820,Breast cancer,119,54255
EE87820,Breast cancer,120,65877
EE87820,Breast cancer,121,83411
EE87820,Breast cancer,122,96709
EE87820,Breast cancer,123,93931
EE87820,Breast cancer,124,75583
EE87820,Breast cancer,125,62140
EE87820,Breast cancer,126,59794
EE87820,Breast cancer,127,63715
EE87820,Breast cancer,128,70604
EE87820,Breast cancer,129,78560
EE87820,Breast cancer,130,92858
EE87820,Breast cancer,131,114839
EE87820,Breast cancer,132,147704
EE87820,Breast cancer,133,181315
EE87820,Breast cancer,134,188311
EE87820,Breast cancer,135,168706
EE87820,Breast cancer,136,153604
EE87820,Breast cancer,137,159953
EE87820,Breast cancer,138,186806
EE87820,Breast cancer,139,224233
EE87820,Breast cancer,140,264699
EE87820,Breast cancer,141,294505
EE87820,Breast cancer,142,303204
EE87820,Breast cancer,143,302081
EE87820,Breast cancer,144,306592
EE87820,Breast cancer,145,312916
EE87820,Breast cancer,146,315144
EE87820,Breast cancer,147,323616
EE87820,Breast cancer,148,343776
EE87820,Breast cancer,149,366914
EE87820,Breast cancer,150,388727
EE87820,Breast cancer,151,414645
EE87820,Breast cancer,152,433838
EE87820,Breast cancer,153,431942
EE87820,Breast cancer,154,419576
EE87820,Breast cancer,155,423217
EE87820,Breast cancer,156,451112
EE87820,Breast cancer,157,494694
EE87820,Breast cancer,158,546252
EE87820,Breast cancer,159,598036
EE87820,Breast cancer,160,632577
EE87820,Breast cancer,161,657545
EE87820,Breast cancer,162,690234
EE87820,Breast cancer,163,753364
EE87820,Breast cancer,164,857301
EE87820,Breast cancer,165,950022
EE87820,Breast cancer,166,977202
EE87820,Breast cancer,167,957253
EE87820,Breast cancer,168,918540
EE87820,Breast cancer,169,870147
EE87820,Breast cancer,170,816743
EE87820,Breast cancer,171,761489
EE87820,Breast cancer,172,719712
EE87820,Breast cancer,173,702244
EE87820,Breast cancer,174,696485
EE87820,Breast cancer,175,689617
EE87820,Breast cancer,176,671453
EE87820,Breast cancer,177,633115
EE87820,Breast cancer,178,581850
EE87820,Breast cancer,179,525832
EE87820,Breast cancer,180,473081
EE87820,Breast cancer,181,427201
EE87820,Breast cancer,182,386671
EE87820,Breast cancer,183,357047
EE87820,Breast cancer,184,333735
EE87820,Breast cancer,185,317192
EE87820,Breast cancer,186,303267
EE87820,Breast cancer,187,288212
EE87820,Breast cancer,188,271584
EE87820,Breast cancer,189,249767
EE87820,Breast cancer,190,227436
EE87820,Breast cancer,191,205127
EE87820,Breast cancer,192,184206
EE87820,Breast cancer,193,166110
EE87820,Breast cancer,194,152676
EE87820,Breast cancer,195,141731
EE87820,Breast cancer,196,131902
EE87820,Breast cancer,197,124993
EE87820,Breast cancer,198,117798
EE87820,Breast cancer,199,111050
EE87820,Breast cancer,200,103881
EE87820,Breast cancer,201,95322
EE87820,Breast cancer,202,86556
EE87820,Breast cancer,203,79120
EE87820,Breast cancer,204,72360
EE87820,Breast cancer,205,66357
EE87820,Breast cancer,206,61512
EE87820,Breast cancer,207,57080
EE87820,Breast cancer,208,53861
EE87820,Breast cancer,209,50454
EE87820,Breast cancer,210,47167
EE87820,Breast cancer,211,43708
EE87820,Breast cancer,212,40254
EE87820,Breast cancer,213,36894
EE87820,Breast cancer,214,33467
EE87820,Breast cancer,215,30470
EE87820,Breast cancer,216,28036
EE87820,Breast cancer,217,25727
EE87820,Breast cancer,218,24176
EE87820,Breast cancer,219,22438
EE87820,Breast cancer,220,21183
EE87820,Breast cancer,221,19841
EE87820,Breast cancer,222,18125
EE87820,Breast cancer,223,16699
EE87820,Breast cancer,224,15366
EE87820,Breast cancer,225,14037
EE87820,Breast cancer,226,12879
EE87820,Breast cancer,227,12113
EE87820,Breast cancer,228,11215
EE87820,Breast cancer,229,10657
EE87820,Breast cancer,230,9999
EE87820,Breast cancer,231,9481
EE87820,Breast cancer,232,8848
EE87820,Breast cancer,233,8388
EE87820,Breast cancer,234,7683
EE87820,Breast cancer,235,7173
EE87820,Breast cancer,236,6724
EE87820,Breast cancer,237,6251
EE87820,Breast cancer,238,6061
EE87820,Breast cancer,239,5832
EE87820,Breast cancer,240,5584
EE87820,Breast cancer,241,5651
EE87820,Breast cancer,242,5465
EE87820,Breast cancer,243,5131
EE87820,Breast cancer,244,4941
EE87820,Breast cancer,245,4594
EE87820,Breast cancer,246,4547
EE87820,Breast cancer,247,4489
EE87820,Breast cancer,248,1497
EE87820,Breast cancer,249,1231
EE87820,Breast cancer,250,1161
EE87822,Breast cancer,87,4
EE87822,Breast cancer,88,368
EE87822,Breast cancer,89,417
EE87822,Breast cancer,90,533
EE87822,Breast cancer,91,716
EE87822,Breast cancer,92,660
EE87822,Breast cancer,93,708
EE87822,Breast cancer,94,865
EE87822,Breast cancer,95,921
EE87822,Breast cancer,96,960
EE87822,Breast cancer,97,970
EE87822,Breast cancer,98,1136
EE87822,Breast cancer,99,17637
EE87822,Breast cancer,100,20851
EE87822,Breast cancer,101,22932
EE87822,Breast cancer,102,24950
EE87822,Breast cancer,103,25766
EE87822,Breast cancer,104,25507
EE87822,Breast cancer,105,25572
EE87822,Breast cancer,106,28175
EE87822,Breast cancer,107,31081
EE87822,Breast cancer,108,34230
EE87822,Breast cancer,109,38551
EE87822,Breast cancer,110,44103
EE87822,Breast cancer,111,48807
EE87822,Breast cancer,112,49794
EE87822,Breast cancer,113,45847
EE87822,Breast cancer,114,43553
EE87822,Breast cancer,115,44372
EE87822,Breast cancer,116,47651
EE87822,Breast cancer,117,52338
EE87822,Breast cancer,118,57112
EE87822,Breast cancer,119,63666
EE87822,Breast cancer,120,75923
EE87822,Breast cancer,121,94649
EE87822,Breast cancer,122,109226
EE87822,Breast cancer,123,105955
EE87822,Breast cancer,124,87688
EE87822,Breast cancer,125,75580
EE87822,Breast cancer,126,75620
EE87822,Breast cancer,127,81907
EE87822,Breast cancer,128,91058
EE87822,Breast cancer,129,101680
EE87822,Breast cancer,130,120122
EE87822,Breast cancer,131,150696
EE87822,Breast cancer,132,194365
EE87822,Breast cancer,133,236246
EE87822,Breast cancer,134,248027
EE87822,Breast cancer,135,224111
EE87822,Breast cancer,136,210004
EE87822,Breast cancer,137,226081
EE87822,Breast cancer,138,268841
EE87822,Breast cancer,139,327588
EE87822,Breast cancer,140,388321
EE87822,Breast cancer,141,432766
EE87822,Breast cancer,142,450706
EE87822,Breast cancer,143,454452
EE87822,Breast cancer,144,463474
EE87822,Breast cancer,145,473260
EE87822,Breast cancer,146,477206
EE87822,Breast cancer,147,491437
EE87822,Breast cancer,148,520503
EE87822,Breast cancer,149,561654
EE87822,Breast cancer,150,602929
EE87822,Breast cancer,151,648600
EE87822,Breast cancer,152,687668
EE87822,Breast cancer,153,694012
EE87822,Breast cancer,154,685283
EE87822,Breast cancer,155,696949
EE87822,Breast cancer,156,746958
EE87822,Breast cancer,157,823247
EE87822,Breast cancer,158,909480
EE87822,Breast cancer,159,993654
EE87822,Breast cancer,160,1057816
EE87822,Breast cancer,161,1103972
EE87822,Breast cancer,162,1165334
EE87822,Breast cancer,163,1277136
EE87822,Breast cancer,164,1438455
EE87822,Breast cancer,165,1579199
EE87822,Breast cancer,166,1620246
EE87822,Breast cancer,167,1585076
EE87822,Breast cancer,168,1523392
EE87822,Breast cancer,169,1448532
EE87822,Breast cancer,170,1359939
EE87822,Breast cancer,171,1267560
EE87822,Breast cancer,172,1191707
EE87822,Breast cancer,173,1147250
EE87822,Breast cancer,174,1123674
EE87822,Breast cancer,175,1098126
EE87822,Breast cancer,176,1060143
EE87822,Breast cancer,177,995892
EE87822,Breast cancer,178,915123
EE87822,Breast cancer,179,830712
EE87822,Breast cancer,180,752247
EE87822,Breast cancer,181,681569
EE87822,Breast cancer,182,622127
EE87822,Breast cancer,183,572910
EE87822,Breast cancer,184,534855
EE87822,Breast cancer,185,504544
EE87822,Breast cancer,186,478744
EE87822,Breast cancer,187,452105
EE87822,Breast cancer,188,424119
EE87822,Breast cancer,189,392196
EE87822,Breast cancer,190,359432
EE87822,Breast cancer,191,327231
EE87822,Breast cancer,192,298161
EE87822,Breast cancer,193,272855
EE87822,Breast cancer,194,250813
EE87822,Breast cancer,195,234274
EE87822,Breast cancer,196,219763
EE87822,Breast cancer,197,206996
EE87822,Breast cancer,198,195729
EE87822,Breast cancer,199,183964
EE87822,Breast cancer,200,171706
EE87822,Breast cancer,201,159308
EE87822,Breast cancer,202,147095
EE87822,Breast cancer,203,135755
EE87822,Breast cancer,204,125105
EE87822,Breast cancer,205,115748
EE87822,Breast cancer,206,108157
EE87822,Breast cancer,207,101312
EE87822,Breast cancer,208,94978
EE87822,Breast cancer,209,89469
EE87822,Breast cancer,210,83540
EE87822,Breast cancer,211,78163
EE87822,Breast cancer,212,72180
EE87822,Breast cancer,213,66625
EE87822,Breast cancer,214,61262
EE87822,Breast cancer,215,56406
EE87822,Breast cancer,216,52528
EE87822,Breast cancer,217,49076
EE87822,Breast cancer,218,45564
EE87822,Breast cancer,219,42965
EE87822,Breast cancer,220,39977
EE87822,Breast cancer,221,37354
EE87822,Breast cancer,222,34492
EE87822,Breast cancer,223,32346
EE87822,Breast cancer,224,29807
EE87822,Breast cancer,225,27418
EE87822,Breast cancer,226,25356
EE87822,Breast cancer,227,23713
EE87822,Breast cancer,228,22321
EE87822,Breast cancer,229,21101
EE87822,Breast cancer,230,19477
EE87822,Breast cancer,231,18180
EE87822,Breast cancer,232,17049
EE87822,Breast cancer,233,15814
EE87822,Breast cancer,234,14835
EE87822,Breast cancer,235,13745
EE87822,Breast cancer,236,13005
EE87822,Breast cancer,237,12239
EE87822,Breast cancer,238,11554
EE87822,Breast cancer,239,11071
EE87822,Breast cancer,240,10781
EE87822,Breast cancer,241,10140
EE87822,Breast cancer,242,7693
EE87822,Breast cancer,243,6556
EE87822,Breast cancer,244,6250
EE87822,Breast cancer,245,3495
EE87822,Breast cancer,246,244
EE87822,Breast cancer,247,244
EE87822,Breast cancer,248,121
EE87823,Breast cancer,76,1
EE87823,Breast cancer,77,25
EE87823,Breast cancer,78,15
EE87823,Breast cancer,79,27
EE87823,Breast cancer,80,280
EE87823,Breast cancer,81,351
EE87823,Breast cancer,82,282
EE87823,Breast cancer,83,345
EE87823,Breast cancer,84,397
EE87823,Breast cancer,85,385
EE87823,Breast cancer,86,435
EE87823,Breast cancer,87,477
EE87823,Breast cancer,88,488
EE87823,Breast cancer,89,561
EE87823,Breast cancer,90,562
EE87823,Breast cancer,91,676
EE87823,Breast cancer,92,669
EE87823,Breast cancer,93,783
EE87823,Breast cancer,94,859
EE87823,Breast cancer,95,904
EE87823,Breast cancer,96,946
EE87823,Breast cancer,97,999
EE87823,Breast cancer,98,1096
EE87823,Breast cancer,99,18592
EE87823,Breast cancer,100,22682
EE87823,Breast cancer,101,26046
EE87823,Breast cancer,102,28123
EE87823,Breast cancer,103,29043
EE87823,Breast cancer,104,27478
EE87823,Breast cancer,105,27169
EE87823,Breast cancer,106,29867
EE87823,Breast cancer,107,33820
EE87823,Breast cancer,108,37781
EE87823,Breast cancer,109,43343
EE87823,Breast cancer,110,51344
EE87823,Breast cancer,111,57651
EE87823,Breast cancer,112,57418
EE87823,Breast cancer,113,50322
EE87823,Breast cancer,114,45672
EE87823,Breast cancer,115,45512
EE87823,Breast cancer,116,49221
EE87823,Breast cancer,117,54375
EE87823,Breast cancer,118,58873
EE87823,Breast cancer,119,64339
EE87823,Breast cancer,120,75772
EE87823,Breast cancer,121,94516
EE87823,Breast cancer,122,107705
EE87823,Breast cancer,123,104487
EE87823,Breast cancer,124,85701
EE87823,Breast cancer,125,71474
EE87823,Breast cancer,126,69093
EE87823,Breast cancer,127,73659
EE87823,Breast cancer,128,81899
EE87823,Breast cancer,129,91819
EE87823,Breast cancer,130,107721
EE87823,Breast cancer,131,131011
EE87823,Breast cancer,132,164813
EE87823,Breast cancer,133,195712
EE87823,Breast cancer,134,201067
EE87823,Breast cancer,135,181322
EE87823,Breast cancer,136,167204
EE87823,Breast cancer,137,176194
EE87823,Breast cancer,138,203963
EE87823,Breast cancer,139,241152
EE87823,Breast cancer,140,281091
EE87823,Breast cancer,141,309607
EE87823,Breast cancer,142,317408
EE87823,Breast cancer,143,316438
EE87823,Breast cancer,144,318339
EE87823,Breast cancer,145,324141
EE87823,Breast cancer,146,327119
EE87823,Breast cancer,147,338427
EE87823,Breast cancer,148,360256
EE87823,Breast cancer,149,386062
EE87823,Breast cancer,150,411831
EE87823,Breast cancer,151,440077
EE87823,Breast cancer,152,465178
EE87823,Breast cancer,153,472026
EE87823,Breast cancer,154,465928
EE87823,Breast cancer,155,472549
EE87823,Breast cancer,156,500406
EE87823,Breast cancer,157,543390
EE87823,Breast cancer,158,592992
EE87823,Breast cancer,159,640670
EE87823,Breast cancer,160,674997
EE87823,Breast cancer,161,700319
EE87823,Breast cancer,162,729828
EE87823,Breast cancer,163,789801
EE87823,Breast cancer,164,884995
EE87823,Breast cancer,165,961493
EE87823,Breast cancer,166,980259
EE87823,Breast cancer,167,958521
EE87823,Breast cancer,168,918509
EE87823,Breast cancer,169,869284
EE87823,Breast cancer,170,817148
EE87823,Breast cancer,171,767703
EE87823,Breast cancer,172,727925
EE87823,Breast cancer,173,709274
EE87823,Breast cancer,174,697484
EE87823,Breast cancer,175,683535
EE87823,Breast cancer,176,663218
EE87823,Breast cancer,177,629550
EE87823,Breast cancer,178,583670
EE87823,Breast cancer,179,539144
EE87823,Breast cancer,180,494297
EE87823,Breast cancer,181,453027
EE87823,Breast cancer,182,420230
EE87823,Breast cancer,183,390786
EE87823,Breast cancer,184,368577
EE87823,Breast cancer,185,351773
EE87823,Breast cancer,186,334568
EE87823,Breast cancer,187,319675
EE87823,Breast cancer,188,304129
EE87823,Breast cancer,189,284651
EE87823,Breast cancer,190,264520
EE87823,Breast cancer,191,244781
EE87823,Breast cancer,192,227253
EE87823,Breast cancer,193,209970
EE87823,Breast cancer,194,197628
EE87823,Breast cancer,195,185644
EE87823,Breast cancer,196,176393
EE87823,Breast cancer,197,167198
EE87823,Breast cancer,198,159283
EE87823,Breast cancer,199,152683
EE87823,Breast cancer,200,143843
EE87823,Breast cancer,201,135639
EE87823,Breast cancer,202,125871
EE87823,Breast cancer,203,118107
EE87823,Breast cancer,204,110086
EE87823,Breast cancer,205,103038
EE87823,Breast cancer,206,97112
EE87823,Breast cancer,207,92306
EE87823,Breast cancer,208,86807
EE87823,Breast cancer,209,81693
EE87823,Breast cancer,210,77084
EE87823,Breast cancer,211,71849
EE87823,Breast cancer,212,66977
EE87823,Breast cancer,213,63013
EE87823,Breast cancer,214,58245
EE87823,Breast cancer,215,53993
EE87823,Breast cancer,216,50459
EE87823,Breast cancer,217,46791
EE87823,Breast cancer,218,43952
EE87823,Breast cancer,219,41267
EE87823,Breast cancer,220,38365
EE87823,Breast cancer,221,36441
EE87823,Breast cancer,222,33957
EE87823,Breast cancer,223,31270
EE87823,Breast cancer,224,29714
EE87823,Breast cancer,225,27007
EE87823,Breast cancer,226,25036
EE87823,Breast cancer,227,23297
EE87823,Breast cancer,228,22066
EE87823,Breast cancer,229,20525
EE87823,Breast cancer,230,19481
EE87823,Breast cancer,231,18017
EE87823,Breast cancer,232,16915
EE87823,Breast cancer,233,15669
EE87823,Breast cancer,234,14652
EE87823,Breast cancer,235,13706
EE87823,Breast cancer,236,12839
EE87823,Breast cancer,237,12073
EE87823,Breast cancer,238,11319
EE87823,Breast cancer,239,10689
EE87823,Breast cancer,240,10287
EE87823,Breast cancer,241,9738
EE87823,Breast cancer,242,9169
EE87823,Breast cancer,243,8734
EE87823,Breast cancer,244,8183
EE87823,Breast cancer,245,7844
EE87823,Breast cancer,246,7414
EE87823,Breast cancer,247,7232
EE87823,Breast cancer,248,6828
EE87823,Breast cancer,249,5957
EE87823,Breast cancer,250,5690
EE87823,Breast cancer,251,5431
EE87823,Breast cancer,252,5368
EE87823,Breast cancer,253,5135
EE87823,Breast cancer,254,5134
EE87823,Breast cancer,255,4694
EE87823,Breast cancer,256,585
EE87823,Breast cancer,257,637
EE87823,Breast cancer,258,537
EE87823,Breast cancer,259,347
EE87824,Breast cancer,80,255
EE87824,Breast cancer,81,232
EE87824,Breast cancer,82,242
EE87824,Breast cancer,83,331
EE87824,Breast cancer,84,351
EE87824,Breast cancer,85,367
EE87824,Breast cancer,86,467
EE87824,Breast cancer,87,459
EE87824,Breast cancer,88,537
EE87824,Breast cancer,89,571
EE87824,Breast cancer,90,627
EE87824,Breast cancer,91,683
EE87824,Breast cancer,92,740
EE87824,Breast cancer,93,755
EE87824,Breast cancer,94,763
EE87824,Breast cancer,95,824
EE87824,Breast cancer,96,986
EE87824,Breast cancer,97,1033
EE87824,Breast cancer,98,1161
EE87824,Breast cancer,99,22131
EE87824,Breast cancer,100,26980
EE87824,Breast cancer,101,29765
EE87824,Breast cancer,102,30604
EE87824,Breast cancer,103,30654
EE87824,Breast cancer,104,29225
EE87824,Breast cancer,105,28484
EE87824,Breast cancer,106,30333
EE87824,Breast cancer,107,33174
EE87824,Breast cancer,108,37030
EE87824,Breast cancer,109,43512
EE87824,Breast cancer,110,53764
EE87824,Breast cancer,111,62004
EE87824,Breast cancer,112,62096
EE87824,Breast cancer,113,53998
EE87824,Breast cancer,114,47077
EE87824,Breast cancer,115,46981
EE87824,Breast cancer,116,49795
EE87824,Breast cancer,117,54340
EE87824,Breast cancer,118,60375
EE87824,Breast cancer,119,69895
EE87824,Breast cancer,120,88866
EE87824,Breast cancer,121,115308
EE87824,Breast cancer,122,135374
EE87824,Breast cancer,123,129084
EE87824,Breast cancer,124,99831
EE87824,Breast cancer,125,78042
EE87824,Breast cancer,126,72035
EE87824,Breast cancer,127,77192
EE87824,Breast cancer,128,84482
EE87824,Breast cancer,129,94781
EE87824,Breast cancer,130,115207
EE87824,Breast cancer,131,147243
EE87824,Breast cancer,132,196404
EE87824,Breast cancer,133,244190
EE87824,Breast cancer,134,252520
EE87824,Breast cancer,135,218697
EE87824,Breast cancer,136,191212
EE87824,Breast cancer,137,197064
EE87824,Breast cancer,138,233809
EE87824,Breast cancer,139,291155
EE87824,Breast cancer,140,357508
EE87824,Breast cancer,141,405779
EE87824,Breast cancer,142,416612
EE87824,Breast cancer,143,408132
EE87824,Breast cancer,144,410277
EE87824,Breast cancer,145,413582
EE87824,Breast cancer,146,411693
EE87824,Breast cancer,147,416225
EE87824,Breast cancer,148,436344
EE87824,Breast cancer,149,465514
EE87824,Breast cancer,150,495710
EE87824,Breast cancer,151,533926
EE87824,Breast cancer,152,561990
EE87824,Breast cancer,153,557529
EE87824,Breast cancer,154,530161
EE87824,Breast cancer,155,528794
EE87824,Breast cancer,156,560641
EE87824,Breast cancer,157,617143
EE87824,Breast cancer,158,686668
EE87824,Breast cancer,159,758954
EE87824,Breast cancer,160,808679
EE87824,Breast cancer,161,842669
EE87824,Breast cancer,162,882595
EE87824,Breast cancer,163,963913
EE87824,Breast cancer,164,1091587
EE87824,Breast cancer,165,1211129
EE87824,Breast cancer,166,1255798
EE87824,Breast cancer,167,1245012
EE87824,Breast cancer,168,1200662
EE87824,Breast cancer,169,1140641
EE87824,Breast cancer,170,1069520
EE87824,Breast cancer,171,994868
EE87824,Breast cancer,172,939167
EE87824,Breast cancer,173,910182
EE87824,Breast cancer,174,900364
EE87824,Breast cancer,175,889328
EE87824,Breast cancer,176,864924
EE87824,Breast cancer,177,817743
EE87824,Breast cancer,178,752307
EE87824,Breast cancer,179,683066
EE87824,Breast cancer,180,614332
EE87824,Breast cancer,181,552083
EE87824,Breast cancer,182,502088
EE87824,Breast cancer,183,460502
EE87824,Breast cancer,184,429890
EE87824,Breast cancer,185,406637
EE87824,Breast cancer,186,388258
EE87824,Breast cancer,187,369233
EE87824,Breast cancer,188,348435
EE87824,Breast cancer,189,323241
EE87824,Breast cancer,190,294420
EE87824,Breast cancer,191,267139
EE87824,Breast cancer,192,240236
EE87824,Breast cancer,193,216954
EE87824,Breast cancer,194,199233
EE87824,Breast cancer,195,184392
EE87824,Breast cancer,196,173434
EE87824,Breast cancer,197,164511
EE87824,Breast cancer,198,155733
EE87824,Breast cancer,199,146372
EE87824,Breast cancer,200,137174
EE87824,Breast cancer,201,126493
EE87824,Breast cancer,202,115362
EE87824,Breast cancer,203,105414
EE87824,Breast cancer,204,96283
EE87824,Breast cancer,205,88393
EE87824,Breast cancer,206,81565
EE87824,Breast cancer,207,76690
EE87824,Breast cancer,208,72174
EE87824,Breast cancer,209,67887
EE87824,Breast cancer,210,63194
EE87824,Breast cancer,211,58764
EE87824,Breast cancer,212,53971
EE87824,Breast cancer,213,48975
EE87824,Breast cancer,214,44789
EE87824,Breast cancer,215,41038
EE87824,Breast cancer,216,37731
EE87824,Breast cancer,217,34757
EE87824,Breast cancer,218,32827
EE87824,Breast cancer,219,30760
EE87824,Breast cancer,220,28905
EE87824,Breast cancer,221,26881
EE87824,Breast cancer,222,24902
EE87824,Breast cancer,223,22686
EE87824,Breast cancer,224,21166
EE87824,Breast cancer,225,18938
EE87824,Breast cancer,226,17500
EE87824,Breast cancer,227,15990
EE87824,Breast cancer,228,15157
EE87824,Breast cancer,229,14294
EE87824,Breast cancer,230,13324
EE87824,Breast cancer,231,12846
EE87824,Breast cancer,232,11770
EE87824,Breast cancer,233,10933
EE87824,Breast cancer,234,10170
EE87824,Breast cancer,235,9484
EE87824,Breast cancer,236,8666
EE87824,Breast cancer,237,8285
EE87824,Breast cancer,238,7874
EE87824,Breast cancer,239,7588
EE87824,Breast cancer,240,7540
EE87824,Breast cancer,241,7333
EE87824,Breast cancer,242,6999
EE87824,Breast cancer,243,6666
EE87824,Breast cancer,244,6240
EE87824,Breast cancer,245,5803
EE87824,Breast cancer,246,5787
EE87824,Breast cancer,247,5620
EE87824,Breast cancer,248,2093
EE87824,Breast cancer,249,1639
EE87824,Breast cancer,250,1477
EE87825,Breast cancer,82,253
EE87825,Breast cancer,83,229
EE87825,Breast cancer,84,257
EE87825,Breast cancer,85,272
EE87825,Breast cancer,86,459
EE87825,Breast cancer,87,575
EE87825,Breast cancer,88,599
EE87825,Breast cancer,89,730
EE87825,Breast cancer,90,703
EE87825,Breast cancer,91,814
EE87825,Breast cancer,92,898
EE87825,Breast cancer,93,976
EE87825,Breast cancer,94,1035
EE87825,Breast cancer,95,1251
EE87825,Breast cancer,96,1261
EE87825,Breast cancer,97,1236
EE87825,Breast cancer,98,1435
EE87825,Breast cancer,99,23586
EE87825,Breast cancer,100,28844
EE87825,Breast cancer,101,32101
EE87825,Breast cancer,102,34199
EE87825,Breast cancer,103,35073
EE87825,Breast cancer,104,33971
EE87825,Breast cancer,105,33332
EE87825,Breast cancer,106,35308
EE87825,Breast cancer,107,39367
EE87825,Breast cancer,108,44414
EE87825,Breast cancer,109,51508
EE87825,Breast cancer,110,62797
EE87825,Breast cancer,111,73221
EE87825,Breast cancer,112,74683
EE87825,Breast cancer,113,66915
EE87825,Breast cancer,114,60744
EE87825,Breast cancer,115,61147
EE87825,Breast cancer,116,65607
EE87825,Breast cancer,117,72536
EE87825,Breast cancer,118,80054
EE87825,Breast cancer,119,91702
EE87825,Breast cancer,120,113113
EE87825,Breast cancer,121,144170
EE87825,Breast cancer,122,168638
EE87825,Breast cancer,123,162103
EE87825,Breast cancer,124,131196
EE87825,Breast cancer,125,109260
EE87825,Breast cancer,126,105665
EE87825,Breast cancer,127,113484
EE87825,Breast cancer,128,125278
EE87825,Breast cancer,129,139832
EE87825,Breast cancer,130,165270
EE87825,Breast cancer,131,205691
EE87825,Breast cancer,132,264003
EE87825,Breast cancer,133,320436
EE87825,Breast cancer,134,335779
EE87825,Breast cancer,135,306379
EE87825,Breast cancer,136,282771
EE87825,Breast cancer,137,299718
EE87825,Breast cancer,138,351103
EE87825,Breast cancer,139,420421
EE87825,Breast cancer,140,487031
EE87825,Breast cancer,141,536693
EE87825,Breast cancer,142,548906
EE87825,Breast cancer,143,549380
EE87825,Breast cancer,144,557310
EE87825,Breast cancer,145,565917
EE87825,Breast cancer,146,569109
EE87825,Breast cancer,147,580080
EE87825,Breast cancer,148,607475
EE87825,Breast cancer,149,636710
EE87825,Breast cancer,150,663994
EE87825,Breast cancer,151,692201
EE87825,Breast cancer,152,717079
EE87825,Breast cancer,153,716901
EE87825,Breast cancer,154,702620
EE87825,Breast cancer,155,716691
EE87825,Breast cancer,156,762168
EE87825,Breast cancer,157,832086
EE87825,Breast cancer,158,912748
EE87825,Breast cancer,159,988701
EE87825,Breast cancer,160,1048320
EE87825,Breast cancer,161,1107365
EE87825,Breast cancer,162,1190596
EE87825,Breast cancer,163,1339538
EE87825,Breast cancer,164,1534221
EE87825,Breast cancer,165,1677912
EE87825,Breast cancer,166,1682701
EE87825,Breast cancer,167,1589686
EE87825,Breast cancer,168,1462948
EE87825,Breast cancer,169,1333358
EE87825,Breast cancer,170,1199639
EE87825,Breast cancer,171,1071927
EE87825,Breast cancer,172,966801
EE87825,Breast cancer,173,887927
EE87825,Breast cancer,174,823645
EE87825,Breast cancer,175,761809
EE87825,Breast cancer,176,695104
EE87825,Breast cancer,177,616289
EE87825,Breast cancer,178,533665
EE87825,Breast cancer,179,460274
EE87825,Breast cancer,180,394548
EE87825,Breast cancer,181,339786
EE87825,Breast cancer,182,295145
EE87825,Breast cancer,183,260225
EE87825,Breast cancer,184,231588
EE87825,Breast cancer,185,209484
EE87825,Breast cancer,186,191266
EE87825,Breast cancer,187,175340
EE87825,Breast cancer,188,158184
EE87825,Breast cancer,189,141816
EE87825,Breast cancer,190,125926
EE87825,Breast cancer,191,111395
EE87825,Breast cancer,192,98001
EE87825,Breast cancer,193,87919
EE87825,Breast cancer,194,79662
EE87825,Breast cancer,195,72624
EE87825,Breast cancer,196,67989
EE87825,Breast cancer,197,63660
EE87825,Breast cancer,198,59401
EE87825,Breast cancer,199,55942
EE87825,Breast cancer,200,51469
EE87825,Breast cancer,201,48322
EE87825,Breast cancer,202,43740
EE87825,Breast cancer,203,39941
EE87825,Breast cancer,204,36970
EE87825,Breast cancer,205,34006
EE87825,Breast cancer,206,31512
EE87825,Breast cancer,207,29056
EE87825,Breast cancer,208,27281
EE87825,Breast cancer,209,25400
EE87825,Breast cancer,210,23774
EE87825,Breast cancer,211,22502
EE87825,Breast cancer,212,20140
EE87825,Breast cancer,213,18560
EE87825,Breast cancer,214,16916
EE87825,Breast cancer,215,15649
EE87825,Breast cancer,216,14385
EE87825,Breast cancer,217,13011
EE87825,Breast cancer,218,12243
EE87825,Breast cancer,219,11440
EE87825,Breast cancer,220,10932
EE87825,Breast cancer,221,10054
EE87825,Breast cancer,222,9243
EE87825,Breast cancer,223,8492
EE87825,Breast cancer,224,7849
EE87825,Breast cancer,225,7097
EE87825,Breast cancer,226,6482
EE87825,Breast cancer,227,6215
EE87825,Breast cancer,228,5773
EE87825,Breast cancer,229,5650
EE87825,Breast cancer,230,5624
EE87825,Breast cancer,231,4866
EE87825,Breast cancer,232,4735
EE87825,Breast cancer,233,4526
EE87825,Breast cancer,234,4225
EE87825,Breast cancer,235,361
EE87825,Breast cancer,236,241
EE87826,Breast cancer,92,21
EE87826,Breast cancer,93,317
EE87826,Breast cancer,94,379
EE87826,Breast cancer,95,425
EE87826,Breast cancer,96,582
EE87826,Breast cancer,97,673
EE87826,Breast cancer,98,710
EE87826,Breast cancer,99,10009
EE87826,Breast cancer,100,12039
EE87826,Breast cancer,101,13090
EE87826,Breast cancer,102,13837
EE87826,Breast cancer,103,14197
EE87826,Breast cancer,104,14098
EE87826,Breast cancer,105,14216
EE87826,Breast cancer,106,15474
EE87826,Breast cancer,107,17638
EE87826,Breast cancer,108,19447
EE87826,Breast cancer,109,22362
EE87826,Breast cancer,110,26112
EE87826,Breast cancer,111,30123
EE87826,Breast cancer,112,30055
EE87826,Breast cancer,113,27168
EE87826,Breast cancer,114,24761
EE87826,Breast cancer,115,24964
EE87826,Breast cancer,116,26860
EE87826,Breast cancer,117,29593
EE87826,Breast cancer,118,33119
EE87826,Breast cancer,119,38266
EE87826,Breast cancer,120,47692
EE87826,Breast cancer,121,62322
EE87826,Breast cancer,122,74069
EE87826,Breast cancer,123,71604
EE87826,Breast cancer,124,56465
EE87826,Breast cancer,125,45189
EE87826,Breast cancer,126,42165
EE87826,Breast cancer,127,45426
EE87826,Breast cancer,128,50526
EE87826,Breast cancer,129,58563
EE87826,Breast cancer,130,71692
EE87826,Breast cancer,131,92659
EE87826,Breast cancer,132,123536
EE87826,Breast cancer,133,153463
EE87826,Breast cancer,134,158377
EE87826,Breast cancer,135,138940
EE87826,Breast cancer,136,123567
EE87826,Breast cancer,137,132325
EE87826,Breast cancer,138,160804
EE87826,Breast cancer,139,201743
EE87826,Breast cancer,140,247821
EE87826,Breast cancer,141,282129
EE87826,Breast cancer,142,290684
EE87826,Breast cancer,143,287978
EE87826,Breast cancer,144,289292
EE87826,Breast cancer,145,292593
EE87826,Breast cancer,146,294789
EE87826,Breast cancer,147,306450
EE87826,Breast cancer,148,329090
EE87826,Breast cancer,149,360724
EE87826,Breast cancer,150,390779
EE87826,Breast cancer,151,420416
EE87826,Breast cancer,152,445747
EE87826,Breast cancer,153,444556
EE87826,Breast cancer,154,431125
EE87826,Breast cancer,155,436752
EE87826,Breast cancer,156,469900
EE87826,Breast cancer,157,523034
EE87826,Breast cancer,158,589257
EE87826,Breast cancer,159,656549
EE87826,Breast cancer,160,706661
EE87826,Breast cancer,161,743192
EE87826,Breast cancer,162,782379
EE87826,Breast cancer,163,863845
EE87826,Breast cancer,164,996216
EE87826,Breast cancer,165,1120972
EE87826,Breast cancer,166,1171654
EE87826,Breast cancer,167,1164803
EE87826,Breast cancer,168,1134022
EE87826,Breast cancer,169,1082439
EE87826,Breast cancer,170,1018640
EE87826,Breast cancer,171,954113
EE87826,Breast cancer,172,906113
EE87826,Breast cancer,173,883225
EE87826,Breast cancer,174,882761
EE87826,Breast cancer,175,880455
EE87826,Breast cancer,176,863222
EE87826,Breast cancer,177,816807
EE87826,Breast cancer,178,753332
EE87826,Breast cancer,179,680716
EE87826,Breast cancer,180,609469
EE87826,Breast cancer,181,548007
EE87826,Breast cancer,182,497696
EE87826,Breast cancer,183,458834
EE87826,Breast cancer,184,428944
EE87826,Breast cancer,185,409496
EE87826,Breast cancer,186,390987
EE87826,Breast cancer,187,374203
EE87826,Breast cancer,188,351757
EE87826,Breast cancer,189,327261
EE87826,Breast cancer,190,298264
EE87826,Breast cancer,191,269777
EE87826,Breast cancer,192,243759
EE87826,Breast cancer,193,220791
EE87826,Breast cancer,194,202673
EE87826,Breast cancer,195,188721
EE87826,Breast cancer,196,178352
EE87826,Breast cancer,197,169391
EE87826,Breast cancer,198,160767
EE87826,Breast cancer,199,152056
EE87826,Breast cancer,200,142512
EE87826,Breast cancer,201,131951
EE87826,Breast cancer,202,120163
EE87826,Breast cancer,203,108912
EE87826,Breast cancer,204,100045
EE87826,Breast cancer,205,92113
EE87826,Breast cancer,206,85983
EE87826,Breast cancer,207,81038
EE87826,Breast cancer,208,76271
EE87826,Breast cancer,209,72772
EE87826,Breast cancer,210,68048
EE87826,Breast cancer,211,63335
EE87826,Breast cancer,212,58350
EE87826,Breast cancer,213,53205
EE87826,Breast cancer,214,48632
EE87826,Breast cancer,215,44554
EE87826,Breast cancer,216,41407
EE87826,Breast cancer,217,38552
EE87826,Breast cancer,218,36214
EE87826,Breast cancer,219,33734
EE87826,Breast cancer,220,31611
EE87826,Breast cancer,221,29714
EE87826,Breast cancer,222,27528
EE87826,Breast cancer,223,25326
EE87826,Breast cancer,224,22892
EE87826,Breast cancer,225,21163
EE87826,Breast cancer,226,19552
EE87826,Breast cancer,227,18234
EE87826,Breast cancer,228,16963
EE87826,Breast cancer,229,15969
EE87826,Breast cancer,230,15263
EE87826,Breast cancer,231,14290
EE87826,Breast cancer,232,13129
EE87826,Breast cancer,233,12179
EE87826,Breast cancer,234,11367
EE87826,Breast cancer,235,10528
EE87826,Breast cancer,236,10072
EE87826,Breast cancer,237,9321
EE87826,Breast cancer,238,8822
EE87826,Breast cancer,239,8398
EE87826,Breast cancer,240,8092
EE87826,Breast cancer,241,7223
EE87826,Breast cancer,242,6768
EE87826,Breast cancer,243,6398
EE87826,Breast cancer,244,561
EE87826,Breast cancer,245,561
EE87826,Breast cancer,246,509
EE87827,Breast cancer,86,3
EE87827,Breast cancer,87,3
EE87827,Breast cancer,88,1
EE87827,Breast cancer,89,61
EE87827,Breast cancer,90,448
EE87827,Breast cancer,91,469
EE87827,Breast cancer,92,490
EE87827,Breast cancer,93,598
EE87827,Breast cancer,94,560
EE87827,Breast cancer,95,638
EE87827,Breast cancer,96,762
EE87827,Breast cancer,97,756
EE87827,Breast cancer,98,813
EE87827,Breast cancer,99,13616
EE87827,Breast cancer,100,16836
EE87827,Breast cancer,101,18800
EE87827,Breast cancer,102,19742
EE87827,Breast cancer,103,19732
EE87827,Breast cancer,104,18941
EE87827,Breast cancer,105,18383
EE87827,Breast cancer,106,19282
EE87827,Breast cancer,107,21824
EE87827,Breast cancer,108,24857
EE87827,Breast cancer,109,29975
EE87827,Breast cancer,110,37087
EE87827,Breast cancer,111,43206
EE87827,Breast cancer,112,44057
EE87827,Breast cancer,113,38342
EE87827,Breast cancer,114,33724
EE87827,Breast cancer,115,33278
EE87827,Breast cancer,116,35354
EE87827,Breast cancer,117,38999
EE87827,Breast cancer,118,43811
EE87827,Breast cancer,119,52030
EE87827,Breast cancer,120,65698
EE87827,Breast cancer,121,84330
EE87827,Breast cancer,122,99607
EE87827,Breast cancer,123,96110
EE87827,Breast cancer,124,74601
EE87827,Breast cancer,125,58218
EE87827,Breast cancer,126,53351
EE87827,Breast cancer,127,56058
EE87827,Breast cancer,128,61742
EE87827,Breast cancer,129,70061
EE87827,Breast cancer,130,85170
EE87827,Breast cancer,131,108845
EE87827,Breast cancer,132,144093
EE87827,Breast cancer,133,177664
EE87827,Breast cancer,134,182065
EE87827,Breast cancer,135,154668
EE87827,Breast cancer,136,131247
EE87827,Breast cancer,137,133201
EE87827,Breast cancer,138,158167
EE87827,Breast cancer,139,197350
EE87827,Breast cancer,140,245365
EE87827,Breast cancer,141,281741
EE87827,Breast cancer,142,293771
EE87827,Breast cancer,143,290989
EE87827,Breast cancer,144,290806
EE87827,Breast cancer,145,292311
EE87827,Breast cancer,146,288286
EE87827,Breast cancer,147,291204
EE87827,Breast cancer,148,308379
EE87827,Breast cancer,149,335548
EE87827,Breast cancer,150,363973
EE87827,Breast cancer,151,397387
EE87827,Breast cancer,152,426456
EE87827,Breast cancer,153,427360
EE87827,Breast cancer,154,408920
EE87827,Breast cancer,155,406072
EE87827,Breast cancer,156,428822
EE87827,Breast cancer,157,473666
EE87827,Breast cancer,158,533522
EE87827,Breast cancer,159,599355
EE87827,Breast cancer,160,652156
EE87827,Breast cancer,161,689377
EE87827,Breast cancer,162,721895
EE87827,Breast cancer,163,791678
EE87827,Breast cancer,164,904675
EE87827,Breast cancer,165,1011294
EE87827,Breast cancer,166,1057753
EE87827,Breast cancer,167,1062692
EE87827,Breast cancer,168,1044444
EE87827,Breast cancer,169,1009459
EE87827,Breast cancer,170,960234
EE87827,Breast cancer,171,905913
EE87827,Breast cancer,172,866062
EE87827,Breast cancer,173,852200
EE87827,Breast cancer,174,856236
EE87827,Breast cancer,175,859387
EE87827,Breast cancer,176,841756
EE87827,Breast cancer,177,808234
EE87827,Breast cancer,178,752338
EE87827,Breast cancer,179,689390
EE87827,Breast cancer,180,627854
EE87827,Breast cancer,181,570070
EE87827,Breast cancer,182,521084
EE87827,Breast cancer,183,481515
EE87827,Breast cancer,184,453819
EE87827,Breast cancer,185,433096
EE87827,Breast cancer,186,418432
EE87827,Breast cancer,187,400316
EE87827,Breast cancer,188,381696
EE87827,Breast cancer,189,356279
EE87827,Breast cancer,190,327242
EE87827,Breast cancer,191,298943
EE87827,Breast cancer,192,270258
EE87827,Breast cancer,193,245030
EE87827,Breast cancer,194,225293
EE87827,Breast cancer,195,209904
EE87827,Breast cancer,196,197281
EE87827,Breast cancer,197,188256
EE87827,Breast cancer,198,180024
EE87827,Breast cancer,199,170692
EE87827,Breast cancer,200,160864
EE87827,Breast cancer,201,148622
EE87827,Breast cancer,202,135934
EE87827,Breast cancer,203,124463
EE87827,Breast cancer,204,113988
EE87827,Breast cancer,205,104635
EE87827,Breast cancer,206,97356
EE87827,Breast cancer,207,91144
EE87827,Breast cancer,208,85905
EE87827,Breast cancer,209,81655
EE87827,Breast cancer,210,76751
EE87827,Breast cancer,211,71177
EE87827,Breast cancer,212,65710
EE87827,Breast cancer,213,60263
EE87827,Breast cancer,214,54645
EE87827,Breast cancer,215,49790
EE87827,Breast cancer,216,45913
EE87827,Breast cancer,217,42863
EE87827,Breast cancer,218,40044
EE87827,Breast cancer,219,37547
EE87827,Breast cancer,220,35502
EE87827,Breast cancer,221,33287
EE87827,Breast cancer,222,30671
EE87827,Breast cancer,223,28234
EE87827,Breast cancer,224,25638
EE87827,Breast cancer,225,23503
EE87827,Breast cancer,226,21720
EE87827,Breast cancer,227,20292
EE87827,Breast cancer,228,18540
EE87827,Breast cancer,229,17549
EE87827,Breast cancer,230,16652
EE87827,Breast cancer,231,15371
EE87827,Breast cancer,232,14277
EE87827,Breast cancer,233,13476
EE87827,Breast cancer,234,12375
EE87827,Breast cancer,235,11388
EE87827,Breast cancer,236,10557
EE87827,Breast cancer,237,9711
EE87827,Breast cancer,238,9257
EE87827,Breast cancer,239,8884
EE87827,Breast cancer,240,8561
EE87827,Breast cancer,241,8274
EE87827,Breast cancer,242,7767
EE87827,Breast cancer,243,7486
EE87827,Breast cancer,244,6999
EE87827,Breast cancer,245,6004
EE87827,Breast cancer,246,5720
EE87827,Breast cancer,247,5425
EE87827,Breast cancer,248,2858
EE87827,Breast cancer,249,2780
EE87827,Breast cancer,250,2685
EE87827,Breast cancer,251,803
EE87827,Breast cancer,252,124
EE87827,Breast cancer,253,99
EE87827,Breast cancer,254,88
EE87828,Breast cancer,88,113
EE87828,Breast cancer,89,131
EE87828,Breast cancer,90,119
EE87828,Breast cancer,91,133
EE87828,Breast cancer,92,357
EE87828,Breast cancer,93,391
EE87828,Breast cancer,94,604
EE87828,Breast cancer,95,635
EE87828,Breast cancer,96,680
EE87828,Breast cancer,97,786
EE87828,Breast cancer,98,873
EE87828,Breast cancer,99,13451
EE87828,Breast cancer,100,16372
EE87828,Breast cancer,101,18285
EE87828,Breast cancer,102,19234
EE87828,Breast cancer,103,19537
EE87828,Breast cancer,104,18948
EE87828,Breast cancer,105,18723
EE87828,Breast cancer,106,20620
EE87828,Breast cancer,107,22716
EE87828,Breast cancer,108,25468
EE87828,Breast cancer,109,30017
EE87828,Breast cancer,110,36474
EE87828,Breast cancer,111,42186
EE87828,Breast cancer,112,42915
EE87828,Breast cancer,113,38307
EE87828,Breast cancer,114,34630
EE87828,Breast cancer,115,34472
EE87828,Breast cancer,116,36720
EE87828,Breast cancer,117,40708
EE87828,Breast cancer,118,45939
EE87828,Breast cancer,119,53045
EE87828,Breast cancer,120,66060
EE87828,Breast cancer,121,85200
EE87828,Breast cancer,122,98993
EE87828,Breast cancer,123,95627
EE87828,Breast cancer,124,75677
EE87828,Breast cancer,125,61570
EE87828,Breast cancer,126,58314
EE87828,Breast cancer,127,62027
EE87828,Breast cancer,128,68964
EE87828,Breast cancer,129,78514
EE87828,Breast cancer,130,94439
EE87828,Breast cancer,131,121078
EE87828,Breast cancer,132,159789
EE87828,Breast cancer,133,196894
EE87828,Breast cancer,134,203472
EE87828,Breast cancer,135,179528
EE87828,Breast cancer,136,161903
EE87828,Breast cancer,137,170443
EE87828,Breast cancer,138,204134
EE87828,Breast cancer,139,253135
EE87828,Breast cancer,140,305365
EE87828,Breast cancer,141,342488
EE87828,Breast cancer,142,355039
EE87828,Breast cancer,143,353553
EE87828,Breast cancer,144,359841
EE87828,Breast cancer,145,365614
EE87828,Breast cancer,146,368592
EE87828,Breast cancer,147,380527
EE87828,Breast cancer,148,407173
EE87828,Breast cancer,149,439243
EE87828,Breast cancer,150,473194
EE87828,Breast cancer,151,507267
EE87828,Breast cancer,152,532691
EE87828,Breast cancer,153,533205
EE87828,Breast cancer,154,520907
EE87828,Breast cancer,155,529953
EE87828,Breast cancer,156,567334
EE87828,Breast cancer,157,625552
EE87828,Breast cancer,158,696046
EE87828,Breast cancer,159,766944
EE87828,Breast cancer,160,818964
EE87828,Breast cancer,161,855701
EE87828,Breast cancer,162,900926
EE87828,Breast cancer,163,999565
EE87828,Breast cancer,164,1155361
EE87828,Breast cancer,165,1292624
EE87828,Breast cancer,166,1344682
EE87828,Breast cancer,167,1330250
EE87828,Breast cancer,168,1284674
EE87828,Breast cancer,169,1222460
EE87828,Breast cancer,170,1143609
EE87828,Breast cancer,171,1068524
EE87828,Breast cancer,172,1013076
EE87828,Breast cancer,173,988230
EE87828,Breast cancer,174,986429
EE87828,Breast cancer,175,982891
EE87828,Breast cancer,176,958859
EE87828,Breast cancer,177,902554
EE87828,Breast cancer,178,824646
EE87828,Breast cancer,179,740010
EE87828,Breast cancer,180,660143
EE87828,Breast cancer,181,588950
EE87828,Breast cancer,182,530725
EE87828,Breast cancer,183,484712
EE87828,Breast cancer,184,451645
EE87828,Breast cancer,185,425571
EE87828,Breast cancer,186,403576
EE87828,Breast cancer,187,382450
EE87828,Breast cancer,188,355777
EE87828,Breast cancer,189,326735
EE87828,Breast cancer,190,294756
EE87828,Breast cancer,191,263366
EE87828,Breast cancer,192,235273
EE87828,Breast cancer,193,212306
EE87828,Breast cancer,194,192048
EE87828,Breast cancer,195,179041
EE87828,Breast cancer,196,166286
EE87828,Breast cancer,197,155822
EE87828,Breast cancer,198,146840
EE87828,Breast cancer,199,137754
EE87828,Breast cancer,200,127607
EE87828,Breast cancer,201,116602
EE87828,Breast cancer,202,106292
EE87828,Breast cancer,203,95985
EE87828,Breast cancer,204,87668
EE87828,Breast cancer,205,80108
EE87828,Breast cancer,206,74458
EE87828,Breast cancer,207,69674
EE87828,Breast cancer,208,64934
EE87828,Breast cancer,209,61173
EE87828,Breast cancer,210,57060
EE87828,Breast cancer,211,52863
EE87828,Breast cancer,212,48474
EE87828,Breast cancer,213,44400
EE87828,Breast cancer,214,40275
EE87828,Breast cancer,215,36785
EE87828,Breast cancer,216,34085
EE87828,Breast cancer,217,31364
EE87828,Breast cancer,218,29400
EE87828,Breast cancer,219,27468
EE87828,Breast cancer,220,25948
EE87828,Breast cancer,221,24219
EE87828,Breast cancer,222,22168
EE87828,Breast cancer,223,20693
EE87828,Breast cancer,224,18833
EE87828,Breast cancer,225,17172
EE87828,Breast cancer,226,15857
EE87828,Breast cancer,227,14551
EE87828,Breast cancer,228,13997
EE87828,Breast cancer,229,12919
EE87828,Breast cancer,230,12232
EE87828,Breast cancer,231,11803
EE87828,Breast cancer,232,10997
EE87828,Breast cancer,233,10220
EE87828,Breast cancer,234,9680
EE87828,Breast cancer,235,8924
EE87828,Breast cancer,236,8372
EE87828,Breast cancer,237,7989
EE87828,Breast cancer,238,7610
EE87828,Breast cancer,239,6883
EE87828,Breast cancer,240,6262
EE87828,Breast cancer,241,6233
EE87828,Breast cancer,242,259
EE87829,Breast cancer,84,2
EE87829,Breast cancer,85,14
EE87829,Breast cancer,86,325
EE87829,Breast cancer,87,369
EE87829,Breast cancer,88,445
EE87829,Breast cancer,89,496
EE87829,Breast cancer,90,522
EE87829,Breast cancer,91,639
EE87829,Breast cancer,92,619
EE87829,Breast cancer,93,737
EE87829,Breast cancer,94,759
EE87829,Breast cancer,95,821
EE87829,Breast cancer,96,855
EE87829,Breast cancer,97,932
EE87829,Breast cancer,98,989
EE87829,Breast cancer,99,8365
EE87829,Breast cancer,100,10267
EE87829,Breast cancer,101,11834
EE87829,Breast cancer,102,12503
EE87829,Breast cancer,103,12973
EE87829,Breast cancer,104,12873
EE87829,Breast cancer,105,12846
EE87829,Breast cancer,106,13855
EE87829,Breast cancer,107,15552
EE87829,Breast cancer,108,18357
EE87829,Breast cancer,109,21563
EE87829,Breast cancer,110,27030
EE87829,Breast cancer,111,32250
EE87829,Breast cancer,112,33430
EE87829,Breast cancer,113,29977
EE87829,Breast cancer,114,28320
EE87829,Breast cancer,115,29168
EE87829,Breast cancer,116,31909
EE87829,Breast cancer,117,35735
EE87829,Breast cancer,118,40660
EE87829,Breast cancer,119,47888
EE87829,Breast cancer,120,61596
EE87829,Breast cancer,121,82575
EE87829,Breast cancer,122,99216
EE87829,Breast cancer,123,98423
EE87829,Breast cancer,124,79712
EE87829,Breast cancer,125,65430
EE87829,Breast cancer,126,63504
EE87829,Breast cancer,127,69045
EE87829,Breast cancer,128,77793
EE87829,Breast cancer,129,89726
EE87829,Breast cancer,130,110386
EE87829,Breast cancer,131,144178
EE87829,Breast cancer,132,191429
EE87829,Breast cancer,133,238750
EE87829,Breast cancer,134,249992
EE87829,Breast cancer,135,224721
EE87829,Breast cancer,136,202392
EE87829,Breast cancer,137,211563
EE87829,Breast cancer,138,248056
EE87829,Breast cancer,139,305217
EE87829,Breast cancer,140,374131
EE87829,Breast cancer,141,428503
EE87829,Breast cancer,142,453385
EE87829,Breast cancer,143,456647
EE87829,Breast cancer,144,462567
EE87829,Breast cancer,145,468151
EE87829,Breast cancer,146,460668
EE87829,Breast cancer,147,463885
EE87829,Breast cancer,148,479310
EE87829,Breast cancer,149,507453
EE87829,Breast cancer,150,540546
EE87829,Breast cancer,151,581618
EE87829,Breast cancer,152,617314
EE87829,Breast cancer,153,620035
EE87829,Breast cancer,154,600243
EE87829,Breast cancer,155,599886
EE87829,Breast cancer,156,626775
EE87829,Breast cancer,157,676044
EE87829,Breast cancer,158,741790
EE87829,Breast cancer,159,805992
EE87829,Breast cancer,160,861083
EE87829,Breast cancer,161,903063
EE87829,Breast cancer,162,947897
EE87829,Breast cancer,163,1025472
EE87829,Breast cancer,164,1138302
EE87829,Breast cancer,165,1234093
EE87829,Breast cancer,166,1266222
EE87829,Breast cancer,167,1243693
EE87829,Breast cancer,168,1200799
EE87829,Breast cancer,169,1143543
EE87829,Breast cancer,170,1072665
EE87829,Breast cancer,171,1000383
EE87829,Breast cancer,172,935305
EE87829,Breast cancer,173,890838
EE87829,Breast cancer,174,860466
EE87829,Breast cancer,175,829066
EE87829,Breast cancer,176,791415
EE87829,Breast cancer,177,736163
EE87829,Breast cancer,178,673488
EE87829,Breast cancer,179,607445
EE87829,Breast cancer,180,546693
EE87829,Breast cancer,181,491384
EE87829,Breast cancer,182,444292
EE87829,Breast cancer,183,406127
EE87829,Breast cancer,184,373905
EE87829,Breast cancer,185,348808
EE87829,Breast cancer,186,326514
EE87829,Breast cancer,187,306196
EE87829,Breast cancer,188,285249
EE87829,Breast cancer,189,262452
EE87829,Breast cancer,190,239588
EE87829,Breast cancer,191,217648
EE87829,Breast cancer,192,197072
EE87829,Breast cancer,193,177843
EE87829,Breast cancer,194,163008
EE87829,Breast cancer,195,150298
EE87829,Breast cancer,196,140352
EE87829,Breast cancer,197,131500
EE87829,Breast cancer,198,124182
EE87829,Breast cancer,199,116850
EE87829,Breast cancer,200,108636
EE87829,Breast cancer,201,100558
EE87829,Breast cancer,202,92850
EE87829,Breast cancer,203,85092
EE87829,Breast cancer,204,77534
EE87829,Breast cancer,205,71793
EE87829,Breast cancer,206,66606
EE87829,Breast cancer,207,62310
EE87829,Breast cancer,208,58176
EE87829,Breast cancer,209,55524
EE87829,Breast cancer,210,51917
EE87829,Breast cancer,211,48191
EE87829,Breast cancer,212,44451
EE87829,Breast cancer,213,40913
EE87829,Breast cancer,214,37660
EE87829,Breast cancer,215,34558
EE87829,Breast cancer,216,31677
EE87829,Breast cancer,217,29620
EE87829,Breast cancer,218,27486
EE87829,Breast cancer,219,25771
EE87829,Breast cancer,220,24296
EE87829,Breast cancer,221,22689
EE87829,Breast cancer,222,21206
EE87829,Breast cancer,223,19550
EE87829,Breast cancer,224,18169
EE87829,Breast cancer,225,16527
EE87829,Breast cancer,226,15245
EE87829,Breast cancer,227,14243
EE87829,Breast cancer,228,13407
EE87829,Breast cancer,229,12570
EE87829,Breast cancer,230,11958
EE87829,Breast cancer,231,11435
EE87829,Breast cancer,232,10644
EE87829,Breast cancer,233,9668
EE87829,Breast cancer,234,9331
EE87829,Breast cancer,235,8620
EE87829,Breast cancer,236,7946
EE87829,Breast cancer,237,7558
EE87829,Breast cancer,238,7142
EE87829,Breast cancer,239,7197
EE87829,Breast cancer,240,6870
EE87829,Breast cancer,241,6203
EE87829,Breast cancer,242,5888
EE87829,Breast cancer,243,1287
EE87829,Breast cancer,244,1244
EE87829,Breast cancer,245,1170
EE87829,Breast cancer,246,1070
EE87830,Breast cancer,96,209
EE87830,Breast cancer,97,181
EE87830,Breast cancer,98,447
EE87830,Breast cancer,99,5253
EE87830,Breast cancer,100,6329
EE87830,Breast cancer,101,10078
EE87830,Breast cancer,102,10644
EE87830,Breast cancer,103,11004
EE87830,Breast cancer,104,10893
EE87830,Breast cancer,105,11169
EE87830,Breast cancer,106,12160
EE87830,Breast cancer,107,14087
EE87830,Breast cancer,108,15587
EE87830,Breast cancer,109,18195
EE87830,Breast cancer,110,22057
EE87830,Breast cancer,111,24833
EE87830,Breast cancer,112,25415
EE87830,Breast cancer,113,23616
EE87830,Breast cancer,114,22554
EE87830,Breast cancer,115,23257
EE87830,Breast cancer,116,25528
EE87830,Breast cancer,117,29417
EE87830,Breast cancer,118,32805
EE87830,Breast cancer,119,38564
EE87830,Breast cancer,120,47059
EE87830,Breast cancer,121,60334
EE87830,Breast cancer,122,71111
EE87830,Breast cancer,123,70224
EE87830,Breast cancer,124,57423
EE87830,Breast cancer,125,48302
EE87830,Breast cancer,126,47363
EE87830,Breast cancer,127,51545
EE87830,Breast cancer,128,58682
EE87830,Breast cancer,129,66555
EE87830,Breast cancer,130,79998
EE87830,Breast cancer,131,103583
EE87830,Breast cancer,132,135364
EE87830,Breast cancer,133,167448
EE87830,Breast cancer,134,176047
EE87830,Breast cancer,135,157751
EE87830,Breast cancer,136,144678
EE87830,Breast cancer,137,157218
EE87830,Breast cancer,138,192030
EE87830,Breast cancer,139,237871
EE87830,Breast cancer,140,283528
EE87830,Breast cancer,141,319363
EE87830,Breast cancer,142,335329
EE87830,Breast cancer,143,337735
EE87830,Breast cancer,144,343910
EE87830,Breast cancer,145,347408
EE87830,Breast cancer,146,350084
EE87830,Breast cancer,147,363630
EE87830,Breast cancer,148,395356
EE87830,Breast cancer,149,430638
EE87830,Breast cancer,150,462825
EE87830,Breast cancer,151,497699
EE87830,Breast cancer,152,526906
EE87830,Breast cancer,153,533629
EE87830,Breast cancer,154,527394
EE87830,Breast cancer,155,539905
EE87830,Breast cancer,156,581120
EE87830,Breast cancer,157,644963
EE87830,Breast cancer,158,724589
EE87830,Breast cancer,159,805370
EE87830,Breast cancer,160,869421
EE87830,Breast cancer,161,925717
EE87830,Breast cancer,162,996654
EE87830,Breast cancer,163,1121224
EE87830,Breast cancer,164,1308417
EE87830,Breast cancer,165,1460545
EE87830,Breast cancer,166,1490685
EE87830,Breast cancer,167,1447018
EE87830,Breast cancer,168,1378648
EE87830,Breast cancer,169,1298318
EE87830,Breast cancer,170,1209162
EE87830,Breast cancer,171,1119750
EE87830,Breast cancer,172,1046476
EE87830,Breast cancer,173,1010522
EE87830,Breast cancer,174,990009
EE87830,Breast cancer,175,968637
EE87830,Breast cancer,176,930324
EE87830,Breast cancer,177,865752
EE87830,Breast cancer,178,787233
EE87830,Breast cancer,179,704634
EE87830,Breast cancer,180,630121
EE87830,Breast cancer,181,560932
EE87830,Breast cancer,182,507433
EE87830,Breast cancer,183,464454
EE87830,Breast cancer,184,431991
EE87830,Breast cancer,185,407114
EE87830,Breast cancer,186,385649
EE87830,Breast cancer,187,365588
EE87830,Breast cancer,188,343075
EE87830,Breast cancer,189,316213
EE87830,Breast cancer,190,286615
EE87830,Breast cancer,191,257133
EE87830,Breast cancer,192,232172
EE87830,Breast cancer,193,209022
EE87830,Breast cancer,194,190514
EE87830,Breast cancer,195,176454
EE87830,Breast cancer,196,165349
EE87830,Breast cancer,197,156582
EE87830,Breast cancer,198,149130
EE87830,Breast cancer,199,139267
EE87830,Breast cancer,200,129790
EE87830,Breast cancer,201,120504
EE87830,Breast cancer,202,109276
EE87830,Breast cancer,203,99856
EE87830,Breast cancer,204,91138
EE87830,Breast cancer,205,84235
EE87830,Breast cancer,206,77769
EE87830,Breast cancer,207,73189
EE87830,Breast cancer,208,68545
EE87830,Breast cancer,209,65072
EE87830,Breast cancer,210,60503
EE87830,Breast cancer,211,55911
EE87830,Breast cancer,212,51722
EE87830,Breast cancer,213,46610
EE87830,Breast cancer,214,42603
EE87830,Breast cancer,215,39358
EE87830,Breast cancer,216,36525
EE87830,Breast cancer,217,33226
EE87830,Breast cancer,218,31241
EE87830,Breast cancer,219,29439
EE87830,Breast cancer,220,27505
EE87830,Breast cancer,221,25608
EE87830,Breast cancer,222,23475
EE87830,Breast cancer,223,21530
EE87830,Breast cancer,224,19856
EE87830,Breast cancer,225,17822
EE87830,Breast cancer,226,16475
EE87830,Breast cancer,227,15162
EE87830,Breast cancer,228,14368
EE87830,Breast cancer,229,13454
EE87830,Breast cancer,230,12658
EE87830,Breast cancer,231,11831
EE87830,Breast cancer,232,10776
EE87830,Breast cancer,233,10011
EE87830,Breast cancer,234,9173
EE87830,Breast cancer,235,5490
EE87830,Breast cancer,236,4999
EE87830,Breast cancer,237,4569
EE87830,Breast cancer,238,4105
EE87831,Breast cancer,85,4
EE87831,Breast cancer,86,226
EE87831,Breast cancer,87,207
EE87831,Breast cancer,88,212
EE87831,Breast cancer,89,366
EE87831,Breast cancer,90,498
EE87831,Breast cancer,91,569
EE87831,Breast cancer,92,591
EE87831,Breast cancer,93,646
EE87831,Breast cancer,94,697
EE87831,Breast cancer,95,720
EE87831,Breast cancer,96,813
EE87831,Breast cancer,97,810
EE87831,Breast cancer,98,893
EE87831,Breast cancer,99,10514
EE87831,Breast cancer,100,12800
EE87831,Breast cancer,101,14345
EE87831,Breast cancer,102,15213
EE87831,Breast cancer,103,15487
EE87831,Breast cancer,104,15329
EE87831,Breast cancer,105,15495
EE87831,Breast cancer,106,16775
EE87831,Breast cancer,107,19364
EE87831,Breast cancer,108,22456
EE87831,Breast cancer,109,26398
EE87831,Breast cancer,110,32577
EE87831,Breast cancer,111,37955
EE87831,Breast cancer,112,38722
EE87831,Breast cancer,113,34675
EE87831,Breast cancer,114,32185
EE87831,Breast cancer,115,32847
EE87831,Breast cancer,116,35831
EE87831,Breast cancer,117,40110
EE87831,Breast cancer,118,45310
EE87831,Breast cancer,119,52875
EE87831,Breast cancer,120,66343
EE87831,Breast cancer,121,85235
EE87831,Breast cancer,122,100205
EE87831,Breast cancer,123,97208
EE87831,Breast cancer,124,78766
EE87831,Breast cancer,125,64613
EE87831,Breast cancer,126,62773
EE87831,Breast cancer,127,68123
EE87831,Breast cancer,128,74762
EE87831,Breast cancer,129,85983
EE87831,Breast cancer,130,103218
EE87831,Breast cancer,131,131421
EE87831,Breast cancer,132,171963
EE87831,Breast cancer,133,213072
EE87831,Breast cancer,134,220982
EE87831,Breast cancer,135,196853
EE87831,Breast cancer,136,175564
EE87831,Breast cancer,137,183712
EE87831,Breast cancer,138,217486
EE87831,Breast cancer,139,268693
EE87831,Breast cancer,140,328542
EE87831,Breast cancer,141,371720
EE87831,Breast cancer,142,383437
EE87831,Breast cancer,143,381430
EE87831,Breast cancer,144,387345
EE87831,Breast cancer,145,393142
EE87831,Breast cancer,146,397070
EE87831,Breast cancer,147,405737
EE87831,Breast cancer,148,427266
EE87831,Breast cancer,149,459309
EE87831,Breast cancer,150,491353
EE87831,Breast cancer,151,530932
EE87831,Breast cancer,152,561260
EE87831,Breast cancer,153,559091
EE87831,Breast cancer,154,538056
EE87831,Breast cancer,155,540141
EE87831,Breast cancer,156,574003
EE87831,Breast cancer,157,633234
EE87831,Breast cancer,158,708800
EE87831,Breast cancer,159,784976
EE87831,Breast cancer,160,845115
EE87831,Breast cancer,161,880528
EE87831,Breast cancer,162,922451
EE87831,Breast cancer,163,1005819
EE87831,Breast cancer,164,1138637
EE87831,Breast cancer,165,1264309
EE87831,Breast cancer,166,1315840
EE87831,Breast cancer,167,1312400
EE87831,Breast cancer,168,1283015
EE87831,Breast cancer,169,1234245
EE87831,Breast cancer,170,1168285
EE87831,Breast cancer,171,1100804
EE87831,Breast cancer,172,1049981
EE87831,Breast cancer,173,1026384
EE87831,Breast cancer,174,1024506
EE87831,Breast cancer,175,1022404
EE87831,Breast cancer,176,1002607
EE87831,Breast cancer,177,953594
EE87831,Breast cancer,178,885298
EE87831,Breast cancer,179,807942
EE87831,Breast cancer,180,735710
EE87831,Breast cancer,181,668215
EE87831,Breast cancer,182,613171
EE87831,Breast cancer,183,570593
EE87831,Breast cancer,184,536405
EE87831,Breast cancer,185,511939
EE87831,Breast cancer,186,494763
EE87831,Breast cancer,187,474728
EE87831,Breast cancer,188,450032
EE87831,Breast cancer,189,420275
EE87831,Breast cancer,190,383553
EE87831,Breast cancer,191,349557
EE87831,Breast cancer,192,316830
EE87831,Breast cancer,193,288106
EE87831,Breast cancer,194,266173
EE87831,Breast cancer,195,247827
EE87831,Breast cancer,196,235072
EE87831,Breast cancer,197,222879
EE87831,Breast cancer,198,213091
EE87831,Breast cancer,199,200971
EE87831,Breast cancer,200,188455
EE87831,Breast cancer,201,174246
EE87831,Breast cancer,202,159352
EE87831,Breast cancer,203,145624
EE87831,Breast cancer,204,133131
EE87831,Breast cancer,205,121945
EE87831,Breast cancer,206,114287
EE87831,Breast cancer,207,106941
EE87831,Breast cancer,208,101056
EE87831,Breast cancer,209,94771
EE87831,Breast cancer,210,89685
EE87831,Breast cancer,211,82492
EE87831,Breast cancer,212,76395
EE87831,Breast cancer,213,69726
EE87831,Breast cancer,214,63277
EE87831,Breast cancer,215,58280
EE87831,Breast cancer,216,53797
EE87831,Breast cancer,217,49684
EE87831,Breast cancer,218,46148
EE87831,Breast cancer,219,43469
EE87831,Breast cancer,220,41013
EE87831,Breast cancer,221,37970
EE87831,Breast cancer,222,34912
EE87831,Breast cancer,223,31996
EE87831,Breast cancer,224,28986
EE87831,Breast cancer,225,26996
EE87831,Breast cancer,226,24719
EE87831,Breast cancer,227,22708
EE87831,Breast cancer,228,21110
EE87831,Breast cancer,229,20048
EE87831,Breast cancer,230,18866
EE87831,Breast cancer,231,17522
EE87831,Breast cancer,232,16531
EE87831,Breast cancer,233,15099
EE87831,Breast cancer,234,14193
EE87831,Breast cancer,235,12902
EE87831,Breast cancer,236,11934
EE87831,Breast cancer,237,11308
EE87831,Breast cancer,238,10756
EE87831,Breast cancer,239,10224
EE87831,Breast cancer,240,9884
EE87831,Breast cancer,241,9458
EE87831,Breast cancer,242,9171
EE87831,Breast cancer,243,8479
EE87831,Breast cancer,244,8116
EE87831,Breast cancer,245,7571
EE87831,Breast cancer,246,7558
EE87831,Breast cancer,247,6903
EE87831,Breast cancer,248,6556
EE87831,Breast cancer,249,6249
EE87831,Breast cancer,250,5934
EE87831,Breast cancer,251,339
EE87831,Breast cancer,252,321
EE87831,Breast cancer,253,299
EE87832,Breast cancer,81,4
EE87832,Breast cancer,82,9
EE87832,Breast cancer,83,11
EE87832,Breast cancer,84,294
EE87832,Breast cancer,85,302
EE87832,Breast cancer,86,450
EE87832,Breast cancer,87,476
EE87832,Breast cancer,88,482
EE87832,Breast cancer,89,594
EE87832,Breast cancer,90,623
EE87832,Breast cancer,91,685
EE87832,Breast cancer,92,771
EE87832,Breast cancer,93,805
EE87832,Breast cancer,94,872
EE87832,Breast cancer,95,1020
EE87832,Breast cancer,96,1054
EE87832,Breast cancer,97,1061
EE87832,Breast cancer,98,1191
EE87832,Breast cancer,99,17467
EE87832,Breast cancer,100,21230
EE87832,Breast cancer,101,24585
EE87832,Breast cancer,102,27613
EE87832,Breast cancer,103,29020
EE87832,Breast cancer,104,28605
EE87832,Breast cancer,105,28963
EE87832,Breast cancer,106,31548
EE87832,Breast cancer,107,34600
EE87832,Breast cancer,108,38463
EE87832,Breast cancer,109,42441
EE87832,Breast cancer,110,48255
EE87832,Breast cancer,111,53506
EE87832,Breast cancer,112,54202
EE87832,Breast cancer,113,50647
EE87832,Breast cancer,114,47704
EE87832,Breast cancer,115,48721
EE87832,Breast cancer,116,52686
EE87832,Breast cancer,117,58245
EE87832,Breast cancer,118,62159
EE87832,Breast cancer,119,66647
EE87832,Breast cancer,120,76550
EE87832,Breast cancer,121,93879
EE87832,Breast cancer,122,106376
EE87832,Breast cancer,123,104922
EE87832,Breast cancer,124,88481
EE87832,Breast cancer,125,77665
EE87832,Breast cancer,126,78751
EE87832,Breast cancer,127,85567
EE87832,Breast cancer,128,94536
EE87832,Breast cancer,129,105349
EE87832,Breast cancer,130,123148
EE87832,Breast cancer,131,150589
EE87832,Breast cancer,132,188249
EE87832,Breast cancer,133,224193
EE87832,Breast cancer,134,232431
EE87832,Breast cancer,135,216043
EE87832,Breast cancer,136,206196
EE87832,Breast cancer,137,223600
EE87832,Breast cancer,138,260807
EE87832,Breast cancer,139,307282
EE87832,Breast cancer,140,353199
EE87832,Breast cancer,141,386293
EE87832,Breast cancer,142,399727
EE87832,Breast cancer,143,402859
EE87832,Breast cancer,144,410765
EE87832,Breast cancer,145,420425
EE87832,Breast cancer,146,425850
EE87832,Breast cancer,147,439679
EE87832,Breast cancer,148,460797
EE87832,Breast cancer,149,485290
EE87832,Breast cancer,150,505077
EE87832,Breast cancer,151,530621
EE87832,Breast cancer,152,550173
EE87832,Breast cancer,153,550350
EE87832,Breast cancer,154,542587
EE87832,Breast cancer,155,552859
EE87832,Breast cancer,156,588950
EE87832,Breast cancer,157,641363
EE87832,Breast cancer,158,700394
EE87832,Breast cancer,159,754213
EE87832,Breast cancer,160,791552
EE87832,Breast cancer,161,821699
EE87832,Breast cancer,162,866159
EE87832,Breast cancer,163,949520
EE87832,Breast cancer,164,1066701
EE87832,Breast cancer,165,1163830
EE87832,Breast cancer,166,1180402
EE87832,Breast cancer,167,1140774
EE87832,Breast cancer,168,1077045
EE87832,Breast cancer,169,1007345
EE87832,Breast cancer,170,932672
EE87832,Breast cancer,171,860822
EE87832,Breast cancer,172,799362
EE87832,Breast cancer,173,757445
EE87832,Breast cancer,174,728879
EE87832,Breast cancer,175,698667
EE87832,Breast cancer,176,656033
EE87832,Breast cancer,177,601034
EE87832,Breast cancer,178,537600
EE87832,Breast cancer,179,476079
EE87832,Breast cancer,180,420786
EE87832,Breast cancer,181,373434
EE87832,Breast cancer,182,331997
EE87832,Breast cancer,183,300296
EE87832,Breast cancer,184,274595
EE87832,Breast cancer,185,254922
EE87832,Breast cancer,186,236150
EE87832,Breast cancer,187,218580
EE87832,Breast cancer,188,200582
EE87832,Breast cancer,189,182805
EE87832,Breast cancer,190,163110
EE87832,Breast cancer,191,146135
EE87832,Breast cancer,192,130931
EE87832,Breast cancer,193,117411
EE87832,Breast cancer,194,107447
EE87832,Breast cancer,195,98819
EE87832,Breast cancer,196,92296
EE87832,Breast cancer,197,86923
EE87832,Breast cancer,198,80551
EE87832,Breast cancer,199,75560
EE87832,Breast cancer,200,70342
EE87832,Breast cancer,201,64333
EE87832,Breast cancer,202,58820
EE87832,Breast cancer,203,53583
EE87832,Breast cancer,204,48782
EE87832,Breast cancer,205,45435
EE87832,Breast cancer,206,41842
EE87832,Breast cancer,207,38942
EE87832,Breast cancer,208,36450
EE87832,Breast cancer,209,33919
EE87832,Breast cancer,210,31353
EE87832,Breast cancer,211,29071
EE87832,Breast cancer,212,26841
EE87832,Breast cancer,213,24502
EE87832,Breast cancer,214,22296
EE87832,Breast cancer,215,20436
EE87832,Breast cancer,216,18770
EE87832,Breast cancer,217,17351
EE87832,Breast cancer,218,16013
EE87832,Breast cancer,219,14996
EE87832,Breast cancer,220,14216
EE87832,Breast cancer,221,13205
EE87832,Breast cancer,222,11990
EE87832,Breast cancer,223,11165
EE87832,Breast cancer,224,10093
EE87832,Breast cancer,225,9083
EE87832,Breast cancer,226,8560
EE87832,Breast cancer,227,8031
EE87832,Breast cancer,228,7511
EE87832,Breast cancer,229,7238
EE87832,Breast cancer,230,6806
EE87832,Breast cancer,231,6494
EE87832,Breast cancer,232,6237
EE87832,Breast cancer,233,5858
EE87832,Breast cancer,234,5469
EE87832,Breast cancer,235,5150
EE87832,Breast cancer,236,4824
EE87832,Breast cancer,237,4744
EE87832,Breast cancer,238,4405
EE87832,Breast cancer,239,4125
EE87832,Breast cancer,240,3981
EE87832,Breast cancer,241,547
EE87832,Breast cancer,242,558
EE87832,Breast cancer,243,487
EE87833,Breast cancer,85,5
EE87833,Breast cancer,86,33
EE87833,Breast cancer,87,61
EE87833,Breast cancer,88,55
EE87833,Breast cancer,89,322
EE87833,Breast cancer,90,363
EE87833,Breast cancer,91,409
EE87833,Breast cancer,92,386
EE87833,Breast cancer,93,460
EE87833,Breast cancer,94,454
EE87833,Breast cancer,95,529
EE87833,Breast cancer,96,569
EE87833,Breast cancer,97,568
EE87833,Breast cancer,98,650
EE87833,Breast cancer,99,8962
EE87833,Breast cancer,100,10935
EE87833,Breast cancer,101,12271
EE87833,Breast cancer,102,13507
EE87833,Breast cancer,103,13861
EE87833,Breast cancer,104,13610
EE87833,Breast cancer,105,14028
EE87833,Breast cancer,106,15057
EE87833,Breast cancer,107,17213
EE87833,Breast cancer,108,19145
EE87833,Breast cancer,109,21281
EE87833,Breast cancer,110,24727
EE87833,Breast cancer,111,27963
EE87833,Breast cancer,112,27952
EE87833,Breast cancer,113,25972
EE87833,Breast cancer,114,24200
EE87833,Breast cancer,115,25180
EE87833,Breast cancer,116,27166
EE87833,Breast cancer,117,29879
EE87833,Breast cancer,118,32669
EE87833,Breast cancer,119,35601
EE87833,Breast cancer,120,42148
EE87833,Breast cancer,121,52264
EE87833,Breast cancer,122,60315
EE87833,Breast cancer,123,58751
EE87833,Breast cancer,124,49194
EE87833,Breast cancer,125,42376
EE87833,Breast cancer,126,42013
EE87833,Breast cancer,127,45401
EE87833,Breast cancer,128,50120
EE87833,Breast cancer,129,56366
EE87833,Breast cancer,130,66603
EE87833,Breast cancer,131,82400
EE87833,Breast cancer,132,104855
EE87833,Breast cancer,133,125749
EE87833,Breast cancer,134,130989
EE87833,Breast cancer,135,119336
EE87833,Breast cancer,136,112440
EE87833,Breast cancer,137,119950
EE87833,Breast cancer,138,140159
EE87833,Breast cancer,139,166916
EE87833,Breast cancer,140,196097
EE87833,Breast cancer,141,217883
EE87833,Breast cancer,142,225240
EE87833,Breast cancer,143,226528
EE87833,Breast cancer,144,230160
EE87833,Breast cancer,145,235701
EE87833,Breast cancer,146,239866
EE87833,Breast cancer,147,248671
EE87833,Breast cancer,148,263563
EE87833,Breast cancer,149,283632
EE87833,Breast cancer,150,303501
EE87833,Breast cancer,151,323598
EE87833,Breast cancer,152,341197
EE87833,Breast cancer,153,346656
EE87833,Breast cancer,154,346019
EE87833,Breast cancer,155,356556
EE87833,Breast cancer,156,383230
EE87833,Breast cancer,157,422706
EE87833,Breast cancer,158,467260
EE87833,Breast cancer,159,510202
EE87833,Breast cancer,160,541170
EE87833,Breast cancer,161,566282
EE87833,Breast cancer,162,597757
EE87833,Breast cancer,163,653061
EE87833,Breast cancer,164,734669
EE87833,Breast cancer,165,809571
EE87833,Breast cancer,166,834935
EE87833,Breast cancer,167,825873
EE87833,Breast cancer,168,798025
EE87833,Breast cancer,169,762826
EE87833,Breast cancer,170,722927
EE87833,Breast cancer,171,680042
EE87833,Breast cancer,172,649907
EE87833,Breast cancer,173,634130
EE87833,Breast cancer,174,627426
EE87833,Breast cancer,175,617394
EE87833,Breast cancer,176,599997
EE87833,Breast cancer,177,567863
EE87833,Breast cancer,178,527952
EE87833,Breast cancer,179,484396
EE87833,Breast cancer,180,444656
EE87833,Breast cancer,181,407479
EE87833,Breast cancer,182,375596
EE87833,Breast cancer,183,352191
EE87833,Breast cancer,184,330973
EE87833,Breast cancer,185,314567
EE87833,Breast cancer,186,299553
EE87833,Breast cancer,187,283851
EE87833,Breast cancer,188,266768
EE87833,Breast cancer,189,249057
EE87833,Breast cancer,190,230781
EE87833,Breast cancer,191,212970
EE87833,Breast cancer,192,195805
EE87833,Breast cancer,193,181276
EE87833,Breast cancer,194,169150
EE87833,Breast cancer,195,159483
EE87833,Breast cancer,196,151109
EE87833,Breast cancer,197,142940
EE87833,Breast cancer,198,135288
EE87833,Breast cancer,199,127826
EE87833,Breast cancer,200,120832
EE87833,Breast cancer,201,112110
EE87833,Breast cancer,202,104463
EE87833,Breast cancer,203,97012
EE87833,Breast cancer,204,90635
EE87833,Breast cancer,205,85015
EE87833,Breast cancer,206,79223
EE87833,Breast cancer,207,74839
EE87833,Breast cancer,208,69916
EE87833,Breast cancer,209,65365
EE87833,Breast cancer,210,61644
EE87833,Breast cancer,211,57801
EE87833,Breast cancer,212,53402
EE87833,Breast cancer,213,49871
EE87833,Breast cancer,214,46021
EE87833,Breast cancer,215,42240
EE87833,Breast cancer,216,39366
EE87833,Breast cancer,217,36662
EE87833,Breast cancer,218,34396
EE87833,Breast cancer,219,31610
EE87833,Breast cancer,220,29856
EE87833,Breast cancer,221,27855
EE87833,Breast cancer,222,26119
EE87833,Breast cancer,223,24091
EE87833,Breast cancer,224,22171
EE87833,Breast cancer,225,20553
EE87833,Breast cancer,226,19055
EE87833,Breast cancer,227,17769
EE87833,Breast cancer,228,16382
EE87833,Breast cancer,229,15353
EE87833,Breast cancer,230,14097
EE87833,Breast cancer,231,13293
EE87833,Breast cancer,232,12358
EE87833,Breast cancer,233,11468
EE87833,Breast cancer,234,10904
EE87833,Breast cancer,235,10116
EE87833,Breast cancer,236,9206
EE87833,Breast cancer,237,8862
EE87833,Breast cancer,238,8238
EE87833,Breast cancer,239,7752
EE87833,Breast cancer,240,7548
EE87833,Breast cancer,241,7144
EE87833,Breast cancer,242,6964
EE87833,Breast cancer,243,6332
EE87833,Breast cancer,244,5608
EE87833,Breast cancer,245,5346
EE87833,Breast cancer,246,5102
EE87833,Breast cancer,247,4969
EE87833,Breast cancer,248,4816
EE87833,Breast cancer,249,4396
EE87833,Breast cancer,250,4352
EE87833,Breast cancer,251,2502
EE87833,Breast cancer,252,2373
EE87833,Breast cancer,253,2493
EE87833,Breast cancer,254,2076
EE87834,Breast cancer,82,7
EE87834,Breast cancer,83,148
EE87834,Breast cancer,84,215
EE87834,Breast cancer,85,213
EE87834,Breast cancer,86,303
EE87834,Breast cancer,87,405
EE87834,Breast cancer,88,452
EE87834,Breast cancer,89,498
EE87834,Breast cancer,90,518
EE87834,Breast cancer,91,501
EE87834,Breast cancer,92,619
EE87834,Breast cancer,93,651
EE87834,Breast cancer,94,668
EE87834,Breast cancer,95,724
EE87834,Breast cancer,96,784
EE87834,Breast cancer,97,854
EE87834,Breast cancer,98,918
EE87834,Breast cancer,99,12084
EE87834,Breast cancer,100,14916
EE87834,Breast cancer,101,16666
EE87834,Breast cancer,102,18024
EE87834,Breast cancer,103,18421
EE87834,Breast cancer,104,18203
EE87834,Breast cancer,105,17965
EE87834,Breast cancer,106,18940
EE87834,Breast cancer,107,21318
EE87834,Breast cancer,108,23433
EE87834,Breast cancer,109,27403
EE87834,Breast cancer,110,32761
EE87834,Breast cancer,111,37051
EE87834,Breast cancer,112,37975
EE87834,Breast cancer,113,34487
EE87834,Breast cancer,114,32314
EE87834,Breast cancer,115,32381
EE87834,Breast cancer,116,34629
EE87834,Breast cancer,117,38404
EE87834,Breast cancer,118,41854
EE87834,Breast cancer,119,47030
EE87834,Breast cancer,120,57271
EE87834,Breast cancer,121,72993
EE87834,Breast cancer,122,85574
EE87834,Breast cancer,123,83004
EE87834,Breast cancer,124,66780
EE87834,Breast cancer,125,54161
EE87834,Breast cancer,126,53182
EE87834,Breast cancer,127,57092
EE87834,Breast cancer,128,63627
EE87834,Breast cancer,129,72075
EE87834,Breast cancer,130,86822
EE87834,Breast cancer,131,109823
EE87834,Breast cancer,132,144954
EE87834,Breast cancer,133,177464
EE87834,Breast cancer,134,184559
EE87834,Breast cancer,135,165344
EE87834,Breast cancer,136,150130
EE87834,Breast cancer,137,156793
EE87834,Breast cancer,138,183637
EE87834,Breast cancer,139,224138
EE87834,Breast cancer,140,273144
EE87834,Breast cancer,141,311894
EE87834,Breast cancer,142,323954
EE87834,Breast cancer,143,323832
EE87834,Breast cancer,144,326712
EE87834,Breast cancer,145,330893
EE87834,Breast cancer,146,328756
EE87834,Breast cancer,147,331950
EE87834,Breast cancer,148,344680
EE87834,Breast cancer,149,365358
EE87834,Breast cancer,150,389653
EE87834,Breast cancer,151,420207
EE87834,Breast cancer,152,446637
EE87834,Breast cancer,153,444449
EE87834,Breast cancer,154,428777
EE87834,Breast cancer,155,428707
EE87834,Breast cancer,156,453439
EE87834,Breast cancer,157,495258
EE87834,Breast cancer,158,547420
EE87834,Breast cancer,159,598154
EE87834,Breast cancer,160,638531
EE87834,Breast cancer,161,665943
EE87834,Breast cancer,162,696742
EE87834,Breast cancer,163,754953
EE87834,Breast cancer,164,842759
EE87834,Breast cancer,165,924580
EE87834,Breast cancer,166,956457
EE87834,Breast cancer,167,947367
EE87834,Breast cancer,168,918191
EE87834,Breast cancer,169,878367
EE87834,Breast cancer,170,829336
EE87834,Breast cancer,171,777863
EE87834,Breast cancer,172,734121
EE87834,Breast cancer,173,708833
EE87834,Breast cancer,174,694744
EE87834,Breast cancer,175,677829
EE87834,Breast cancer,176,654214
EE87834,Breast cancer,177,612094
EE87834,Breast cancer,178,563811
EE87834,Breast cancer,179,510944
EE87834,Breast cancer,180,462223
EE87834,Breast cancer,181,418693
EE87834,Breast cancer,182,380655
EE87834,Breast cancer,183,349900
EE87834,Breast cancer,184,324631
EE87834,Breast cancer,185,306401
EE87834,Breast cancer,186,289528
EE87834,Breast cancer,187,273942
EE87834,Breast cancer,188,255818
EE87834,Breast cancer,189,236594
EE87834,Breast cancer,190,215632
EE87834,Breast cancer,191,196339
EE87834,Breast cancer,192,177655
EE87834,Breast cancer,193,161514
EE87834,Breast cancer,194,147542
EE87834,Breast cancer,195,137100
EE87834,Breast cancer,196,129301
EE87834,Breast cancer,197,121617
EE87834,Breast cancer,198,115738
EE87834,Breast cancer,199,108767
EE87834,Breast cancer,200,102395
EE87834,Breast cancer,201,94319
EE87834,Breast cancer,202,86163
EE87834,Breast cancer,203,79745
EE87834,Breast cancer,204,73002
EE87834,Breast cancer,205,67160
EE87834,Breast cancer,206,62349
EE87834,Breast cancer,207,58340
EE87834,Breast cancer,208,55145
EE87834,Breast cancer,209,51824
EE87834,Breast cancer,210,48469
EE87834,Breast cancer,211,44725
EE87834,Breast cancer,212,41560
EE87834,Breast cancer,213,38456
EE87834,Breast cancer,214,35162
EE87834,Breast cancer,215,32384
EE87834,Breast cancer,216,30106
EE87834,Breast cancer,217,27714
EE87834,Breast cancer,218,25832
EE87834,Breast cancer,219,24355
EE87834,Breast cancer,220,22771
EE87834,Breast cancer,221,21613
EE87834,Breast cancer,222,19688
EE87834,Breast cancer,223,18217
EE87834,Breast cancer,224,16712
EE87834,Breast cancer,225,15598
EE87834,Breast cancer,226,14225
EE87834,Breast cancer,227,13184
EE87834,Breast cancer,228,12268
EE87834,Breast cancer,229,11785
EE87834,Breast cancer,230,10916
EE87834,Breast cancer,231,10400
EE87834,Breast cancer,232,9622
EE87834,Breast cancer,233,9100
EE87834,Breast cancer,234,8380
EE87834,Breast cancer,235,7807
EE87834,Breast cancer,236,7373
EE87834,Breast cancer,237,6820
EE87834,Breast cancer,238,6786
EE87834,Breast cancer,239,6350
EE87834,Breast cancer,240,6352
EE87834,Breast cancer,241,5943
EE87834,Breast cancer,242,5524
EE87834,Breast cancer,243,5277
EE87834,Breast cancer,244,5212
EE87834,Breast cancer,245,4486
EE87834,Breast cancer,246,4245
EE87834,Breast cancer,247,4070
EE87834,Breast cancer,248,432
EE87834,Breast cancer,249,422
EE87834,Breast cancer,250,418
EE87835,Breast cancer,63,6
EE87835,Breast cancer,64,3
EE87835,Breast cancer,65,3
EE87835,Breast cancer,66,5
EE87835,Breast cancer,67,7
EE87835,Breast cancer,68,3
EE87835,Breast cancer,69,8
EE87835,Breast cancer,70,7
EE87835,Breast cancer,71,7
EE87835,Breast cancer,72,13
EE87835,Breast cancer,73,11
EE87835,Breast cancer,74,12
EE87835,Breast cancer,75,10
EE87835,Breast cancer,76,14
EE87835,Breast cancer,77,12
EE87835,Breast cancer,78,17
EE87835,Breast cancer,79,43
EE87835,Breast cancer,80,35
EE87835,Breast cancer,81,36
EE87835,Breast cancer,82,58
EE87835,Breast cancer,83,52
EE87835,Breast cancer,84,60
EE87835,Breast cancer,85,223
EE87835,Breast cancer,86,232
EE87835,Breast cancer,87,257
EE87835,Breast cancer,88,274
EE87835,Breast cancer,89,333
EE87835,Breast cancer,90,354
EE87835,Breast cancer,91,348
EE87835,Breast cancer,92,344
EE87835,Breast cancer,93,452
EE87835,Breast cancer,94,467
EE87835,Breast cancer,95,449
EE87835,Breast cancer,96,515
EE87835,Breast cancer,97,541
EE87835,Breast cancer,98,539
EE87835,Breast cancer,99,3969
EE87835,Breast cancer,100,4617
EE87835,Breast cancer,101,5056
EE87835,Breast cancer,102,5356
EE87835,Breast cancer,103,5771
EE87835,Breast cancer,104,5749
EE87835,Breast cancer,105,5947
EE87835,Breast cancer,106,6762
EE87835,Breast cancer,107,7318
EE87835,Breast cancer,108,8328
EE87835,Breast cancer,109,9206
EE87835,Breast cancer,110,10541
EE87835,Breast cancer,111,11873
EE87835,Breast cancer,112,12457
EE87835,Breast cancer,113,11800
EE87835,Breast cancer,114,11457
EE87835,Breast cancer,115,12115
EE87835,Breast cancer,116,13014
EE87835,Breast cancer,117,14988
EE87835,Breast cancer,118,16449
EE87835,Breast cancer,119,18494
EE87835,Breast cancer,120,21616
EE87835,Breast cancer,121,26708
EE87835,Breast cancer,122,31006
EE87835,Breast cancer,123,31221
EE87835,Breast cancer,124,27336
EE87835,Breast cancer,125,25096
EE87835,Breast cancer,126,26012
EE87835,Breast cancer,127,29040
EE87835,Breast cancer,128,33016
EE87835,Breast cancer,129,37410
EE87835,Breast cancer,130,44568
EE87835,Breast cancer,131,54579
EE87835,Breast cancer,132,68622
EE87835,Breast cancer,133,82721
EE87835,Breast cancer,134,89009
EE87835,Breast cancer,135,85297
EE87835,Breast cancer,136,83333
EE87835,Breast cancer,137,88541
EE87835,Breast cancer,138,101140
EE87835,Breast cancer,139,117500
EE87835,Breast cancer,140,137761
EE87835,Breast cancer,141,152063
EE87835,Breast cancer,142,161896
EE87835,Breast cancer,143,168965
EE87835,Breast cancer,144,181469
EE87835,Breast cancer,145,198594
EE87835,Breast cancer,146,219543
EE87835,Breast cancer,147,246650
EE87835,Breast cancer,148,279958
EE87835,Breast cancer,149,311960
EE87835,Breast cancer,150,338856
EE87835,Breast cancer,151,362153
EE87835,Breast cancer,152,382033
EE87835,Breast cancer,153,391666
EE87835,Breast cancer,154,394354
EE87835,Breast cancer,155,401522
EE87835,Breast cancer,156,414304
EE87835,Breast cancer,157,431299
EE87835,Breast cancer,158,449997
EE87835,Breast cancer,159,469213
EE87835,Breast cancer,160,485789
EE87835,Breast cancer,161,498562
EE87835,Breast cancer,162,517257
EE87835,Breast cancer,163,546264
EE87835,Breast cancer,164,589483
EE87835,Breast cancer,165,628016
EE87835,Breast cancer,166,643196
EE87835,Breast cancer,167,639021
EE87835,Breast cancer,168,624688
EE87835,Breast cancer,169,606122
EE87835,Breast cancer,170,585990
EE87835,Breast cancer,171,563393
EE87835,Breast cancer,172,545417
EE87835,Breast cancer,173,536584
EE87835,Breast cancer,174,532040
EE87835,Breast cancer,175,526036
EE87835,Breast cancer,176,515133
EE87835,Breast cancer,177,497766
EE87835,Breast cancer,178,472495
EE87835,Breast cancer,179,448530
EE87835,Breast cancer,180,422587
EE87835,Breast cancer,181,397362
EE87835,Breast cancer,182,376949
EE87835,Breast cancer,183,358870
EE87835,Breast cancer,184,343527
EE87835,Breast cancer,185,330388
EE87835,Breast cancer,186,318081
EE87835,Breast cancer,187,304044
EE87835,Breast cancer,188,292388
EE87835,Breast cancer,189,277768
EE87835,Breast cancer,190,262883
EE87835,Breast cancer,191,249550
EE87835,Breast cancer,192,235496
EE87835,Breast cancer,193,224748
EE87835,Breast cancer,194,213104
EE87835,Breast cancer,195,202386
EE87835,Breast cancer,196,194898
EE87835,Breast cancer,197,186552
EE87835,Breast cancer,198,177549
EE87835,Breast cancer,199,169694
EE87835,Breast cancer,200,161478
EE87835,Breast cancer,201,153779
EE87835,Breast cancer,202,145199
EE87835,Breast cancer,203,137254
EE87835,Breast cancer,204,129011
EE87835,Breast cancer,205,123245
EE87835,Breast cancer,206,116285
EE87835,Breast cancer,207,110562
EE87835,Breast cancer,208,104383
EE87835,Breast cancer,209,98586
EE87835,Breast cancer,210,93555
EE87835,Breast cancer,211,87952
EE87835,Breast cancer,212,83304
EE87835,Breast cancer,213,78577
EE87835,Breast cancer,214,73286
EE87835,Breast cancer,215,68097
EE87835,Breast cancer,216,64294
EE87835,Breast cancer,217,60401
EE87835,Breast cancer,218,56570
EE87835,Breast cancer,219,52843
EE87835,Breast cancer,220,49728
EE87835,Breast cancer,221,46983
EE87835,Breast cancer,222,44215
EE87835,Breast cancer,223,41301
EE87835,Breast cancer,224,38567
EE87835,Breast cancer,225,35998
EE87835,Breast cancer,226,33537
EE87835,Breast cancer,227,31571
EE87835,Breast cancer,228,29236
EE87835,Breast cancer,229,27716
EE87835,Breast cancer,230,25787
EE87835,Breast cancer,231,23521
EE87835,Breast cancer,232,22031
EE87835,Breast cancer,233,20591
EE87835,Breast cancer,234,19228
EE87835,Breast cancer,235,18293
EE87835,Breast cancer,236,16841
EE87835,Breast cancer,237,15527
EE87835,Breast cancer,238,14505
EE87835,Breast cancer,239,13930
EE87835,Breast cancer,240,12775
EE87835,Breast cancer,241,12088
EE87835,Breast cancer,242,11505
EE87835,Breast cancer,243,10741
EE87835,Breast cancer,244,10092
EE87835,Breast cancer,245,9700
EE87835,Breast cancer,246,8790
EE87835,Breast cancer,247,8374
EE87835,Breast cancer,248,7821
EE87835,Breast cancer,249,7489
EE87835,Breast cancer,250,7080
EE87835,Breast cancer,251,6844
EE87835,Breast cancer,252,6342
EE87835,Breast cancer,253,6120
EE87835,Breast cancer,254,5594
EE87835,Breast cancer,255,5143
EE87835,Breast cancer,256,4846
EE87835,Breast cancer,257,4780
EE87835,Breast cancer,258,4618
EE87835,Breast cancer,259,4337
EE87835,Breast cancer,260,4169
EE87835,Breast cancer,261,3973
EE87835,Breast cancer,262,3812
EE87835,Breast cancer,263,3680
EE87835,Breast cancer,264,3610
EE87835,Breast cancer,265,3616
EE87835,Breast cancer,266,3398
EE87835,Breast cancer,267,3258
EE87835,Breast cancer,268,3142
EE87835,Breast cancer,269,3046
EE87835,Breast cancer,270,3147
EE87835,Breast cancer,271,2959
EE87835,Breast cancer,272,3012
EE87835,Breast cancer,273,2986
EE87835,Breast cancer,274,2945
EE87835,Breast cancer,275,3034
EE87835,Breast cancer,276,3064
EE87835,Breast cancer,277,3135
EE87835,Breast cancer,278,3011
EE87835,Breast cancer,279,3070
EE87835,Breast cancer,280,3192
EE87835,Breast cancer,281,3274
EE87835,Breast cancer,282,3555
EE87835,Breast cancer,283,3630
EE87835,Breast cancer,284,3368
EE87835,Breast cancer,285,1623
EE87835,Breast cancer,286,1744
EE87835,Breast cancer,287,1603
EE87836,Breast cancer,69,4
EE87836,Breast cancer,70,7
EE87836,Breast cancer,71,3
EE87836,Breast cancer,72,10
EE87836,Breast cancer,73,7
EE87836,Breast cancer,74,10
EE87836,Breast cancer,75,9
EE87836,Breast cancer,76,11
EE87836,Breast cancer,77,14
EE87836,Breast cancer,78,13
EE87836,Breast cancer,79,20
EE87836,Breast cancer,80,22
EE87836,Breast cancer,81,25
EE87836,Breast cancer,82,21
EE87836,Breast cancer,83,39
EE87836,Breast cancer,84,54
EE87836,Breast cancer,85,30
EE87836,Breast cancer,86,40
EE87836,Breast cancer,87,54
EE87836,Breast cancer,88,66
EE87836,Breast cancer,89,66
EE87836,Breast cancer,90,87
EE87836,Breast cancer,91,107
EE87836,Breast cancer,92,118
EE87836,Breast cancer,93,322
EE87836,Breast cancer,94,359
EE87836,Breast cancer,95,371
EE87836,Breast cancer,96,378
EE87836,Breast cancer,97,412
EE87836,Breast cancer,98,413
EE87836,Breast cancer,99,3330
EE87836,Breast cancer,100,3719
EE87836,Breast cancer,101,4093
EE87836,Breast cancer,102,4433
EE87836,Breast cancer,103,4543
EE87836,Breast cancer,104,4665
EE87836,Breast cancer,105,4831
EE87836,Breast cancer,106,5341
EE87836,Breast cancer,107,5871
EE87836,Breast cancer,108,6487
EE87836,Breast cancer,109,7367
EE87836,Breast cancer,110,8830
EE87836,Breast cancer,111,10185
EE87836,Breast cancer,112,10570
EE87836,Breast cancer,113,9686
EE87836,Breast cancer,114,9729
EE87836,Breast cancer,115,10283
EE87836,Breast cancer,116,11226
EE87836,Breast cancer,117,12417
EE87836,Breast cancer,118,13943
EE87836,Breast cancer,119,15926
EE87836,Breast cancer,120,19398
EE87836,Breast cancer,121,24547
EE87836,Breast cancer,122,28260
EE87836,Breast cancer,123,28705
EE87836,Breast cancer,124,24507
EE87836,Breast cancer,125,22092
EE87836,Breast cancer,126,22323
EE87836,Breast cancer,127,24780
EE87836,Breast cancer,128,27772
EE87836,Breast cancer,129,31925
EE87836,Breast cancer,130,37949
EE87836,Breast cancer,131,46901
EE87836,Breast cancer,132,60850
EE87836,Breast cancer,133,74037
EE87836,Breast cancer,134,78487
EE87836,Breast cancer,135,74820
EE87836,Breast cancer,136,71386
EE87836,Breast cancer,137,77644
EE87836,Breast cancer,138,91665
EE87836,Breast cancer,139,109913
EE87836,Breast cancer,140,128250
EE87836,Breast cancer,141,142677
EE87836,Breast cancer,142,149879
EE87836,Breast cancer,143,154283
EE87836,Breast cancer,144,161567
EE87836,Breast cancer,145,168970
EE87836,Breast cancer,146,176002
EE87836,Breast cancer,147,187952
EE87836,Breast cancer,148,203449
EE87836,Breast cancer,149,221145
EE87836,Breast cancer,150,241941
EE87836,Breast cancer,151,263828
EE87836,Breast cancer,152,286267
EE87836,Breast cancer,153,302039
EE87836,Breast cancer,154,314795
EE87836,Breast cancer,155,333075
EE87836,Breast cancer,156,364410
EE87836,Breast cancer,157,398499
EE87836,Breast cancer,158,435866
EE87836,Breast cancer,159,468329
EE87836,Breast cancer,160,498052
EE87836,Breast cancer,161,527070
EE87836,Breast cancer,162,562161
EE87836,Breast cancer,163,621433
EE87836,Breast cancer,164,698674
EE87836,Breast cancer,165,761925
EE87836,Breast cancer,166,781833
EE87836,Breast cancer,167,766065
EE87836,Breast cancer,168,737561
EE87836,Breast cancer,169,704088
EE87836,Breast cancer,170,671418
EE87836,Breast cancer,171,637796
EE87836,Breast cancer,172,612922
EE87836,Breast cancer,173,598732
EE87836,Breast cancer,174,591231
EE87836,Breast cancer,175,579066
EE87836,Breast cancer,176,560187
EE87836,Breast cancer,177,533657
EE87836,Breast cancer,178,503324
EE87836,Breast cancer,179,472875
EE87836,Breast cancer,180,444952
EE87836,Breast cancer,181,417961
EE87836,Breast cancer,182,396798
EE87836,Breast cancer,183,376768
EE87836,Breast cancer,184,360672
EE87836,Breast cancer,185,345381
EE87836,Breast cancer,186,329770
EE87836,Breast cancer,187,315379
EE87836,Breast cancer,188,302177
EE87836,Breast cancer,189,288405
EE87836,Breast cancer,190,274147
EE87836,Breast cancer,191,261514
EE87836,Breast cancer,192,249166
EE87836,Breast cancer,193,237464
EE87836,Breast cancer,194,228763
EE87836,Breast cancer,195,219607
EE87836,Breast cancer,196,211732
EE87836,Breast cancer,197,201418
EE87836,Breast cancer,198,193297
EE87836,Breast cancer,199,185819
EE87836,Breast cancer,200,177834
EE87836,Breast cancer,201,170899
EE87836,Breast cancer,202,162113
EE87836,Breast cancer,203,154557
EE87836,Breast cancer,204,148164
EE87836,Breast cancer,205,141304
EE87836,Breast cancer,206,134255
EE87836,Breast cancer,207,127937
EE87836,Breast cancer,208,121105
EE87836,Breast cancer,209,114768
EE87836,Breast cancer,210,108593
EE87836,Breast cancer,211,102617
EE87836,Breast cancer,212,97917
EE87836,Breast cancer,213,91354
EE87836,Breast cancer,214,85954
EE87836,Breast cancer,215,80817
EE87836,Breast cancer,216,76160
EE87836,Breast cancer,217,71335
EE87836,Breast cancer,218,66754
EE87836,Breast cancer,219,62803
EE87836,Breast cancer,220,58986
EE87836,Breast cancer,221,55237
EE87836,Breast cancer,222,52099
EE87836,Breast cancer,223,48652
EE87836,Breast cancer,224,46083
EE87836,Breast cancer,225,42559
EE87836,Breast cancer,226,39720
EE87836,Breast cancer,227,37701
EE87836,Breast cancer,228,34877
EE87836,Breast cancer,229,32769
EE87836,Breast cancer,230,30106
EE87836,Breast cancer,231,28197
EE87836,Breast cancer,232,25962
EE87836,Breast cancer,233,24373
EE87836,Breast cancer,234,22652
EE87836,Breast cancer,235,21025
EE87836,Breast cancer,236,19510
EE87836,Breast cancer,237,18251
EE87836,Breast cancer,238,17374
EE87836,Breast cancer,239,15959
EE87836,Breast cancer,240,15195
EE87836,Breast cancer,241,14285
EE87836,Breast cancer,242,13311
EE87836,Breast cancer,243,12499
EE87836,Breast cancer,244,11808
EE87836,Breast cancer,245,10885
EE87836,Breast cancer,246,10536
EE87836,Breast cancer,247,9665
EE87836,Breast cancer,248,8568
EE87836,Breast cancer,249,8241
EE87836,Breast cancer,250,7623
EE87836,Breast cancer,251,7123
EE87836,Breast cancer,252,6843
EE87836,Breast cancer,253,6553
EE87836,Breast cancer,254,6269
EE87836,Breast cancer,255,5841
EE87836,Breast cancer,256,5638
EE87836,Breast cancer,257,5204
EE87836,Breast cancer,258,4989
EE87836,Breast cancer,259,4749
EE87836,Breast cancer,260,4561
EE87836,Breast cancer,261,4380
EE87836,Breast cancer,262,4290
EE87836,Breast cancer,263,4164
EE87836,Breast cancer,264,3938
EE87836,Breast cancer,265,3764
EE87836,Breast cancer,266,3683
EE87836,Breast cancer,267,3572
EE87836,Breast cancer,268,3425
EE87836,Breast cancer,269,3290
EE87836,Breast cancer,270,3236
EE87836,Breast cancer,271,3219
EE87836,Breast cancer,272,3290
EE87836,Breast cancer,273,3239
EE87836,Breast cancer,274,3103
EE87836,Breast cancer,275,3081
EE87836,Breast cancer,276,3140
EE87836,Breast cancer,277,3154
EE87836,Breast cancer,278,3104
EE87836,Breast cancer,279,3107
EE87836,Breast cancer,280,3086
EE87836,Breast cancer,281,3154
EE87836,Breast cancer,282,3268
EE87836,Breast cancer,283,2807
EE87836,Breast cancer,284,2120
EE87836,Breast cancer,285,2285
EE87836,Breast cancer,286,2188
EE87837,Breast cancer,80,223
EE87837,Breast cancer,81,315
EE87837,Breast cancer,82,325
EE87837,Breast cancer,83,545
EE87837,Breast cancer,84,725
EE87837,Breast cancer,85,810
EE87837,Breast cancer,86,842
EE87837,Breast cancer,87,931
EE87837,Breast cancer,88,1015
EE87837,Breast cancer,89,1219
EE87837,Breast cancer,90,1316
EE87837,Breast cancer,91,1459
EE87837,Breast cancer,92,1545
EE87837,Breast cancer,93,1646
EE87837,Breast cancer,94,1864
EE87837,Breast cancer,95,2062
EE87837,Breast cancer,96,2121
EE87837,Breast cancer,97,2189
EE87837,Breast cancer,98,2439
EE87837,Breast cancer,99,30870
EE87837,Breast cancer,100,37373
EE87837,Breast cancer,101,44507
EE87837,Breast cancer,102,50272
EE87837,Breast cancer,103,52386
EE87837,Breast cancer,104,51446
EE87837,Breast cancer,105,51739
EE87837,Breast cancer,106,56043
EE87837,Breast cancer,107,61951
EE87837,Breast cancer,108,68738
EE87837,Breast cancer,109,75220
EE87837,Breast cancer,110,85117
EE87837,Breast cancer,111,95172
EE87837,Breast cancer,112,97457
EE87837,Breast cancer,113,90973
EE87837,Breast cancer,114,86440
EE87837,Breast cancer,115,87735
EE87837,Breast cancer,116,94445
EE87837,Breast cancer,117,101689
EE87837,Breast cancer,118,107311
EE87837,Breast cancer,119,113406
EE87837,Breast cancer,120,131409
EE87837,Breast cancer,121,160331
EE87837,Breast cancer,122,183739
EE87837,Breast cancer,123,179625
EE87837,Breast cancer,124,154342
EE87837,Breast cancer,125,140122
EE87837,Breast cancer,126,143725
EE87837,Breast cancer,127,158122
EE87837,Breast cancer,128,175769
EE87837,Breast cancer,129,195579
EE87837,Breast cancer,130,223048
EE87837,Breast cancer,131,266326
EE87837,Breast cancer,132,323894
EE87837,Breast cancer,133,372459
EE87837,Breast cancer,134,378027
EE87837,Breast cancer,135,359507
EE87837,Breast cancer,136,356008
EE87837,Breast cancer,137,390290
EE87837,Breast cancer,138,448747
EE87837,Breast cancer,139,507938
EE87837,Breast cancer,140,556601
EE87837,Breast cancer,141,592311
EE87837,Breast cancer,142,612768
EE87837,Breast cancer,143,627513
EE87837,Breast cancer,144,640952
EE87837,Breast cancer,145,655280
EE87837,Breast cancer,146,673093
EE87837,Breast cancer,147,704502
EE87837,Breast cancer,148,742891
EE87837,Breast cancer,149,777175
EE87837,Breast cancer,150,801700
EE87837,Breast cancer,151,831053
EE87837,Breast cancer,152,857043
EE87837,Breast cancer,153,867918
EE87837,Breast cancer,154,876339
EE87837,Breast cancer,155,904291
EE87837,Breast cancer,156,953280
EE87837,Breast cancer,157,1022034
EE87837,Breast cancer,158,1091564
EE87837,Breast cancer,159,1155750
EE87837,Breast cancer,160,1203130
EE87837,Breast cancer,161,1249957
EE87837,Breast cancer,162,1310786
EE87837,Breast cancer,163,1390059
EE87837,Breast cancer,164,1476426
EE87837,Breast cancer,165,1510824
EE87837,Breast cancer,166,1453763
EE87837,Breast cancer,167,1347047
EE87837,Breast cancer,168,1225621
EE87837,Breast cancer,169,1103709
EE87837,Breast cancer,170,984967
EE87837,Breast cancer,171,874791
EE87837,Breast cancer,172,777087
EE87837,Breast cancer,173,697701
EE87837,Breast cancer,174,633896
EE87837,Breast cancer,175,571616
EE87837,Breast cancer,176,510654
EE87837,Breast cancer,177,450610
EE87837,Breast cancer,178,395185
EE87837,Breast cancer,179,346257
EE87837,Breast cancer,180,303259
EE87837,Breast cancer,181,267560
EE87837,Breast cancer,182,237074
EE87837,Breast cancer,183,212224
EE87837,Breast cancer,184,193120
EE87837,Breast cancer,185,177127
EE87837,Breast cancer,186,163087
EE87837,Breast cancer,187,150528
EE87837,Breast cancer,188,138055
EE87837,Breast cancer,189,126419
EE87837,Breast cancer,190,114254
EE87837,Breast cancer,191,103602
EE87837,Breast cancer,192,94164
EE87837,Breast cancer,193,86089
EE87837,Breast cancer,194,79308
EE87837,Breast cancer,195,73723
EE87837,Breast cancer,196,68393
EE87837,Breast cancer,197,64195
EE87837,Breast cancer,198,60394
EE87837,Breast cancer,199,56958
EE87837,Breast cancer,200,52355
EE87837,Breast cancer,201,49177
EE87837,Breast cancer,202,45365
EE87837,Breast cancer,203,42257
EE87837,Breast cancer,204,39274
EE87837,Breast cancer,205,36461
EE87837,Breast cancer,206,33885
EE87837,Breast cancer,207,31973
EE87837,Breast cancer,208,29719
EE87837,Breast cancer,209,28002
EE87837,Breast cancer,210,26299
EE87837,Breast cancer,211,23983
EE87837,Breast cancer,212,22455
EE87837,Breast cancer,213,20761
EE87837,Breast cancer,214,18724
EE87837,Breast cancer,215,17384
EE87837,Breast cancer,216,15914
EE87837,Breast cancer,217,14660
EE87837,Breast cancer,218,13878
EE87837,Breast cancer,219,12850
EE87837,Breast cancer,220,11891
EE87837,Breast cancer,221,11231
EE87837,Breast cancer,222,10499
EE87837,Breast cancer,223,9446
EE87837,Breast cancer,224,8655
EE87837,Breast cancer,225,7935
EE87837,Breast cancer,226,7438
EE87837,Breast cancer,227,6881
EE87837,Breast cancer,228,6446
EE87837,Breast cancer,229,6298
EE87837,Breast cancer,230,5876
EE87837,Breast cancer,231,5636
EE87837,Breast cancer,232,4848
EE87837,Breast cancer,233,4557
EE87837,Breast cancer,234,4223
EE87837,Breast cancer,235,3819
EE87838,Breast cancer,71,1
EE87838,Breast cancer,73,3
EE87838,Breast cancer,74,1
EE87838,Breast cancer,75,183
EE87838,Breast cancer,76,190
EE87838,Breast cancer,77,188
EE87838,Breast cancer,78,205
EE87838,Breast cancer,79,226
EE87838,Breast cancer,80,267
EE87838,Breast cancer,81,275
EE87838,Breast cancer,82,268
EE87838,Breast cancer,83,284
EE87838,Breast cancer,84,323
EE87838,Breast cancer,85,328
EE87838,Breast cancer,86,330
EE87838,Breast cancer,87,390
EE87838,Breast cancer,88,399
EE87838,Breast cancer,89,462
EE87838,Breast cancer,90,486
EE87838,Breast cancer,91,471
EE87838,Breast cancer,92,525
EE87838,Breast cancer,93,623
EE87838,Breast cancer,94,674
EE87838,Breast cancer,95,668
EE87838,Breast cancer,96,768
EE87838,Breast cancer,97,769
EE87838,Breast cancer,98,819
EE87838,Breast cancer,99,13779
EE87838,Breast cancer,100,17346
EE87838,Breast cancer,101,19121
EE87838,Breast cancer,102,20503
EE87838,Breast cancer,103,20162
EE87838,Breast cancer,104,19480
EE87838,Breast cancer,105,19357
EE87838,Breast cancer,106,20457
EE87838,Breast cancer,107,22590
EE87838,Breast cancer,108,25862
EE87838,Breast cancer,109,30326
EE87838,Breast cancer,110,37139
EE87838,Breast cancer,111,42663
EE87838,Breast cancer,112,42498
EE87838,Breast cancer,113,38469
EE87838,Breast cancer,114,35007
EE87838,Breast cancer,115,34962
EE87838,Breast cancer,116,37989
EE87838,Breast cancer,117,40792
EE87838,Breast cancer,118,45295
EE87838,Breast cancer,119,52330
EE87838,Breast cancer,120,65764
EE87838,Breast cancer,121,84342
EE87838,Breast cancer,122,98985
EE87838,Breast cancer,123,95647
EE87838,Breast cancer,124,76269
EE87838,Breast cancer,125,61792
EE87838,Breast cancer,126,59830
EE87838,Breast cancer,127,65513
EE87838,Breast cancer,128,73173
EE87838,Breast cancer,129,83541
EE87838,Breast cancer,130,100748
EE87838,Breast cancer,131,126579
EE87838,Breast cancer,132,162543
EE87838,Breast cancer,133,197487
EE87838,Breast cancer,134,203324
EE87838,Breast cancer,135,179646
EE87838,Breast cancer,136,162328
EE87838,Breast cancer,137,167070
EE87838,Breast cancer,138,192651
EE87838,Breast cancer,139,232721
EE87838,Breast cancer,140,280402
EE87838,Breast cancer,141,316264
EE87838,Breast cancer,142,326968
EE87838,Breast cancer,143,325358
EE87838,Breast cancer,144,332818
EE87838,Breast cancer,145,345653
EE87838,Breast cancer,146,358439
EE87838,Breast cancer,147,377004
EE87838,Breast cancer,148,403089
EE87838,Breast cancer,149,430272
EE87838,Breast cancer,150,451127
EE87838,Breast cancer,151,466620
EE87838,Breast cancer,152,479039
EE87838,Breast cancer,153,467655
EE87838,Breast cancer,154,443621
EE87838,Breast cancer,155,437082
EE87838,Breast cancer,156,451755
EE87838,Breast cancer,157,481874
EE87838,Breast cancer,158,520927
EE87838,Breast cancer,159,562355
EE87838,Breast cancer,160,596139
EE87838,Breast cancer,161,615923
EE87838,Breast cancer,162,639462
EE87838,Breast cancer,163,682086
EE87838,Breast cancer,164,752773
EE87838,Breast cancer,165,811518
EE87838,Breast cancer,166,828525
EE87838,Breast cancer,167,821304
EE87838,Breast cancer,168,796127
EE87838,Breast cancer,169,764448
EE87838,Breast cancer,170,724775
EE87838,Breast cancer,171,680672
EE87838,Breast cancer,172,642649
EE87838,Breast cancer,173,619509
EE87838,Breast cancer,174,603095
EE87838,Breast cancer,175,589966
EE87838,Breast cancer,176,570613
EE87838,Breast cancer,177,539702
EE87838,Breast cancer,178,502706
EE87838,Breast cancer,179,462734
EE87838,Breast cancer,180,424592
EE87838,Breast cancer,181,386273
EE87838,Breast cancer,182,354439
EE87838,Breast cancer,183,327587
EE87838,Breast cancer,184,306552
EE87838,Breast cancer,185,288391
EE87838,Breast cancer,186,275257
EE87838,Breast cancer,187,261377
EE87838,Breast cancer,188,248473
EE87838,Breast cancer,189,232291
EE87838,Breast cancer,190,215402
EE87838,Breast cancer,191,197028
EE87838,Breast cancer,192,180665
EE87838,Breast cancer,193,165853
EE87838,Breast cancer,194,153460
EE87838,Breast cancer,195,142959
EE87838,Breast cancer,196,134732
EE87838,Breast cancer,197,127751
EE87838,Breast cancer,198,121276
EE87838,Breast cancer,199,114517
EE87838,Breast cancer,200,108429
EE87838,Breast cancer,201,100805
EE87838,Breast cancer,202,93687
EE87838,Breast cancer,203,85718
EE87838,Breast cancer,204,78887
EE87838,Breast cancer,205,73178
EE87838,Breast cancer,206,68289
EE87838,Breast cancer,207,63872
EE87838,Breast cancer,208,60699
EE87838,Breast cancer,209,57119
EE87838,Breast cancer,210,53492
EE87838,Breast cancer,211,49688
EE87838,Breast cancer,212,46571
EE87838,Breast cancer,213,42956
EE87838,Breast cancer,214,39525
EE87838,Breast cancer,215,36256
EE87838,Breast cancer,216,33479
EE87838,Breast cancer,217,31099
EE87838,Breast cancer,218,29077
EE87838,Breast cancer,219,27351
EE87838,Breast cancer,220,25924
EE87838,Breast cancer,221,24182
EE87838,Breast cancer,222,22268
EE87838,Breast cancer,223,20683
EE87838,Breast cancer,224,19463
EE87838,Breast cancer,225,17564
EE87838,Breast cancer,226,16157
EE87838,Breast cancer,227,15229
EE87838,Breast cancer,228,14151
EE87838,Breast cancer,229,13376
EE87838,Breast cancer,230,12752
EE87838,Breast cancer,231,12040
EE87838,Breast cancer,232,11178
EE87838,Breast cancer,233,10546
EE87838,Breast cancer,234,9584
EE87838,Breast cancer,235,8969
EE87838,Breast cancer,236,8362
EE87838,Breast cancer,237,7935
EE87838,Breast cancer,238,7527
EE87838,Breast cancer,239,7236
EE87838,Breast cancer,240,7010
EE87838,Breast cancer,241,6813
EE87838,Breast cancer,242,6459
EE87838,Breast cancer,243,6052
EE87838,Breast cancer,244,5935
EE87838,Breast cancer,245,5377
EE87838,Breast cancer,246,5337
EE87838,Breast cancer,247,4978
EE87838,Breast cancer,248,4987
EE87838,Breast cancer,249,4946
EE87838,Breast cancer,250,4590
EE87838,Breast cancer,251,4113
EE87838,Breast cancer,252,4001
EE87838,Breast cancer,253,3883
EE87838,Breast cancer,254,3944
EE87838,Breast cancer,255,3903
EE87838,Breast cancer,256,3905
EE87838,Breast cancer,257,3448
EE87838,Breast cancer,258,97
EE87838,Breast cancer,259,110
EE87838,Breast cancer,260,110
EE87839,Breast cancer,86,4
EE87839,Breast cancer,87,2
EE87839,Breast cancer,88,358
EE87839,Breast cancer,89,333
EE87839,Breast cancer,90,566
EE87839,Breast cancer,91,608
EE87839,Breast cancer,92,646
EE87839,Breast cancer,93,728
EE87839,Breast cancer,94,702
EE87839,Breast cancer,95,831
EE87839,Breast cancer,96,862
EE87839,Breast cancer,97,980
EE87839,Breast cancer,98,1040
EE87839,Breast cancer,99,13620
EE87839,Breast cancer,100,15749
EE87839,Breast cancer,101,17418
EE87839,Breast cancer,102,18671
EE87839,Breast cancer,103,19228
EE87839,Breast cancer,104,18572
EE87839,Breast cancer,105,18694
EE87839,Breast cancer,106,19671
EE87839,Breast cancer,107,21856
EE87839,Breast cancer,108,23829
EE87839,Breast cancer,109,26944
EE87839,Breast cancer,110,30852
EE87839,Breast cancer,111,34849
EE87839,Breast cancer,112,34413
EE87839,Breast cancer,113,31091
EE87839,Breast cancer,114,28701
EE87839,Breast cancer,115,28730
EE87839,Breast cancer,116,30687
EE87839,Breast cancer,117,34133
EE87839,Breast cancer,118,38174
EE87839,Breast cancer,119,43541
EE87839,Breast cancer,120,54945
EE87839,Breast cancer,121,72056
EE87839,Breast cancer,122,84766
EE87839,Breast cancer,123,81086
EE87839,Breast cancer,124,64461
EE87839,Breast cancer,125,52878
EE87839,Breast cancer,126,51588
EE87839,Breast cancer,127,56875
EE87839,Breast cancer,128,65333
EE87839,Breast cancer,129,76614
EE87839,Breast cancer,130,96152
EE87839,Breast cancer,131,127757
EE87839,Breast cancer,132,174304
EE87839,Breast cancer,133,214977
EE87839,Breast cancer,134,225038
EE87839,Breast cancer,135,204139
EE87839,Breast cancer,136,189988
EE87839,Breast cancer,137,204846
EE87839,Breast cancer,138,247822
EE87839,Breast cancer,139,305944
EE87839,Breast cancer,140,370553
EE87839,Breast cancer,141,420772
EE87839,Breast cancer,142,442923
EE87839,Breast cancer,143,446442
EE87839,Breast cancer,144,450934
EE87839,Breast cancer,145,452414
EE87839,Breast cancer,146,444638
EE87839,Breast cancer,147,448798
EE87839,Breast cancer,148,466769
EE87839,Breast cancer,149,498287
EE87839,Breast cancer,150,533103
EE87839,Breast cancer,151,574029
EE87839,Breast cancer,152,607667
EE87839,Breast cancer,153,608254
EE87839,Breast cancer,154,588545
EE87839,Breast cancer,155,590043
EE87839,Breast cancer,156,621759
EE87839,Breast cancer,157,677625
EE87839,Breast cancer,158,745787
EE87839,Breast cancer,159,812912
EE87839,Breast cancer,160,866120
EE87839,Breast cancer,161,909215
EE87839,Breast cancer,162,955422
EE87839,Breast cancer,163,1031637
EE87839,Breast cancer,164,1137303
EE87839,Breast cancer,165,1216437
EE87839,Breast cancer,166,1224620
EE87839,Breast cancer,167,1187988
EE87839,Breast cancer,168,1129386
EE87839,Breast cancer,169,1058487
EE87839,Breast cancer,170,976076
EE87839,Breast cancer,171,892609
EE87839,Breast cancer,172,819727
EE87839,Breast cancer,173,762326
EE87839,Breast cancer,174,717963
EE87839,Breast cancer,175,676948
EE87839,Breast cancer,176,634587
EE87839,Breast cancer,177,586096
EE87839,Breast cancer,178,531776
EE87839,Breast cancer,179,477521
EE87839,Breast cancer,180,427001
EE87839,Breast cancer,181,381552
EE87839,Breast cancer,182,341692
EE87839,Breast cancer,183,309142
EE87839,Breast cancer,184,283945
EE87839,Breast cancer,185,262639
EE87839,Breast cancer,186,245690
EE87839,Breast cancer,187,231292
EE87839,Breast cancer,188,215462
EE87839,Breast cancer,189,199612
EE87839,Breast cancer,190,182593
EE87839,Breast cancer,191,166070
EE87839,Breast cancer,192,150116
EE87839,Breast cancer,193,135654
EE87839,Breast cancer,194,124027
EE87839,Breast cancer,195,114826
EE87839,Breast cancer,196,107495
EE87839,Breast cancer,197,101199
EE87839,Breast cancer,198,95626
EE87839,Breast cancer,199,90838
EE87839,Breast cancer,200,85295
EE87839,Breast cancer,201,79221
EE87839,Breast cancer,202,72337
EE87839,Breast cancer,203,66402
EE87839,Breast cancer,204,61092
EE87839,Breast cancer,205,55990
EE87839,Breast cancer,206,51836
EE87839,Breast cancer,207,48588
EE87839,Breast cancer,208,46318
EE87839,Breast cancer,209,43285
EE87839,Breast cancer,210,40760
EE87839,Breast cancer,211,38086
EE87839,Breast cancer,212,35349
EE87839,Breast cancer,213,31738
EE87839,Breast cancer,214,28843
EE87839,Breast cancer,215,27017
EE87839,Breast cancer,216,24498
EE87839,Breast cancer,217,22782
EE87839,Breast cancer,218,21534
EE87839,Breast cancer,219,20313
EE87839,Breast cancer,220,18923
EE87839,Breast cancer,221,17806
EE87839,Breast cancer,222,16204
EE87839,Breast cancer,223,15094
EE87839,Breast cancer,224,13657
EE87839,Breast cancer,225,12520
EE87839,Breast cancer,226,11677
EE87839,Breast cancer,227,10760
EE87839,Breast cancer,228,10114
EE87839,Breast cancer,229,9641
EE87839,Breast cancer,230,9257
EE87839,Breast cancer,231,8695
EE87839,Breast cancer,232,7995
EE87839,Breast cancer,233,7566
EE87839,Breast cancer,234,7030
EE87839,Breast cancer,235,6517
EE87839,Breast cancer,236,5605
EE87839,Breast cancer,237,5352
EE87839,Breast cancer,238,118
EE87839,Breast cancer,239,134
EE87839,Breast cancer,240,116
EE87840,Breast cancer,83,3
EE87840,Breast cancer,84,8
EE87840,Breast cancer,85,242
EE87840,Breast cancer,86,255
EE87840,Breast cancer,87,376
EE87840,Breast cancer,88,413
EE87840,Breast cancer,89,529
EE87840,Breast cancer,90,529
EE87840,Breast cancer,91,592
EE87840,Breast cancer,92,659
EE87840,Breast cancer,93,710
EE87840,Breast cancer,94,810
EE87840,Breast cancer,95,779
EE87840,Breast cancer,96,868
EE87840,Breast cancer,97,846
EE87840,Breast cancer,98,933
EE87840,Breast cancer,99,11177
EE87840,Breast cancer,100,13665
EE87840,Breast cancer,101,15812
EE87840,Breast cancer,102,16545
EE87840,Breast cancer,103,16953
EE87840,Breast cancer,104,16469
EE87840,Breast cancer,105,16663
EE87840,Breast cancer,106,18227
EE87840,Breast cancer,107,20802
EE87840,Breast cancer,108,23805
EE87840,Breast cancer,109,27877
EE87840,Breast cancer,110,34352
EE87840,Breast cancer,111,39465
EE87840,Breast cancer,112,40857
EE87840,Breast cancer,113,37156
EE87840,Breast cancer,114,34034
EE87840,Breast cancer,115,35117
EE87840,Breast cancer,116,38409
EE87840,Breast cancer,117,43586
EE87840,Breast cancer,118,48890
EE87840,Breast cancer,119,56550
EE87840,Breast cancer,120,70012
EE87840,Breast cancer,121,90999
EE87840,Breast cancer,122,107045
EE87840,Breast cancer,123,105079
EE87840,Breast cancer,124,84605
EE87840,Breast cancer,125,70486
EE87840,Breast cancer,126,69249
EE87840,Breast cancer,127,76435
EE87840,Breast cancer,128,86220
EE87840,Breast cancer,129,97957
EE87840,Breast cancer,130,119084
EE87840,Breast cancer,131,150603
EE87840,Breast cancer,132,196821
EE87840,Breast cancer,133,242123
EE87840,Breast cancer,134,253328
EE87840,Breast cancer,135,226554
EE87840,Breast cancer,136,208149
EE87840,Breast cancer,137,219520
EE87840,Breast cancer,138,259266
EE87840,Breast cancer,139,316270
EE87840,Breast cancer,140,378095
EE87840,Breast cancer,141,420485
EE87840,Breast cancer,142,431020
EE87840,Breast cancer,143,424554
EE87840,Breast cancer,144,426835
EE87840,Breast cancer,145,430131
EE87840,Breast cancer,146,428014
EE87840,Breast cancer,147,435093
EE87840,Breast cancer,148,456135
EE87840,Breast cancer,149,485796
EE87840,Breast cancer,150,517127
EE87840,Breast cancer,151,552224
EE87840,Breast cancer,152,580619
EE87840,Breast cancer,153,574913
EE87840,Breast cancer,154,554209
EE87840,Breast cancer,155,559221
EE87840,Breast cancer,156,595756
EE87840,Breast cancer,157,656523
EE87840,Breast cancer,158,726618
EE87840,Breast cancer,159,791521
EE87840,Breast cancer,160,839108
EE87840,Breast cancer,161,869303
EE87840,Breast cancer,162,913397
EE87840,Breast cancer,163,1001621
EE87840,Breast cancer,164,1137715
EE87840,Breast cancer,165,1248733
EE87840,Breast cancer,166,1274209
EE87840,Breast cancer,167,1235877
EE87840,Breast cancer,168,1167005
EE87840,Breast cancer,169,1088084
EE87840,Breast cancer,170,1002392
EE87840,Breast cancer,171,922089
EE87840,Breast cancer,172,857992
EE87840,Breast cancer,173,818869
EE87840,Breast cancer,174,795249
EE87840,Breast cancer,175,769336
EE87840,Breast cancer,176,732785
EE87840,Breast cancer,177,679547
EE87840,Breast cancer,178,614106
EE87840,Breast cancer,179,550759
EE87840,Breast cancer,180,487428
EE87840,Breast cancer,181,435057
EE87840,Breast cancer,182,389750
EE87840,Breast cancer,183,353602
EE87840,Breast cancer,184,326660
EE87840,Breast cancer,185,304881
EE87840,Breast cancer,186,288611
EE87840,Breast cancer,187,268571
EE87840,Breast cancer,188,250600
EE87840,Breast cancer,189,229041
EE87840,Breast cancer,190,207730
EE87840,Breast cancer,191,186171
EE87840,Breast cancer,192,165905
EE87840,Breast cancer,193,149317
EE87840,Breast cancer,194,136265
EE87840,Breast cancer,195,126189
EE87840,Breast cancer,196,116914
EE87840,Breast cancer,197,110456
EE87840,Breast cancer,198,104303
EE87840,Breast cancer,199,97859
EE87840,Breast cancer,200,91007
EE87840,Breast cancer,201,84287
EE87840,Breast cancer,202,76459
EE87840,Breast cancer,203,69928
EE87840,Breast cancer,204,63420
EE87840,Breast cancer,205,58517
EE87840,Breast cancer,206,53880
EE87840,Breast cancer,207,50595
EE87840,Breast cancer,208,47000
EE87840,Breast cancer,209,44303
EE87840,Breast cancer,210,41249
EE87840,Breast cancer,211,38405
EE87840,Breast cancer,212,35109
EE87840,Breast cancer,213,31936
EE87840,Breast cancer,214,28948
EE87840,Breast cancer,215,26817
EE87840,Breast cancer,216,24329
EE87840,Breast cancer,217,22731
EE87840,Breast cancer,218,20967
EE87840,Breast cancer,219,19903
EE87840,Breast cancer,220,18629
EE87840,Breast cancer,221,16874
EE87840,Breast cancer,222,15592
EE87840,Breast cancer,223,14391
EE87840,Breast cancer,224,13102
EE87840,Breast cancer,225,11869
EE87840,Breast cancer,226,11100
EE87840,Breast cancer,227,10252
EE87840,Breast cancer,228,9633
EE87840,Breast cancer,229,9071
EE87840,Breast cancer,230,8659
EE87840,Breast cancer,231,8144
EE87840,Breast cancer,232,7417
EE87840,Breast cancer,233,6895
EE87840,Breast cancer,234,6478
EE87840,Breast cancer,235,6131
EE87840,Breast cancer,236,5832
EE87840,Breast cancer,237,5395
EE87840,Breast cancer,238,5267
EE87840,Breast cancer,239,4914
EE87840,Breast cancer,240,4725
EE87840,Breast cancer,241,4446
EE87840,Breast cancer,242,193
EE87840,Breast cancer,243,205
EE87840,Breast cancer,244,188
EE87841,Breast cancer,75,2
EE87841,Breast cancer,76,291
EE87841,Breast cancer,77,270
EE87841,Breast cancer,78,369
EE87841,Breast cancer,79,459
EE87841,Breast cancer,80,419
EE87841,Breast cancer,81,426
EE87841,Breast cancer,82,418
EE87841,Breast cancer,83,510
EE87841,Breast cancer,84,549
EE87841,Breast cancer,85,649
EE87841,Breast cancer,86,717
EE87841,Breast cancer,87,688
EE87841,Breast cancer,88,802
EE87841,Breast cancer,89,957
EE87841,Breast cancer,90,955
EE87841,Breast cancer,91,1159
EE87841,Breast cancer,92,1176
EE87841,Breast cancer,93,1281
EE87841,Breast cancer,94,1403
EE87841,Breast cancer,95,1548
EE87841,Breast cancer,96,1509
EE87841,Breast cancer,97,1617
EE87841,Breast cancer,98,2007
EE87841,Breast cancer,99,31199
EE87841,Breast cancer,100,38153
EE87841,Breast cancer,101,43920
EE87841,Breast cancer,102,48764
EE87841,Breast cancer,103,50698
EE87841,Breast cancer,104,48042
EE87841,Breast cancer,105,47776
EE87841,Breast cancer,106,51551
EE87841,Breast cancer,107,57078
EE87841,Breast cancer,108,63879
EE87841,Breast cancer,109,70440
EE87841,Breast cancer,110,81753
EE87841,Breast cancer,111,91281
EE87841,Breast cancer,112,90704
EE87841,Breast cancer,113,82259
EE87841,Breast cancer,114,75872
EE87841,Breast cancer,115,77461
EE87841,Breast cancer,116,83851
EE87841,Breast cancer,117,91348
EE87841,Breast cancer,118,97738
EE87841,Breast cancer,119,107154
EE87841,Breast cancer,120,125875
EE87841,Breast cancer,121,159008
EE87841,Breast cancer,122,184330
EE87841,Breast cancer,123,177286
EE87841,Breast cancer,124,145124
EE87841,Breast cancer,125,122916
EE87841,Breast cancer,126,122520
EE87841,Breast cancer,127,134657
EE87841,Breast cancer,128,150245
EE87841,Breast cancer,129,169870
EE87841,Breast cancer,130,203416
EE87841,Breast cancer,131,253267
EE87841,Breast cancer,132,321018
EE87841,Breast cancer,133,380610
EE87841,Breast cancer,134,390183
EE87841,Breast cancer,135,354553
EE87841,Breast cancer,136,328734
EE87841,Breast cancer,137,348822
EE87841,Breast cancer,138,401361
EE87841,Breast cancer,139,473876
EE87841,Breast cancer,140,548540
EE87841,Breast cancer,141,603889
EE87841,Breast cancer,142,621932
EE87841,Breast cancer,143,618294
EE87841,Breast cancer,144,621532
EE87841,Breast cancer,145,623675
EE87841,Breast cancer,146,621289
EE87841,Breast cancer,147,629614
EE87841,Breast cancer,148,651788
EE87841,Breast cancer,149,681851
EE87841,Breast cancer,150,716268
EE87841,Breast cancer,151,755019
EE87841,Breast cancer,152,788188
EE87841,Breast cancer,153,784439
EE87841,Breast cancer,154,761868
EE87841,Breast cancer,155,763442
EE87841,Breast cancer,156,801714
EE87841,Breast cancer,157,867954
EE87841,Breast cancer,158,945118
EE87841,Breast cancer,159,1017133
EE87841,Breast cancer,160,1067703
EE87841,Breast cancer,161,1104209
EE87841,Breast cancer,162,1152147
EE87841,Breast cancer,163,1236975
EE87841,Breast cancer,164,1365768
EE87841,Breast cancer,165,1468299
EE87841,Breast cancer,166,1486092
EE87841,Breast cancer,167,1440802
EE87841,Breast cancer,168,1367525
EE87841,Breast cancer,169,1283386
EE87841,Breast cancer,170,1192074
EE87841,Breast cancer,171,1097865
EE87841,Breast cancer,172,1016542
EE87841,Breast cancer,173,959776
EE87841,Breast cancer,174,918314
EE87841,Breast cancer,175,878023
EE87841,Breast cancer,176,828899
EE87841,Breast cancer,177,762368
EE87841,Breast cancer,178,691175
EE87841,Breast cancer,179,622575
EE87841,Breast cancer,180,555438
EE87841,Breast cancer,181,498557
EE87841,Breast cancer,182,448854
EE87841,Breast cancer,183,407167
EE87841,Breast cancer,184,374835
EE87841,Breast cancer,185,349284
EE87841,Breast cancer,186,325778
EE87841,Breast cancer,187,305516
EE87841,Breast cancer,188,282892
EE87841,Breast cancer,189,259577
EE87841,Breast cancer,190,236428
EE87841,Breast cancer,191,212675
EE87841,Breast cancer,192,193168
EE87841,Breast cancer,193,174877
EE87841,Breast cancer,194,159878
EE87841,Breast cancer,195,147159
EE87841,Breast cancer,196,137940
EE87841,Breast cancer,197,130037
EE87841,Breast cancer,198,122867
EE87841,Breast cancer,199,114360
EE87841,Breast cancer,200,107118
EE87841,Breast cancer,201,99563
EE87841,Breast cancer,202,92150
EE87841,Breast cancer,203,83965
EE87841,Breast cancer,204,77443
EE87841,Breast cancer,205,70694
EE87841,Breast cancer,206,66194
EE87841,Breast cancer,207,61187
EE87841,Breast cancer,208,57460
EE87841,Breast cancer,209,54691
EE87841,Breast cancer,210,50778
EE87841,Breast cancer,211,47350
EE87841,Breast cancer,212,44583
EE87841,Breast cancer,213,40437
EE87841,Breast cancer,214,36783
EE87841,Breast cancer,215,33926
EE87841,Breast cancer,216,31364
EE87841,Breast cancer,217,29019
EE87841,Breast cancer,218,27292
EE87841,Breast cancer,219,25656
EE87841,Breast cancer,220,24189
EE87841,Breast cancer,221,22970
EE87841,Breast cancer,222,21098
EE87841,Breast cancer,223,19772
EE87841,Breast cancer,224,17537
EE87841,Breast cancer,225,16154
EE87841,Breast cancer,226,15085
EE87841,Breast cancer,227,14239
EE87841,Breast cancer,228,13475
EE87841,Breast cancer,229,12744
EE87841,Breast cancer,230,12018
EE87841,Breast cancer,231,11558
EE87841,Breast cancer,232,10970
EE87841,Breast cancer,233,10180
EE87841,Breast cancer,234,9616
EE87841,Breast cancer,235,8933
EE87841,Breast cancer,236,8691
EE87841,Breast cancer,237,8122
EE87841,Breast cancer,238,7821
EE87841,Breast cancer,239,7684
EE87841,Breast cancer,240,7383
EE87841,Breast cancer,241,7378
EE87841,Breast cancer,242,7192
EE87841,Breast cancer,243,7066
EE87841,Breast cancer,244,6743
EE87841,Breast cancer,245,5905
EE87841,Breast cancer,246,5521
EE87841,Breast cancer,247,513
EE87841,Breast cancer,248,490
EE87841,Breast cancer,249,426
EE87842,Breast cancer,86,11
EE87842,Breast cancer,87,6
EE87842,Breast cancer,88,7
EE87842,Breast cancer,89,35
EE87842,Breast cancer,90,166
EE87842,Breast cancer,91,518
EE87842,Breast cancer,92,550
EE87842,Breast cancer,93,656
EE87842,Breast cancer,94,692
EE87842,Breast cancer,95,747
EE87842,Breast cancer,96,756
EE87842,Breast cancer,97,765
EE87842,Breast cancer,98,880
EE87842,Breast cancer,99,8994
EE87842,Breast cancer,100,10750
EE87842,Breast cancer,101,12370
EE87842,Breast cancer,102,13008
EE87842,Breast cancer,103,13585
EE87842,Breast cancer,104,13734
EE87842,Breast cancer,105,13548
EE87842,Breast cancer,106,14495
EE87842,Breast cancer,107,16528
EE87842,Breast cancer,108,19071
EE87842,Breast cancer,109,22760
EE87842,Breast cancer,110,28523
EE87842,Breast cancer,111,33404
EE87842,Breast cancer,112,34549
EE87842,Breast cancer,113,31642
EE87842,Breast cancer,114,29441
EE87842,Breast cancer,115,30613
EE87842,Breast cancer,116,32734
EE87842,Breast cancer,117,36839
EE87842,Breast cancer,118,41614
EE87842,Breast cancer,119,48551
EE87842,Breast cancer,120,60804
EE87842,Breast cancer,121,77930
EE87842,Breast cancer,122,91399
EE87842,Breast cancer,123,90463
EE87842,Breast cancer,124,74216
EE87842,Breast cancer,125,62300
EE87842,Breast cancer,126,61359
EE87842,Breast cancer,127,65821
EE87842,Breast cancer,128,73632
EE87842,Breast cancer,129,83270
EE87842,Breast cancer,130,100574
EE87842,Breast cancer,131,126276
EE87842,Breast cancer,132,164387
EE87842,Breast cancer,133,203681
EE87842,Breast cancer,134,213037
EE87842,Breast cancer,135,192859
EE87842,Breast cancer,136,175116
EE87842,Breast cancer,137,183655
EE87842,Breast cancer,138,214200
EE87842,Breast cancer,139,261267
EE87842,Breast cancer,140,315159
EE87842,Breast cancer,141,358302
EE87842,Breast cancer,142,377462
EE87842,Breast cancer,143,380749
EE87842,Breast cancer,144,389071
EE87842,Breast cancer,145,398709
EE87842,Breast cancer,146,399508
EE87842,Breast cancer,147,406382
EE87842,Breast cancer,148,425103
EE87842,Breast cancer,149,453328
EE87842,Breast cancer,150,483155
EE87842,Breast cancer,151,520317
EE87842,Breast cancer,152,550036
EE87842,Breast cancer,153,554491
EE87842,Breast cancer,154,542442
EE87842,Breast cancer,155,546895
EE87842,Breast cancer,156,577822
EE87842,Breast cancer,157,633030
EE87842,Breast cancer,158,699251
EE87842,Breast cancer,159,764771
EE87842,Breast cancer,160,817674
EE87842,Breast cancer,161,857738
EE87842,Breast cancer,162,905094
EE87842,Breast cancer,163,989963
EE87842,Breast cancer,164,1119020
EE87842,Breast cancer,165,1233278
EE87842,Breast cancer,166,1271825
EE87842,Breast cancer,167,1252338
EE87842,Breast cancer,168,1203787
EE87842,Breast cancer,169,1144902
EE87842,Breast cancer,170,1076688
EE87842,Breast cancer,171,1006536
EE87842,Breast cancer,172,948868
EE87842,Breast cancer,173,916036
EE87842,Breast cancer,174,893497
EE87842,Breast cancer,175,872670
EE87842,Breast cancer,176,832918
EE87842,Breast cancer,177,777899
EE87842,Breast cancer,178,707408
EE87842,Breast cancer,179,636855
EE87842,Breast cancer,180,571710
EE87842,Breast cancer,181,515514
EE87842,Breast cancer,182,465613
EE87842,Breast cancer,183,427644
EE87842,Breast cancer,184,395768
EE87842,Breast cancer,185,371853
EE87842,Breast cancer,186,351459
EE87842,Breast cancer,187,330706
EE87842,Breast cancer,188,307567
EE87842,Breast cancer,189,283174
EE87842,Breast cancer,190,259447
EE87842,Breast cancer,191,234906
EE87842,Breast cancer,192,211699
EE87842,Breast cancer,193,193699
EE87842,Breast cancer,194,178025
EE87842,Breast cancer,195,165763
EE87842,Breast cancer,196,156742
EE87842,Breast cancer,197,147640
EE87842,Breast cancer,198,140047
EE87842,Breast cancer,199,132767
EE87842,Breast cancer,200,124841
EE87842,Breast cancer,201,115346
EE87842,Breast cancer,202,105796
EE87842,Breast cancer,203,98095
EE87842,Breast cancer,204,90411
EE87842,Breast cancer,205,83880
EE87842,Breast cancer,206,78002
EE87842,Breast cancer,207,73424
EE87842,Breast cancer,208,68958
EE87842,Breast cancer,209,65126
EE87842,Breast cancer,210,61056
EE87842,Breast cancer,211,56841
EE87842,Breast cancer,212,52574
EE87842,Breast cancer,213,48760
EE87842,Breast cancer,214,44458
EE87842,Breast cancer,215,41149
EE87842,Breast cancer,216,38201
EE87842,Breast cancer,217,34988
EE87842,Breast cancer,218,33006
EE87842,Breast cancer,219,31009
EE87842,Breast cancer,220,28736
EE87842,Breast cancer,221,27310
EE87842,Breast cancer,222,25006
EE87842,Breast cancer,223,22855
EE87842,Breast cancer,224,21028
EE87842,Breast cancer,225,19385
EE87842,Breast cancer,226,17978
EE87842,Breast cancer,227,16862
EE87842,Breast cancer,228,15769
EE87842,Breast cancer,229,14725
EE87842,Breast cancer,230,13871
EE87842,Breast cancer,231,13077
EE87842,Breast cancer,232,12271
EE87842,Breast cancer,233,11509
EE87842,Breast cancer,234,10451
EE87842,Breast cancer,235,9856
EE87842,Breast cancer,236,9293
EE87842,Breast cancer,237,8837
EE87842,Breast cancer,238,8003
EE87842,Breast cancer,239,7341
EE87842,Breast cancer,240,7117
EE87842,Breast cancer,241,6546
EE87842,Breast cancer,242,6356
EE87842,Breast cancer,243,6043
EE87842,Breast cancer,244,5650
EE87842,Breast cancer,245,354
EE87842,Breast cancer,246,335
EE87842,Breast cancer,247,319
EE87843,Breast cancer,88,103
EE87843,Breast cancer,89,350
EE87843,Breast cancer,90,391
EE87843,Breast cancer,91,473
EE87843,Breast cancer,92,511
EE87843,Breast cancer,93,532
EE87843,Breast cancer,94,558
EE87843,Breast cancer,95,616
EE87843,Breast cancer,96,645
EE87843,Breast cancer,97,680
EE87843,Breast cancer,98,728
EE87843,Breast cancer,99,7246
EE87843,Breast cancer,100,8735
EE87843,Breast cancer,101,9984
EE87843,Breast cancer,102,10713
EE87843,Breast cancer,103,11039
EE87843,Breast cancer,104,10881
EE87843,Breast cancer,105,11125
EE87843,Breast cancer,106,12027
EE87843,Breast cancer,107,13629
EE87843,Breast cancer,108,15300
EE87843,Breast cancer,109,18099
EE87843,Breast cancer,110,21991
EE87843,Breast cancer,111,25278
EE87843,Breast cancer,112,26047
EE87843,Breast cancer,113,23762
EE87843,Breast cancer,114,22096
EE87843,Breast cancer,115,22364
EE87843,Breast cancer,116,24518
EE87843,Breast cancer,117,26948
EE87843,Breast cancer,118,30519
EE87843,Breast cancer,119,35572
EE87843,Breast cancer,120,43738
EE87843,Breast cancer,121,56179
EE87843,Breast cancer,122,66440
EE87843,Breast cancer,123,65459
EE87843,Breast cancer,124,53182
EE87843,Breast cancer,125,43822
EE87843,Breast cancer,126,42139
EE87843,Breast cancer,127,45296
EE87843,Breast cancer,128,50055
EE87843,Breast cancer,129,56437
EE87843,Breast cancer,130,68551
EE87843,Breast cancer,131,87354
EE87843,Breast cancer,132,115215
EE87843,Breast cancer,133,141451
EE87843,Breast cancer,134,146964
EE87843,Breast cancer,135,130749
EE87843,Breast cancer,136,117628
EE87843,Breast cancer,137,125005
EE87843,Breast cancer,138,147437
EE87843,Breast cancer,139,180624
EE87843,Breast cancer,140,220290
EE87843,Breast cancer,141,250900
EE87843,Breast cancer,142,261205
EE87843,Breast cancer,143,261067
EE87843,Breast cancer,144,264927
EE87843,Breast cancer,145,270411
EE87843,Breast cancer,146,271072
EE87843,Breast cancer,147,274536
EE87843,Breast cancer,148,291436
EE87843,Breast cancer,149,314630
EE87843,Breast cancer,150,339656
EE87843,Breast cancer,151,367927
EE87843,Breast cancer,152,392645
EE87843,Breast cancer,153,393312
EE87843,Breast cancer,154,380835
EE87843,Breast cancer,155,381284
EE87843,Breast cancer,156,404427
EE87843,Breast cancer,157,445062
EE87843,Breast cancer,158,495136
EE87843,Breast cancer,159,545753
EE87843,Breast cancer,160,584070
EE87843,Breast cancer,161,605435
EE87843,Breast cancer,162,631128
EE87843,Breast cancer,163,683243
EE87843,Breast cancer,164,765523
EE87843,Breast cancer,165,842336
EE87843,Breast cancer,166,871005
EE87843,Breast cancer,167,867434
EE87843,Breast cancer,168,843522
EE87843,Breast cancer,169,814998
EE87843,Breast cancer,170,773556
EE87843,Breast cancer,171,728246
EE87843,Breast cancer,172,696394
EE87843,Breast cancer,173,680883
EE87843,Breast cancer,174,675693
EE87843,Breast cancer,175,672899
EE87843,Breast cancer,176,658985
EE87843,Breast cancer,177,627530
EE87843,Breast cancer,178,585734
EE87843,Breast cancer,179,539748
EE87843,Breast cancer,180,492007
EE87843,Breast cancer,181,448602
EE87843,Breast cancer,182,412372
EE87843,Breast cancer,183,383268
EE87843,Breast cancer,184,361082
EE87843,Breast cancer,185,343869
EE87843,Breast cancer,186,328788
EE87843,Breast cancer,187,314140
EE87843,Breast cancer,188,298332
EE87843,Breast cancer,189,278445
EE87843,Breast cancer,190,255676
EE87843,Breast cancer,191,233973
EE87843,Breast cancer,192,211686
EE87843,Breast cancer,193,193406
EE87843,Breast cancer,194,177675
EE87843,Breast cancer,195,165553
EE87843,Breast cancer,196,154759
EE87843,Breast cancer,197,147676
EE87843,Breast cancer,198,140074
EE87843,Breast cancer,199,130768
EE87843,Breast cancer,200,122213
EE87843,Breast cancer,201,112933
EE87843,Breast cancer,202,103576
EE87843,Breast cancer,203,94466
EE87843,Breast cancer,204,86362
EE87843,Breast cancer,205,79465
EE87843,Breast cancer,206,73648
EE87843,Breast cancer,207,69027
EE87843,Breast cancer,208,63868
EE87843,Breast cancer,209,60489
EE87843,Breast cancer,210,56658
EE87843,Breast cancer,211,52479
EE87843,Breast cancer,212,48378
EE87843,Breast cancer,213,44146
EE87843,Breast cancer,214,40382
EE87843,Breast cancer,215,36793
EE87843,Breast cancer,216,34380
EE87843,Breast cancer,217,31646
EE87843,Breast cancer,218,29421
EE87843,Breast cancer,219,27749
EE87843,Breast cancer,220,25929
EE87843,Breast cancer,221,24128
EE87843,Breast cancer,222,22615
EE87843,Breast cancer,223,20363
EE87843,Breast cancer,224,18888
EE87843,Breast cancer,225,17264
EE87843,Breast cancer,226,15839
EE87843,Breast cancer,227,14799
EE87843,Breast cancer,228,13720
EE87843,Breast cancer,229,12730
EE87843,Breast cancer,230,12143
EE87843,Breast cancer,231,11181
EE87843,Breast cancer,232,10535
EE87843,Breast cancer,233,9726
EE87843,Breast cancer,234,9196
EE87843,Breast cancer,235,8346
EE87843,Breast cancer,236,7754
EE87843,Breast cancer,237,7322
EE87843,Breast cancer,238,6873
EE87843,Breast cancer,239,6471
EE87843,Breast cancer,240,6324
EE87843,Breast cancer,241,5972
EE87843,Breast cancer,242,5840
EE87843,Breast cancer,243,5420
EE87843,Breast cancer,244,4675
EE87843,Breast cancer,245,4445
EE87843,Breast cancer,246,4145
EE87843,Breast cancer,247,3662
EE87843,Breast cancer,248,3663
EE87843,Breast cancer,249,3371
EE87843,Breast cancer,250,79
EE87844,Breast cancer,90,2
EE87844,Breast cancer,91,6
EE87844,Breast cancer,92,61
EE87844,Breast cancer,93,49
EE87844,Breast cancer,94,190
EE87844,Breast cancer,95,392
EE87844,Breast cancer,96,441
EE87844,Breast cancer,97,476
EE87844,Breast cancer,98,510
EE87844,Breast cancer,99,3338
EE87844,Breast cancer,100,3825
EE87844,Breast cancer,101,4445
EE87844,Breast cancer,102,4650
EE87844,Breast cancer,103,5076
EE87844,Breast cancer,104,5135
EE87844,Breast cancer,105,5301
EE87844,Breast cancer,106,5974
EE87844,Breast cancer,107,6844
EE87844,Breast cancer,108,7589
EE87844,Breast cancer,109,9100
EE87844,Breast cancer,110,10747
EE87844,Breast cancer,111,12589
EE87844,Breast cancer,112,13138
EE87844,Breast cancer,113,12350
EE87844,Breast cancer,114,12101
EE87844,Breast cancer,115,12872
EE87844,Breast cancer,116,14181
EE87844,Breast cancer,117,16278
EE87844,Breast cancer,118,18329
EE87844,Breast cancer,119,21116
EE87844,Breast cancer,120,26310
EE87844,Breast cancer,121,34465
EE87844,Breast cancer,122,41334
EE87844,Breast cancer,123,41278
EE87844,Breast cancer,124,34944
EE87844,Breast cancer,125,30346
EE87844,Breast cancer,126,30406
EE87844,Breast cancer,127,33362
EE87844,Breast cancer,128,38576
EE87844,Breast cancer,129,44082
EE87844,Breast cancer,130,53342
EE87844,Breast cancer,131,68188
EE87844,Breast cancer,132,90049
EE87844,Breast cancer,133,112650
EE87844,Breast cancer,134,119076
EE87844,Breast cancer,135,109731
EE87844,Breast cancer,136,101328
EE87844,Breast cancer,137,108842
EE87844,Breast cancer,138,129699
EE87844,Breast cancer,139,158456
EE87844,Breast cancer,140,192443
EE87844,Breast cancer,141,219166
EE87844,Breast cancer,142,228879
EE87844,Breast cancer,143,231701
EE87844,Breast cancer,144,237977
EE87844,Breast cancer,145,244603
EE87844,Breast cancer,146,248176
EE87844,Breast cancer,147,256216
EE87844,Breast cancer,148,271143
EE87844,Breast cancer,149,290357
EE87844,Breast cancer,150,310345
EE87844,Breast cancer,151,334281
EE87844,Breast cancer,152,354695
EE87844,Breast cancer,153,357459
EE87844,Breast cancer,154,347665
EE87844,Breast cancer,155,350437
EE87844,Breast cancer,156,374366
EE87844,Breast cancer,157,413213
EE87844,Breast cancer,158,460883
EE87844,Breast cancer,159,506409
EE87844,Breast cancer,160,541838
EE87844,Breast cancer,161,565384
EE87844,Breast cancer,162,596733
EE87844,Breast cancer,163,651450
EE87844,Breast cancer,164,741002
EE87844,Breast cancer,165,818308
EE87844,Breast cancer,166,846244
EE87844,Breast cancer,167,832773
EE87844,Breast cancer,168,802592
EE87844,Breast cancer,169,761810
EE87844,Breast cancer,170,715368
EE87844,Breast cancer,171,667080
EE87844,Breast cancer,172,628190
EE87844,Breast cancer,173,604982
EE87844,Breast cancer,174,593545
EE87844,Breast cancer,175,580970
EE87844,Breast cancer,176,560456
EE87844,Breast cancer,177,524543
EE87844,Breast cancer,178,480511
EE87844,Breast cancer,179,435256
EE87844,Breast cancer,180,390518
EE87844,Breast cancer,181,351592
EE87844,Breast cancer,182,317648
EE87844,Breast cancer,183,290632
EE87844,Breast cancer,184,269040
EE87844,Breast cancer,185,253169
EE87844,Breast cancer,186,240099
EE87844,Breast cancer,187,225381
EE87844,Breast cancer,188,211590
EE87844,Breast cancer,189,195702
EE87844,Breast cancer,190,177979
EE87844,Breast cancer,191,160434
EE87844,Breast cancer,192,145352
EE87844,Breast cancer,193,131567
EE87844,Breast cancer,194,119219
EE87844,Breast cancer,195,110528
EE87844,Breast cancer,196,103647
EE87844,Breast cancer,197,97623
EE87844,Breast cancer,198,92368
EE87844,Breast cancer,199,87188
EE87844,Breast cancer,200,81648
EE87844,Breast cancer,201,75467
EE87844,Breast cancer,202,69379
EE87844,Breast cancer,203,63112
EE87844,Breast cancer,204,58006
EE87844,Breast cancer,205,53237
EE87844,Breast cancer,206,49386
EE87844,Breast cancer,207,46041
EE87844,Breast cancer,208,43158
EE87844,Breast cancer,209,40805
EE87844,Breast cancer,210,38193
EE87844,Breast cancer,211,35663
EE87844,Breast cancer,212,32658
EE87844,Breast cancer,213,29626
EE87844,Breast cancer,214,27258
EE87844,Breast cancer,215,24926
EE87844,Breast cancer,216,22953
EE87844,Breast cancer,217,21249
EE87844,Breast cancer,218,19743
EE87844,Breast cancer,219,18665
EE87844,Breast cancer,220,17386
EE87844,Breast cancer,221,15958
EE87844,Breast cancer,222,14867
EE87844,Breast cancer,223,13559
EE87844,Breast cancer,224,12582
EE87844,Breast cancer,225,11471
EE87844,Breast cancer,226,10417
EE87844,Breast cancer,227,9631
EE87844,Breast cancer,228,9178
EE87844,Breast cancer,229,8511
EE87844,Breast cancer,230,8067
EE87844,Breast cancer,231,7659
EE87844,Breast cancer,232,7072
EE87844,Breast cancer,233,6587
EE87844,Breast cancer,234,6239
EE87844,Breast cancer,235,5757
EE87844,Breast cancer,236,4967
EE87844,Breast cancer,237,4799
EE87844,Breast cancer,238,4491
EE87844,Breast cancer,239,4207
EE87844,Breast cancer,240,4190
EE87844,Breast cancer,241,3928
EE87844,Breast cancer,242,107
EE87844,Breast cancer,243,139
EE87844,Breast cancer,244,121
EE87845,Breast cancer,85,288
EE87845,Breast cancer,86,325
EE87845,Breast cancer,87,351
EE87845,Breast cancer,88,380
EE87845,Breast cancer,89,530
EE87845,Breast cancer,90,515
EE87845,Breast cancer,91,563
EE87845,Breast cancer,92,569
EE87845,Breast cancer,93,659
EE87845,Breast cancer,94,720
EE87845,Breast cancer,95,753
EE87845,Breast cancer,96,820
EE87845,Breast cancer,97,762
EE87845,Breast cancer,98,856
EE87845,Breast cancer,99,9851
EE87845,Breast cancer,100,12007
EE87845,Breast cancer,101,13771
EE87845,Breast cancer,102,14421
EE87845,Breast cancer,103,15217
EE87845,Breast cancer,104,15191
EE87845,Breast cancer,105,15429
EE87845,Breast cancer,106,16791
EE87845,Breast cancer,107,18620
EE87845,Breast cancer,108,20887
EE87845,Breast cancer,109,24773
EE87845,Breast cancer,110,30047
EE87845,Breast cancer,111,35044
EE87845,Breast cancer,112,36677
EE87845,Breast cancer,113,34023
EE87845,Breast cancer,114,32029
EE87845,Breast cancer,115,32487
EE87845,Breast cancer,116,35993
EE87845,Breast cancer,117,39904
EE87845,Breast cancer,118,45008
EE87845,Breast cancer,119,52089
EE87845,Breast cancer,120,65262
EE87845,Breast cancer,121,84785
EE87845,Breast cancer,122,100952
EE87845,Breast cancer,123,100874
EE87845,Breast cancer,124,82543
EE87845,Breast cancer,125,68874
EE87845,Breast cancer,126,68675
EE87845,Breast cancer,127,75163
EE87845,Breast cancer,128,84757
EE87845,Breast cancer,129,96345
EE87845,Breast cancer,130,115965
EE87845,Breast cancer,131,147649
EE87845,Breast cancer,132,193787
EE87845,Breast cancer,133,240422
EE87845,Breast cancer,134,253501
EE87845,Breast cancer,135,231323
EE87845,Breast cancer,136,211895
EE87845,Breast cancer,137,221586
EE87845,Breast cancer,138,260640
EE87845,Breast cancer,139,314793
EE87845,Breast cancer,140,371608
EE87845,Breast cancer,141,411875
EE87845,Breast cancer,142,425142
EE87845,Breast cancer,143,423289
EE87845,Breast cancer,144,425765
EE87845,Breast cancer,145,431234
EE87845,Breast cancer,146,431824
EE87845,Breast cancer,147,439308
EE87845,Breast cancer,148,461178
EE87845,Breast cancer,149,491496
EE87845,Breast cancer,150,525110
EE87845,Breast cancer,151,559265
EE87845,Breast cancer,152,583909
EE87845,Breast cancer,153,581814
EE87845,Breast cancer,154,564568
EE87845,Breast cancer,155,570662
EE87845,Breast cancer,156,606061
EE87845,Breast cancer,157,661785
EE87845,Breast cancer,158,726597
EE87845,Breast cancer,159,791405
EE87845,Breast cancer,160,835138
EE87845,Breast cancer,161,868269
EE87845,Breast cancer,162,914919
EE87845,Breast cancer,163,1008382
EE87845,Breast cancer,164,1157947
EE87845,Breast cancer,165,1276059
EE87845,Breast cancer,166,1299133
EE87845,Breast cancer,167,1245728
EE87845,Breast cancer,168,1168910
EE87845,Breast cancer,169,1083052
EE87845,Breast cancer,170,996199
EE87845,Breast cancer,171,912341
EE87845,Breast cancer,172,848576
EE87845,Breast cancer,173,808491
EE87845,Breast cancer,174,784988
EE87845,Breast cancer,175,759265
EE87845,Breast cancer,176,720606
EE87845,Breast cancer,177,665962
EE87845,Breast cancer,178,598777
EE87845,Breast cancer,179,533374
EE87845,Breast cancer,180,469576
EE87845,Breast cancer,181,416915
EE87845,Breast cancer,182,371506
EE87845,Breast cancer,183,337656
EE87845,Breast cancer,184,310906
EE87845,Breast cancer,185,288719
EE87845,Breast cancer,186,270913
EE87845,Breast cancer,187,253880
EE87845,Breast cancer,188,236792
EE87845,Breast cancer,189,215233
EE87845,Breast cancer,190,195370
EE87845,Breast cancer,191,174501
EE87845,Breast cancer,192,156572
EE87845,Breast cancer,193,140459
EE87845,Breast cancer,194,128370
EE87845,Breast cancer,195,118247
EE87845,Breast cancer,196,110499
EE87845,Breast cancer,197,104815
EE87845,Breast cancer,198,99130
EE87845,Breast cancer,199,93063
EE87845,Breast cancer,200,86587
EE87845,Breast cancer,201,80881
EE87845,Breast cancer,202,73523
EE87845,Breast cancer,203,67055
EE87845,Breast cancer,204,61611
EE87845,Breast cancer,205,56918
EE87845,Breast cancer,206,52554
EE87845,Breast cancer,207,49715
EE87845,Breast cancer,208,46742
EE87845,Breast cancer,209,43896
EE87845,Breast cancer,210,40893
EE87845,Breast cancer,211,38711
EE87845,Breast cancer,212,36036
EE87845,Breast cancer,213,32360
EE87845,Breast cancer,214,29635
EE87845,Breast cancer,215,27224
EE87845,Breast cancer,216,25245
EE87845,Breast cancer,217,23441
EE87845,Breast cancer,218,22037
EE87845,Breast cancer,219,20766
EE87845,Breast cancer,220,19744
EE87845,Breast cancer,221,18414
EE87845,Breast cancer,222,17073
EE87845,Breast cancer,223,15677
EE87845,Breast cancer,224,14611
EE87845,Breast cancer,225,13125
EE87845,Breast cancer,226,12248
EE87845,Breast cancer,227,11676
EE87845,Breast cancer,228,11035
EE87845,Breast cancer,229,10168
EE87845,Breast cancer,230,10000
EE87845,Breast cancer,231,9617
EE87845,Breast cancer,232,9028
EE87845,Breast cancer,233,8601
EE87845,Breast cancer,234,8090
EE87845,Breast cancer,235,7570
EE87845,Breast cancer,236,7221
EE87845,Breast cancer,237,6897
EE87845,Breast cancer,238,6767
EE87845,Breast cancer,239,6367
EE87845,Breast cancer,240,5772
EE87845,Breast cancer,241,5618
EE87846,Breast cancer,92,113
EE87846,Breast cancer,93,401
EE87846,Breast cancer,94,426
EE87846,Breast cancer,95,446
EE87846,Breast cancer,96,634
EE87846,Breast cancer,97,587
EE87846,Breast cancer,98,656
EE87846,Breast cancer,99,6188
EE87846,Breast cancer,100,7353
EE87846,Breast cancer,101,8323
EE87846,Breast cancer,102,8979
EE87846,Breast cancer,103,9113
EE87846,Breast cancer,104,9075
EE87846,Breast cancer,105,9222
EE87846,Breast cancer,106,10094
EE87846,Breast cancer,107,11409
EE87846,Breast cancer,108,13108
EE87846,Breast cancer,109,15503
EE87846,Breast cancer,110,19094
EE87846,Breast cancer,111,21937
EE87846,Breast cancer,112,22486
EE87846,Breast cancer,113,20384
EE87846,Breast cancer,114,19017
EE87846,Breast cancer,115,19234
EE87846,Breast cancer,116,21145
EE87846,Breast cancer,117,23803
EE87846,Breast cancer,118,26881
EE87846,Breast cancer,119,31088
EE87846,Breast cancer,120,39255
EE87846,Breast cancer,121,51028
EE87846,Breast cancer,122,61600
EE87846,Breast cancer,123,61101
EE87846,Breast cancer,124,49867
EE87846,Breast cancer,125,41056
EE87846,Breast cancer,126,40120
EE87846,Breast cancer,127,43767
EE87846,Breast cancer,128,49250
EE87846,Breast cancer,129,56994
EE87846,Breast cancer,130,68823
EE87846,Breast cancer,131,87364
EE87846,Breast cancer,132,116585
EE87846,Breast cancer,133,145956
EE87846,Breast cancer,134,152455
EE87846,Breast cancer,135,137928
EE87846,Breast cancer,136,124577
EE87846,Breast cancer,137,130796
EE87846,Breast cancer,138,155774
EE87846,Breast cancer,139,191428
EE87846,Breast cancer,140,234824
EE87846,Breast cancer,141,266195
EE87846,Breast cancer,142,278371
EE87846,Breast cancer,143,280136
EE87846,Breast cancer,144,286241
EE87846,Breast cancer,145,294942
EE87846,Breast cancer,146,302762
EE87846,Breast cancer,147,317551
EE87846,Breast cancer,148,343066
EE87846,Breast cancer,149,372944
EE87846,Breast cancer,150,405518
EE87846,Breast cancer,151,440203
EE87846,Breast cancer,152,469031
EE87846,Breast cancer,153,473673
EE87846,Breast cancer,154,460564
EE87846,Breast cancer,155,466598
EE87846,Breast cancer,156,495175
EE87846,Breast cancer,157,543709
EE87846,Breast cancer,158,601208
EE87846,Breast cancer,159,659913
EE87846,Breast cancer,160,704017
EE87846,Breast cancer,161,736437
EE87846,Breast cancer,162,773204
EE87846,Breast cancer,163,846839
EE87846,Breast cancer,164,963635
EE87846,Breast cancer,165,1072771
EE87846,Breast cancer,166,1114590
EE87846,Breast cancer,167,1107126
EE87846,Breast cancer,168,1070981
EE87846,Breast cancer,169,1024305
EE87846,Breast cancer,170,967393
EE87846,Breast cancer,171,909767
EE87846,Breast cancer,172,863087
EE87846,Breast cancer,173,844374
EE87846,Breast cancer,174,837572
EE87846,Breast cancer,175,829897
EE87846,Breast cancer,176,808992
EE87846,Breast cancer,177,766965
EE87846,Breast cancer,178,709246
EE87846,Breast cancer,179,647075
EE87846,Breast cancer,180,588817
EE87846,Breast cancer,181,532803
EE87846,Breast cancer,182,487450
EE87846,Breast cancer,183,449771
EE87846,Breast cancer,184,420953
EE87846,Breast cancer,185,400421
EE87846,Breast cancer,186,382288
EE87846,Breast cancer,187,362314
EE87846,Breast cancer,188,341757
EE87846,Breast cancer,189,318198
EE87846,Breast cancer,190,291464
EE87846,Breast cancer,191,265013
EE87846,Breast cancer,192,241777
EE87846,Breast cancer,193,221271
EE87846,Breast cancer,194,204969
EE87846,Breast cancer,195,189341
EE87846,Breast cancer,196,178681
EE87846,Breast cancer,197,168824
EE87846,Breast cancer,198,160067
EE87846,Breast cancer,199,150621
EE87846,Breast cancer,200,141692
EE87846,Breast cancer,201,131618
EE87846,Breast cancer,202,121025
EE87846,Breast cancer,203,111365
EE87846,Breast cancer,204,101946
EE87846,Breast cancer,205,94759
EE87846,Breast cancer,206,88090
EE87846,Breast cancer,207,82853
EE87846,Breast cancer,208,77758
EE87846,Breast cancer,209,72899
EE87846,Breast cancer,210,68807
EE87846,Breast cancer,211,63717
EE87846,Breast cancer,212,59465
EE87846,Breast cancer,213,54092
EE87846,Breast cancer,214,49502
EE87846,Breast cancer,215,45610
EE87846,Breast cancer,216,42049
EE87846,Breast cancer,217,38728
EE87846,Breast cancer,218,36479
EE87846,Breast cancer,219,34029
EE87846,Breast cancer,220,31611
EE87846,Breast cancer,221,29448
EE87846,Breast cancer,222,27374
EE87846,Breast cancer,223,25197
EE87846,Breast cancer,224,23100
EE87846,Breast cancer,225,21125
EE87846,Breast cancer,226,19301
EE87846,Breast cancer,227,18173
EE87846,Breast cancer,228,16926
EE87846,Breast cancer,229,15643
EE87846,Breast cancer,230,14801
EE87846,Breast cancer,231,13655
EE87846,Breast cancer,232,12721
EE87846,Breast cancer,233,11701
EE87846,Breast cancer,234,11084
EE87846,Breast cancer,235,10063
EE87846,Breast cancer,236,9100
EE87846,Breast cancer,237,8638
EE87846,Breast cancer,238,8212
EE87846,Breast cancer,239,7990
EE87846,Breast cancer,240,7414
EE87846,Breast cancer,241,6458
EE87846,Breast cancer,242,6290
EE87846,Breast cancer,243,5741
EE87846,Breast cancer,244,3783
EE87846,Breast cancer,245,3736
EE87846,Breast cancer,246,3486
EE87847,Breast cancer,91,101
EE87847,Breast cancer,92,271
EE87847,Breast cancer,93,306
EE87847,Breast cancer,94,389
EE87847,Breast cancer,95,598
EE87847,Breast cancer,96,654
EE87847,Breast cancer,97,596
EE87847,Breast cancer,98,681
EE87847,Breast cancer,99,4044
EE87847,Breast cancer,100,4589
EE87847,Breast cancer,101,5316
EE87847,Breast cancer,102,5644
EE87847,Breast cancer,103,5898
EE87847,Breast cancer,104,5945
EE87847,Breast cancer,105,6009
EE87847,Breast cancer,106,6749
EE87847,Breast cancer,107,7893
EE87847,Breast cancer,108,8827
EE87847,Breast cancer,109,9816
EE87847,Breast cancer,110,11638
EE87847,Breast cancer,111,13038
EE87847,Breast cancer,112,14202
EE87847,Breast cancer,113,13207
EE87847,Breast cancer,114,12909
EE87847,Breast cancer,115,13984
EE87847,Breast cancer,116,15413
EE87847,Breast cancer,117,17544
EE87847,Breast cancer,118,20152
EE87847,Breast cancer,119,22597
EE87847,Breast cancer,120,27484
EE87847,Breast cancer,121,35247
EE87847,Breast cancer,122,42114
EE87847,Breast cancer,123,41492
EE87847,Breast cancer,124,36261
EE87847,Breast cancer,125,31944
EE87847,Breast cancer,126,33037
EE87847,Breast cancer,127,37199
EE87847,Breast cancer,128,42820
EE87847,Breast cancer,129,48837
EE87847,Breast cancer,130,59217
EE87847,Breast cancer,131,74323
EE87847,Breast cancer,132,96066
EE87847,Breast cancer,133,116960
EE87847,Breast cancer,134,124043
EE87847,Breast cancer,135,117011
EE87847,Breast cancer,136,112841
EE87847,Breast cancer,137,124474
EE87847,Breast cancer,138,148540
EE87847,Breast cancer,139,178626
EE87847,Breast cancer,140,205409
EE87847,Breast cancer,141,226766
EE87847,Breast cancer,142,238112
EE87847,Breast cancer,143,245029
EE87847,Breast cancer,144,251506
EE87847,Breast cancer,145,259530
EE87847,Breast cancer,146,266301
EE87847,Breast cancer,147,281294
EE87847,Breast cancer,148,305081
EE87847,Breast cancer,149,329291
EE87847,Breast cancer,150,353108
EE87847,Breast cancer,151,375532
EE87847,Breast cancer,152,397378
EE87847,Breast cancer,153,408879
EE87847,Breast cancer,154,412411
EE87847,Breast cancer,155,428526
EE87847,Breast cancer,156,460823
EE87847,Breast cancer,157,504079
EE87847,Breast cancer,158,553654
EE87847,Breast cancer,159,598755
EE87847,Breast cancer,160,634446
EE87847,Breast cancer,161,664418
EE87847,Breast cancer,162,701102
EE87847,Breast cancer,163,767031
EE87847,Breast cancer,164,859896
EE87847,Breast cancer,165,930489
EE87847,Breast cancer,166,942850
EE87847,Breast cancer,167,910045
EE87847,Breast cancer,168,863459
EE87847,Breast cancer,169,813072
EE87847,Breast cancer,170,761603
EE87847,Breast cancer,171,710560
EE87847,Breast cancer,172,670272
EE87847,Breast cancer,173,641533
EE87847,Breast cancer,174,622650
EE87847,Breast cancer,175,601462
EE87847,Breast cancer,176,573488
EE87847,Breast cancer,177,536589
EE87847,Breast cancer,178,492054
EE87847,Breast cancer,179,447698
EE87847,Breast cancer,180,409219
EE87847,Breast cancer,181,373021
EE87847,Breast cancer,182,343849
EE87847,Breast cancer,183,319126
EE87847,Breast cancer,184,297890
EE87847,Breast cancer,185,282166
EE87847,Breast cancer,186,265855
EE87847,Breast cancer,187,250969
EE87847,Breast cancer,188,235415
EE87847,Breast cancer,189,218510
EE87847,Breast cancer,190,199499
EE87847,Breast cancer,191,184436
EE87847,Breast cancer,192,169111
EE87847,Breast cancer,193,155688
EE87847,Breast cancer,194,145258
EE87847,Breast cancer,195,135505
EE87847,Breast cancer,196,127751
EE87847,Breast cancer,197,119649
EE87847,Breast cancer,198,112671
EE87847,Breast cancer,199,105193
EE87847,Breast cancer,200,98499
EE87847,Breast cancer,201,91373
EE87847,Breast cancer,202,85057
EE87847,Breast cancer,203,78339
EE87847,Breast cancer,204,73574
EE87847,Breast cancer,205,68241
EE87847,Breast cancer,206,63699
EE87847,Breast cancer,207,59151
EE87847,Breast cancer,208,55375
EE87847,Breast cancer,209,52032
EE87847,Breast cancer,210,48481
EE87847,Breast cancer,211,45061
EE87847,Breast cancer,212,42098
EE87847,Breast cancer,213,38740
EE87847,Breast cancer,214,35608
EE87847,Breast cancer,215,33048
EE87847,Breast cancer,216,31014
EE87847,Breast cancer,217,28618
EE87847,Breast cancer,218,26196
EE87847,Breast cancer,219,24648
EE87847,Breast cancer,220,23004
EE87847,Breast cancer,221,21581
EE87847,Breast cancer,222,19871
EE87847,Breast cancer,223,18337
EE87847,Breast cancer,224,17152
EE87847,Breast cancer,225,15695
EE87847,Breast cancer,226,14419
EE87847,Breast cancer,227,13582
EE87847,Breast cancer,228,12567
EE87847,Breast cancer,229,12005
EE87847,Breast cancer,230,11096
EE87847,Breast cancer,231,10154
EE87847,Breast cancer,232,9680
EE87847,Breast cancer,233,8796
EE87847,Breast cancer,234,8380
EE87847,Breast cancer,235,7751
EE87847,Breast cancer,236,7100
EE87847,Breast cancer,237,6757
EE87847,Breast cancer,238,6320
EE87847,Breast cancer,239,5983
EE87847,Breast cancer,240,5586
EE87847,Breast cancer,241,5362
EE87847,Breast cancer,242,4252
EE87847,Breast cancer,243,3804
EE87847,Breast cancer,244,3723
EE87847,Breast cancer,245,3391
EE87848,Breast cancer,90,363
EE87848,Breast cancer,91,623
EE87848,Breast cancer,92,685
EE87848,Breast cancer,93,793
EE87848,Breast cancer,94,871
EE87848,Breast cancer,95,889
EE87848,Breast cancer,96,934
EE87848,Breast cancer,97,953
EE87848,Breast cancer,98,1061
EE87848,Breast cancer,99,10057
EE87848,Breast cancer,100,11825
EE87848,Breast cancer,101,13647
EE87848,Breast cancer,102,14648
EE87848,Breast cancer,103,15139
EE87848,Breast cancer,104,15095
EE87848,Breast cancer,105,15275
EE87848,Breast cancer,106,16064
EE87848,Breast cancer,107,17908
EE87848,Breast cancer,108,20333
EE87848,Breast cancer,109,24023
EE87848,Breast cancer,110,29771
EE87848,Breast cancer,111,34900
EE87848,Breast cancer,112,36508
EE87848,Breast cancer,113,33814
EE87848,Breast cancer,114,32120
EE87848,Breast cancer,115,33271
EE87848,Breast cancer,116,36618
EE87848,Breast cancer,117,40975
EE87848,Breast cancer,118,46453
EE87848,Breast cancer,119,54343
EE87848,Breast cancer,120,68396
EE87848,Breast cancer,121,90867
EE87848,Breast cancer,122,109437
EE87848,Breast cancer,123,107460
EE87848,Breast cancer,124,88416
EE87848,Breast cancer,125,75020
EE87848,Breast cancer,126,74881
EE87848,Breast cancer,127,82865
EE87848,Breast cancer,128,93313
EE87848,Breast cancer,129,107424
EE87848,Breast cancer,130,128934
EE87848,Breast cancer,131,166716
EE87848,Breast cancer,132,222767
EE87848,Breast cancer,133,277814
EE87848,Breast cancer,134,295810
EE87848,Breast cancer,135,272334
EE87848,Breast cancer,136,252143
EE87848,Breast cancer,137,268204
EE87848,Breast cancer,138,318280
EE87848,Breast cancer,139,389419
EE87848,Breast cancer,140,465767
EE87848,Breast cancer,141,526005
EE87848,Breast cancer,142,549742
EE87848,Breast cancer,143,552642
EE87848,Breast cancer,144,557185
EE87848,Breast cancer,145,564556
EE87848,Breast cancer,146,562802
EE87848,Breast cancer,147,564737
EE87848,Breast cancer,148,577130
EE87848,Breast cancer,149,597654
EE87848,Breast cancer,150,622216
EE87848,Breast cancer,151,652469
EE87848,Breast cancer,152,677291
EE87848,Breast cancer,153,677187
EE87848,Breast cancer,154,659849
EE87848,Breast cancer,155,670309
EE87848,Breast cancer,156,711465
EE87848,Breast cancer,157,777390
EE87848,Breast cancer,158,857111
EE87848,Breast cancer,159,931595
EE87848,Breast cancer,160,990142
EE87848,Breast cancer,161,1045056
EE87848,Breast cancer,162,1117926
EE87848,Breast cancer,163,1238371
EE87848,Breast cancer,164,1397703
EE87848,Breast cancer,165,1519134
EE87848,Breast cancer,166,1527464
EE87848,Breast cancer,167,1455230
EE87848,Breast cancer,168,1352066
EE87848,Breast cancer,169,1243483
EE87848,Breast cancer,170,1124541
EE87848,Breast cancer,171,1009990
EE87848,Breast cancer,172,912215
EE87848,Breast cancer,173,838948
EE87848,Breast cancer,174,782955
EE87848,Breast cancer,175,726785
EE87848,Breast cancer,176,665533
EE87848,Breast cancer,177,594770
EE87848,Breast cancer,178,519657
EE87848,Breast cancer,179,449301
EE87848,Breast cancer,180,388905
EE87848,Breast cancer,181,336816
EE87848,Breast cancer,182,294040
EE87848,Breast cancer,183,259711
EE87848,Breast cancer,184,233581
EE87848,Breast cancer,185,211899
EE87848,Breast cancer,186,195114
EE87848,Breast cancer,187,179271
EE87848,Breast cancer,188,162824
EE87848,Breast cancer,189,146659
EE87848,Breast cancer,190,131208
EE87848,Breast cancer,191,116873
EE87848,Breast cancer,192,103744
EE87848,Breast cancer,193,92485
EE87848,Breast cancer,194,83348
EE87848,Breast cancer,195,77045
EE87848,Breast cancer,196,71093
EE87848,Breast cancer,197,66952
EE87848,Breast cancer,198,62701
EE87848,Breast cancer,199,59425
EE87848,Breast cancer,200,54810
EE87848,Breast cancer,201,50823
EE87848,Breast cancer,202,45980
EE87848,Breast cancer,203,42031
EE87848,Breast cancer,204,38349
EE87848,Breast cancer,205,35308
EE87848,Breast cancer,206,32816
EE87848,Breast cancer,207,30487
EE87848,Breast cancer,208,28886
EE87848,Breast cancer,209,27077
EE87848,Breast cancer,210,25482
EE87848,Breast cancer,211,23318
EE87848,Breast cancer,212,21467
EE87848,Breast cancer,213,19340
EE87848,Breast cancer,214,17781
EE87848,Breast cancer,215,16135
EE87848,Breast cancer,216,14609
EE87848,Breast cancer,217,13861
EE87848,Breast cancer,218,12711
EE87848,Breast cancer,219,12034
EE87848,Breast cancer,220,11331
EE87848,Breast cancer,221,10814
EE87848,Breast cancer,222,9509
EE87848,Breast cancer,223,8642
EE87848,Breast cancer,224,8111
EE87848,Breast cancer,225,7412
EE87848,Breast cancer,226,6925
EE87848,Breast cancer,227,6366
EE87848,Breast cancer,228,6028
EE87848,Breast cancer,229,5890
EE87848,Breast cancer,230,5606
EE87848,Breast cancer,231,4796
EE87849,Breast cancer,87,4
EE87849,Breast cancer,88,19
EE87849,Breast cancer,89,394
EE87849,Breast cancer,90,409
EE87849,Breast cancer,91,557
EE87849,Breast cancer,92,632
EE87849,Breast cancer,93,617
EE87849,Breast cancer,94,793
EE87849,Breast cancer,95,806
EE87849,Breast cancer,96,900
EE87849,Breast cancer,97,932
EE87849,Breast cancer,98,1019
EE87849,Breast cancer,99,11498
EE87849,Breast cancer,100,14078
EE87849,Breast cancer,101,16225
EE87849,Breast cancer,102,17412
EE87849,Breast cancer,103,17942
EE87849,Breast cancer,104,17603
EE87849,Breast cancer,105,17695
EE87849,Breast cancer,106,19123
EE87849,Breast cancer,107,21448
EE87849,Breast cancer,108,24821
EE87849,Breast cancer,109,29310
EE87849,Breast cancer,110,36245
EE87849,Breast cancer,111,42763
EE87849,Breast cancer,112,44932
EE87849,Breast cancer,113,40926
EE87849,Breast cancer,114,37740
EE87849,Breast cancer,115,38932
EE87849,Breast cancer,116,42149
EE87849,Breast cancer,117,46962
EE87849,Breast cancer,118,52642
EE87849,Breast cancer,119,61461
EE87849,Breast cancer,120,75754
EE87849,Breast cancer,121,96740
EE87849,Breast cancer,122,113878
EE87849,Breast cancer,123,112037
EE87849,Breast cancer,124,90982
EE87849,Breast cancer,125,75880
EE87849,Breast cancer,126,73150
EE87849,Breast cancer,127,78428
EE87849,Breast cancer,128,87368
EE87849,Breast cancer,129,99108
EE87849,Breast cancer,130,118368
EE87849,Breast cancer,131,148695
EE87849,Breast cancer,132,192981
EE87849,Breast cancer,133,236402
EE87849,Breast cancer,134,246391
EE87849,Breast cancer,135,220953
EE87849,Breast cancer,136,199877
EE87849,Breast cancer,137,211219
EE87849,Breast cancer,138,248788
EE87849,Breast cancer,139,303221
EE87849,Breast cancer,140,366613
EE87849,Breast cancer,141,419280
EE87849,Breast cancer,142,441407
EE87849,Breast cancer,143,445628
EE87849,Breast cancer,144,453061
EE87849,Breast cancer,145,458180
EE87849,Breast cancer,146,455810
EE87849,Breast cancer,147,459788
EE87849,Breast cancer,148,481026
EE87849,Breast cancer,149,506843
EE87849,Breast cancer,150,537162
EE87849,Breast cancer,151,576825
EE87849,Breast cancer,152,613040
EE87849,Breast cancer,153,617443
EE87849,Breast cancer,154,602679
EE87849,Breast cancer,155,606156
EE87849,Breast cancer,156,638612
EE87849,Breast cancer,157,695277
EE87849,Breast cancer,158,765678
EE87849,Breast cancer,159,837200
EE87849,Breast cancer,160,898598
EE87849,Breast cancer,161,943140
EE87849,Breast cancer,162,1002272
EE87849,Breast cancer,163,1101396
EE87849,Breast cancer,164,1245274
EE87849,Breast cancer,165,1366437
EE87849,Breast cancer,166,1404502
EE87849,Breast cancer,167,1372454
EE87849,Breast cancer,168,1317390
EE87849,Breast cancer,169,1248942
EE87849,Breast cancer,170,1169438
EE87849,Breast cancer,171,1084358
EE87849,Breast cancer,172,1008753
EE87849,Breast cancer,173,959374
EE87849,Breast cancer,174,919881
EE87849,Breast cancer,175,878213
EE87849,Breast cancer,176,822251
EE87849,Breast cancer,177,748121
EE87849,Breast cancer,178,667617
EE87849,Breast cancer,179,585993
EE87849,Breast cancer,180,514633
EE87849,Breast cancer,181,451712
EE87849,Breast cancer,182,400950
EE87849,Breast cancer,183,357597
EE87849,Breast cancer,184,323140
EE87849,Breast cancer,185,296052
EE87849,Breast cancer,186,272428
EE87849,Breast cancer,187,250060
EE87849,Breast cancer,188,228790
EE87849,Breast cancer,189,208037
EE87849,Breast cancer,190,187410
EE87849,Breast cancer,191,168036
EE87849,Breast cancer,192,150204
EE87849,Breast cancer,193,135393
EE87849,Breast cancer,194,122868
EE87849,Breast cancer,195,113362
EE87849,Breast cancer,196,105392
EE87849,Breast cancer,197,100012
EE87849,Breast cancer,198,93656
EE87849,Breast cancer,199,88259
EE87849,Breast cancer,200,82399
EE87849,Breast cancer,201,76388
EE87849,Breast cancer,202,69316
EE87849,Breast cancer,203,64279
EE87849,Breast cancer,204,58901
EE87849,Breast cancer,205,54341
EE87849,Breast cancer,206,50998
EE87849,Breast cancer,207,47766
EE87849,Breast cancer,208,44916
EE87849,Breast cancer,209,42722
EE87849,Breast cancer,210,40329
EE87849,Breast cancer,211,37384
EE87849,Breast cancer,212,34613
EE87849,Breast cancer,213,31615
EE87849,Breast cancer,214,29496
EE87849,Breast cancer,215,26657
EE87849,Breast cancer,216,24907
EE87849,Breast cancer,217,23595
EE87849,Breast cancer,218,21864
EE87849,Breast cancer,219,20512
EE87849,Breast cancer,220,19337
EE87849,Breast cancer,221,18264
EE87849,Breast cancer,222,16841
EE87849,Breast cancer,223,15513
EE87849,Breast cancer,224,14213
EE87849,Breast cancer,225,13017
EE87849,Breast cancer,226,12031
EE87849,Breast cancer,227,11239
EE87849,Breast cancer,228,10545
EE87849,Breast cancer,229,10354
EE87849,Breast cancer,230,9705
EE87849,Breast cancer,231,9197
EE87849,Breast cancer,232,8682
EE87849,Breast cancer,233,8103
EE87849,Breast cancer,234,7407
EE87849,Breast cancer,235,4670
EE87849,Breast cancer,236,4433
EE87849,Breast cancer,237,3798
EE87849,Breast cancer,238,2808
EE87849,Breast cancer,239,312
EE87849,Breast cancer,240,334
EE87849,Breast cancer,241,305
EE87850,Breast cancer,88,5
EE87850,Breast cancer,89,9
EE87850,Breast cancer,90,7
EE87850,Breast cancer,91,10
EE87850,Breast cancer,92,168
EE87850,Breast cancer,93,503
EE87850,Breast cancer,94,614
EE87850,Breast cancer,95,660
EE87850,Breast cancer,96,658
EE87850,Breast cancer,97,703
EE87850,Breast cancer,98,742
EE87850,Breast cancer,99,7089
EE87850,Breast cancer,100,8220
EE87850,Breast cancer,101,8945
EE87850,Breast cancer,102,9560
EE87850,Breast cancer,103,9839
EE87850,Breast cancer,104,10025
EE87850,Breast cancer,105,10282
EE87850,Breast cancer,106,10858
EE87850,Breast cancer,107,12267
EE87850,Breast cancer,108,13687
EE87850,Breast cancer,109,15819
EE87850,Breast cancer,110,19246
EE87850,Breast cancer,111,22190
EE87850,Breast cancer,112,22940
EE87850,Breast cancer,113,21361
EE87850,Breast cancer,114,19871
EE87850,Breast cancer,115,20678
EE87850,Breast cancer,116,22229
EE87850,Breast cancer,117,24860
EE87850,Breast cancer,118,28185
EE87850,Breast cancer,119,32502
EE87850,Breast cancer,120,41531
EE87850,Breast cancer,121,53912
EE87850,Breast cancer,122,64815
EE87850,Breast cancer,123,64511
EE87850,Breast cancer,124,52886
EE87850,Breast cancer,125,43998
EE87850,Breast cancer,126,43075
EE87850,Breast cancer,127,47286
EE87850,Breast cancer,128,53590
EE87850,Breast cancer,129,60316
EE87850,Breast cancer,130,74319
EE87850,Breast cancer,131,96710
EE87850,Breast cancer,132,130956
EE87850,Breast cancer,133,164742
EE87850,Breast cancer,134,173556
EE87850,Breast cancer,135,154470
EE87850,Breast cancer,136,138110
EE87850,Breast cancer,137,144308
EE87850,Breast cancer,138,170604
EE87850,Breast cancer,139,211193
EE87850,Breast cancer,140,259344
EE87850,Breast cancer,141,298871
EE87850,Breast cancer,142,313271
EE87850,Breast cancer,143,313245
EE87850,Breast cancer,144,315394
EE87850,Breast cancer,145,317564
EE87850,Breast cancer,146,314866
EE87850,Breast cancer,147,319420
EE87850,Breast cancer,148,337286
EE87850,Breast cancer,149,363973
EE87850,Breast cancer,150,393135
EE87850,Breast cancer,151,427383
EE87850,Breast cancer,152,458595
EE87850,Breast cancer,153,461781
EE87850,Breast cancer,154,446653
EE87850,Breast cancer,155,447013
EE87850,Breast cancer,156,472682
EE87850,Breast cancer,157,523389
EE87850,Breast cancer,158,585849
EE87850,Breast cancer,159,650623
EE87850,Breast cancer,160,703229
EE87850,Breast cancer,161,738950
EE87850,Breast cancer,162,776830
EE87850,Breast cancer,163,850568
EE87850,Breast cancer,164,964629
EE87850,Breast cancer,165,1064767
EE87850,Breast cancer,166,1103105
EE87850,Breast cancer,167,1095847
EE87850,Breast cancer,168,1070621
EE87850,Breast cancer,169,1027396
EE87850,Breast cancer,170,967720
EE87850,Breast cancer,171,904392
EE87850,Breast cancer,172,851095
EE87850,Breast cancer,173,823106
EE87850,Breast cancer,174,814145
EE87850,Breast cancer,175,804273
EE87850,Breast cancer,176,784818
EE87850,Breast cancer,177,743151
EE87850,Breast cancer,178,687743
EE87850,Breast cancer,179,631443
EE87850,Breast cancer,180,572096
EE87850,Breast cancer,181,518147
EE87850,Breast cancer,182,470746
EE87850,Breast cancer,183,436132
EE87850,Breast cancer,184,406986
EE87850,Breast cancer,185,386298
EE87850,Breast cancer,186,369629
EE87850,Breast cancer,187,352404
EE87850,Breast cancer,188,333642
EE87850,Breast cancer,189,312355
EE87850,Breast cancer,190,287274
EE87850,Breast cancer,191,260559
EE87850,Breast cancer,192,236623
EE87850,Breast cancer,193,214933
EE87850,Breast cancer,194,196422
EE87850,Breast cancer,195,182248
EE87850,Breast cancer,196,172476
EE87850,Breast cancer,197,164925
EE87850,Breast cancer,198,157169
EE87850,Breast cancer,199,148903
EE87850,Breast cancer,200,139931
EE87850,Breast cancer,201,130700
EE87850,Breast cancer,202,119634
EE87850,Breast cancer,203,109287
EE87850,Breast cancer,204,100139
EE87850,Breast cancer,205,92177
EE87850,Breast cancer,206,86027
EE87850,Breast cancer,207,81299
EE87850,Breast cancer,208,76640
EE87850,Breast cancer,209,72139
EE87850,Breast cancer,210,68396
EE87850,Breast cancer,211,63930
EE87850,Breast cancer,212,59061
EE87850,Breast cancer,213,54414
EE87850,Breast cancer,214,49128
EE87850,Breast cancer,215,45202
EE87850,Breast cancer,216,41888
EE87850,Breast cancer,217,39322
EE87850,Breast cancer,218,36468
EE87850,Breast cancer,219,34484
EE87850,Breast cancer,220,32213
EE87850,Breast cancer,221,30404
EE87850,Breast cancer,222,28171
EE87850,Breast cancer,223,25940
EE87850,Breast cancer,224,23840
EE87850,Breast cancer,225,21844
EE87850,Breast cancer,226,20066
EE87850,Breast cancer,227,18602
EE87850,Breast cancer,228,17384
EE87850,Breast cancer,229,16438
EE87850,Breast cancer,230,15255
EE87850,Breast cancer,231,14526
EE87850,Breast cancer,232,13555
EE87850,Breast cancer,233,12786
EE87850,Breast cancer,234,11583
EE87850,Breast cancer,235,10790
EE87850,Breast cancer,236,10026
EE87850,Breast cancer,237,9493
EE87850,Breast cancer,238,9019
EE87850,Breast cancer,239,8695
EE87850,Breast cancer,240,8124
EE87850,Breast cancer,241,7223
EE87850,Breast cancer,242,6907
EE87850,Breast cancer,243,6478
EE87850,Breast cancer,244,6348
EE87850,Breast cancer,245,6091
EE87850,Breast cancer,246,5689
EE87850,Breast cancer,247,265
EE87850,Breast cancer,248,260
EE87850,Breast cancer,249,201
EE87851,Breast cancer,81,225
EE87851,Breast cancer,82,199
EE87851,Breast cancer,83,281
EE87851,Breast cancer,84,285
EE87851,Breast cancer,85,379
EE87851,Breast cancer,86,438
EE87851,Breast cancer,87,434
EE87851,Breast cancer,88,501
EE87851,Breast cancer,89,519
EE87851,Breast cancer,90,565
EE87851,Breast cancer,91,652
EE87851,Breast cancer,92,697
EE87851,Breast cancer,93,682
EE87851,Breast cancer,94,817
EE87851,Breast cancer,95,843
EE87851,Breast cancer,96,865
EE87851,Breast cancer,97,980
EE87851,Breast cancer,98,1085
EE87851,Breast cancer,99,12748
EE87851,Breast cancer,100,15396
EE87851,Breast cancer,101,17554
EE87851,Breast cancer,102,18943
EE87851,Breast cancer,103,19918
EE87851,Breast cancer,104,20493
EE87851,Breast cancer,105,19742
EE87851,Breast cancer,106,21282
EE87851,Breast cancer,107,23721
EE87851,Breast cancer,108,26580
EE87851,Breast cancer,109,32006
EE87851,Breast cancer,110,39694
EE87851,Breast cancer,111,46260
EE87851,Breast cancer,112,48387
EE87851,Breast cancer,113,43881
EE87851,Breast cancer,114,40320
EE87851,Breast cancer,115,41241
EE87851,Breast cancer,116,45217
EE87851,Breast cancer,117,50792
EE87851,Breast cancer,118,57192
EE87851,Breast cancer,119,67452
EE87851,Breast cancer,120,86884
EE87851,Breast cancer,121,115908
EE87851,Breast cancer,122,139005
EE87851,Breast cancer,123,136248
EE87851,Breast cancer,124,108696
EE87851,Breast cancer,125,88001
EE87851,Breast cancer,126,85224
EE87851,Breast cancer,127,92463
EE87851,Breast cancer,128,102964
EE87851,Breast cancer,129,116570
EE87851,Breast cancer,130,141316
EE87851,Breast cancer,131,181859
EE87851,Breast cancer,132,242654
EE87851,Breast cancer,133,301843
EE87851,Breast cancer,134,314228
EE87851,Breast cancer,135,276599
EE87851,Breast cancer,136,244319
EE87851,Breast cancer,137,250689
EE87851,Breast cancer,138,292991
EE87851,Breast cancer,139,356150
EE87851,Breast cancer,140,425486
EE87851,Breast cancer,141,474278
EE87851,Breast cancer,142,484201
EE87851,Breast cancer,143,470637
EE87851,Breast cancer,144,466594
EE87851,Breast cancer,145,466860
EE87851,Breast cancer,146,460141
EE87851,Breast cancer,147,462251
EE87851,Breast cancer,148,483093
EE87851,Breast cancer,149,515843
EE87851,Breast cancer,150,551833
EE87851,Breast cancer,151,591530
EE87851,Breast cancer,152,618366
EE87851,Breast cancer,153,611260
EE87851,Breast cancer,154,587958
EE87851,Breast cancer,155,588239
EE87851,Breast cancer,156,625780
EE87851,Breast cancer,157,689456
EE87851,Breast cancer,158,764135
EE87851,Breast cancer,159,837454
EE87851,Breast cancer,160,889646
EE87851,Breast cancer,161,919926
EE87851,Breast cancer,162,965446
EE87851,Breast cancer,163,1061572
EE87851,Breast cancer,164,1210726
EE87851,Breast cancer,165,1328356
EE87851,Breast cancer,166,1346231
EE87851,Breast cancer,167,1300251
EE87851,Breast cancer,168,1228013
EE87851,Breast cancer,169,1139486
EE87851,Breast cancer,170,1042501
EE87851,Breast cancer,171,951389
EE87851,Breast cancer,172,878623
EE87851,Breast cancer,173,839100
EE87851,Breast cancer,174,817405
EE87851,Breast cancer,175,798027
EE87851,Breast cancer,176,768557
EE87851,Breast cancer,177,719098
EE87851,Breast cancer,178,657457
EE87851,Breast cancer,179,589858
EE87851,Breast cancer,180,525659
EE87851,Breast cancer,181,467080
EE87851,Breast cancer,182,418389
EE87851,Breast cancer,183,378587
EE87851,Breast cancer,184,351046
EE87851,Breast cancer,185,330515
EE87851,Breast cancer,186,311480
EE87851,Breast cancer,187,294750
EE87851,Breast cancer,188,275569
EE87851,Breast cancer,189,255519
EE87851,Breast cancer,190,231761
EE87851,Breast cancer,191,208931
EE87851,Breast cancer,192,188279
EE87851,Breast cancer,193,169562
EE87851,Breast cancer,194,154452
EE87851,Breast cancer,195,142645
EE87851,Breast cancer,196,133848
EE87851,Breast cancer,197,125890
EE87851,Breast cancer,198,120561
EE87851,Breast cancer,199,113623
EE87851,Breast cancer,200,105777
EE87851,Breast cancer,201,98756
EE87851,Breast cancer,202,89917
EE87851,Breast cancer,203,82467
EE87851,Breast cancer,204,75766
EE87851,Breast cancer,205,69699
EE87851,Breast cancer,206,64900
EE87851,Breast cancer,207,60309
EE87851,Breast cancer,208,57277
EE87851,Breast cancer,209,53476
EE87851,Breast cancer,210,50366
EE87851,Breast cancer,211,47046
EE87851,Breast cancer,212,43473
EE87851,Breast cancer,213,39625
EE87851,Breast cancer,214,36186
EE87851,Breast cancer,215,32815
EE87851,Breast cancer,216,30098
EE87851,Breast cancer,217,28136
EE87851,Breast cancer,218,26118
EE87851,Breast cancer,219,24488
EE87851,Breast cancer,220,22905
EE87851,Breast cancer,221,21363
EE87851,Breast cancer,222,19995
EE87851,Breast cancer,223,18112
EE87851,Breast cancer,224,16533
EE87851,Breast cancer,225,15035
EE87851,Breast cancer,226,13837
EE87851,Breast cancer,227,12850
EE87851,Breast cancer,228,11877
EE87851,Breast cancer,229,11210
EE87851,Breast cancer,230,10783
EE87851,Breast cancer,231,10029
EE87851,Breast cancer,232,9343
EE87851,Breast cancer,233,8618
EE87851,Breast cancer,234,8233
EE87851,Breast cancer,235,7563
EE87851,Breast cancer,236,7028
EE87851,Breast cancer,237,6547
EE87851,Breast cancer,238,6208
EE87851,Breast cancer,239,5968
EE87851,Breast cancer,240,5831
EE87851,Breast cancer,241,5845
EE87851,Breast cancer,242,5270
EE87851,Breast cancer,243,4638
EE87851,Breast cancer,244,4352
EE87852,Breast cancer,87,1
EE87852,Breast cancer,88,117
EE87852,Breast cancer,89,131
EE87852,Breast cancer,90,109
EE87852,Breast cancer,91,511
EE87852,Breast cancer,92,1229
EE87852,Breast cancer,93,1466
EE87852,Breast cancer,94,1502
EE87852,Breast cancer,95,1608
EE87852,Breast cancer,96,1742
EE87852,Breast cancer,97,1713
EE87852,Breast cancer,98,1923
EE87852,Breast cancer,99,15300
EE87852,Breast cancer,100,18132
EE87852,Breast cancer,101,20431
EE87852,Breast cancer,102,21739
EE87852,Breast cancer,103,22718
EE87852,Breast cancer,104,23052
EE87852,Breast cancer,105,23807
EE87852,Breast cancer,106,25332
EE87852,Breast cancer,107,28760
EE87852,Breast cancer,108,31776
EE87852,Breast cancer,109,37559
EE87852,Breast cancer,110,45429
EE87852,Breast cancer,111,52947
EE87852,Breast cancer,112,54955
EE87852,Breast cancer,113,51185
EE87852,Breast cancer,114,48203
EE87852,Breast cancer,115,49869
EE87852,Breast cancer,116,53792
EE87852,Breast cancer,117,60289
EE87852,Breast cancer,118,67247
EE87852,Breast cancer,119,78723
EE87852,Breast cancer,120,99278
EE87852,Breast cancer,121,130918
EE87852,Breast cancer,122,155463
EE87852,Breast cancer,123,153315
EE87852,Breast cancer,124,124941
EE87852,Breast cancer,125,103974
EE87852,Breast cancer,126,101954
EE87852,Breast cancer,127,110989
EE87852,Breast cancer,128,123418
EE87852,Breast cancer,129,141548
EE87852,Breast cancer,130,172366
EE87852,Breast cancer,131,222591
EE87852,Breast cancer,132,299334
EE87852,Breast cancer,133,373183
EE87852,Breast cancer,134,390339
EE87852,Breast cancer,135,347383
EE87852,Breast cancer,136,310431
EE87852,Breast cancer,137,322194
EE87852,Breast cancer,138,380261
EE87852,Breast cancer,139,467881
EE87852,Breast cancer,140,572708
EE87852,Breast cancer,141,652909
EE87852,Breast cancer,142,682411
EE87852,Breast cancer,143,680227
EE87852,Breast cancer,144,686537
EE87852,Breast cancer,145,694142
EE87852,Breast cancer,146,691532
EE87852,Breast cancer,147,699849
EE87852,Breast cancer,148,737095
EE87852,Breast cancer,149,787624
EE87852,Breast cancer,150,850221
EE87852,Breast cancer,151,916454
EE87852,Breast cancer,152,971091
EE87852,Breast cancer,153,972538
EE87852,Breast cancer,154,943583
EE87852,Breast cancer,155,949538
EE87852,Breast cancer,156,1010143
EE87852,Breast cancer,157,1115404
EE87852,Breast cancer,158,1242811
EE87852,Breast cancer,159,1374030
EE87852,Breast cancer,160,1473614
EE87852,Breast cancer,161,1547321
EE87852,Breast cancer,162,1630347
EE87852,Breast cancer,163,1793249
EE87852,Breast cancer,164,2038445
EE87852,Breast cancer,165,2259525
EE87852,Breast cancer,166,2338846
EE87852,Breast cancer,167,2310121
EE87852,Breast cancer,168,2240123
EE87852,Breast cancer,169,2142144
EE87852,Breast cancer,170,2016609
EE87852,Breast cancer,171,1884369
EE87852,Breast cancer,172,1779495
EE87852,Breast cancer,173,1724267
EE87852,Breast cancer,174,1700450
EE87852,Breast cancer,175,1675231
EE87852,Breast cancer,176,1619431
EE87852,Breast cancer,177,1524867
EE87852,Breast cancer,178,1402126
EE87852,Breast cancer,179,1269655
EE87852,Breast cancer,180,1143648
EE87852,Breast cancer,181,1029324
EE87852,Breast cancer,182,931610
EE87852,Breast cancer,183,856333
EE87852,Breast cancer,184,797928
EE87852,Breast cancer,185,753813
EE87852,Breast cancer,186,716999
EE87852,Breast cancer,187,679620
EE87852,Breast cancer,188,642069
EE87852,Breast cancer,189,594110
EE87852,Breast cancer,190,541519
EE87852,Breast cancer,191,490902
EE87852,Breast cancer,192,442333
EE87852,Breast cancer,193,401865
EE87852,Breast cancer,194,368940
EE87852,Breast cancer,195,342026
EE87852,Breast cancer,196,321735
EE87852,Breast cancer,197,304777
EE87852,Breast cancer,198,290797
EE87852,Breast cancer,199,275026
EE87852,Breast cancer,200,258189
EE87852,Breast cancer,201,238799
EE87852,Breast cancer,202,218366
EE87852,Breast cancer,203,200319
EE87852,Breast cancer,204,183409
EE87852,Breast cancer,205,169342
EE87852,Breast cancer,206,157756
EE87852,Breast cancer,207,147865
EE87852,Breast cancer,208,139597
EE87852,Breast cancer,209,132303
EE87852,Breast cancer,210,124604
EE87852,Breast cancer,211,115191
EE87852,Breast cancer,212,106275
EE87852,Breast cancer,213,97552
EE87852,Breast cancer,214,89225
EE87852,Breast cancer,215,81771
EE87852,Breast cancer,216,75268
EE87852,Breast cancer,217,69918
EE87852,Breast cancer,218,65559
EE87852,Breast cancer,219,61606
EE87852,Breast cancer,220,57839
EE87852,Breast cancer,221,53842
EE87852,Breast cancer,222,49508
EE87852,Breast cancer,223,45727
EE87852,Breast cancer,224,42229
EE87852,Breast cancer,225,38652
EE87852,Breast cancer,226,35393
EE87852,Breast cancer,227,32914
EE87852,Breast cancer,228,30686
EE87852,Breast cancer,229,29133
EE87852,Breast cancer,230,27446
EE87852,Breast cancer,231,25700
EE87852,Breast cancer,232,24078
EE87852,Breast cancer,233,22625
EE87852,Breast cancer,234,20958
EE87852,Breast cancer,235,19482
EE87852,Breast cancer,236,18423
EE87852,Breast cancer,237,16943
EE87852,Breast cancer,238,16916
EE87852,Breast cancer,239,15408
EE87852,Breast cancer,240,14103
EE87852,Breast cancer,241,13440
EE87852,Breast cancer,242,13053
EE87852,Breast cancer,243,11827
EE87852,Breast cancer,244,12131
EE87852,Breast cancer,245,10533
EE87852,Breast cancer,246,117
EE87852,Breast cancer,247,124
EE87852,Breast cancer,248,130
EE87853,Breast cancer,88,19
EE87853,Breast cancer,89,24
EE87853,Breast cancer,90,64
EE87853,Breast cancer,91,142
EE87853,Breast cancer,92,331
EE87853,Breast cancer,93,339
EE87853,Breast cancer,94,619
EE87853,Breast cancer,95,722
EE87853,Breast cancer,96,754
EE87853,Breast cancer,97,753
EE87853,Breast cancer,98,852
EE87853,Breast cancer,99,8685
EE87853,Breast cancer,100,10278
EE87853,Breast cancer,101,11494
EE87853,Breast cancer,102,12264
EE87853,Breast cancer,103,12429
EE87853,Breast cancer,104,12557
EE87853,Breast cancer,105,12748
EE87853,Breast cancer,106,13801
EE87853,Breast cancer,107,15462
EE87853,Breast cancer,108,17780
EE87853,Breast cancer,109,20564
EE87853,Breast cancer,110,25189
EE87853,Breast cancer,111,29851
EE87853,Breast cancer,112,30761
EE87853,Breast cancer,113,27860
EE87853,Breast cancer,114,25918
EE87853,Breast cancer,115,26156
EE87853,Breast cancer,116,28947
EE87853,Breast cancer,117,32548
EE87853,Breast cancer,118,36737
EE87853,Breast cancer,119,43263
EE87853,Breast cancer,120,55461
EE87853,Breast cancer,121,73387
EE87853,Breast cancer,122,88372
EE87853,Breast cancer,123,87199
EE87853,Breast cancer,124,70170
EE87853,Breast cancer,125,56285
EE87853,Breast cancer,126,53928
EE87853,Breast cancer,127,59002
EE87853,Breast cancer,128,65875
EE87853,Breast cancer,129,76468
EE87853,Breast cancer,130,94485
EE87853,Breast cancer,131,124122
EE87853,Breast cancer,132,167362
EE87853,Breast cancer,133,210559
EE87853,Breast cancer,134,220488
EE87853,Breast cancer,135,195867
EE87853,Breast cancer,136,173176
EE87853,Breast cancer,137,179883
EE87853,Breast cancer,138,214437
EE87853,Breast cancer,139,265963
EE87853,Breast cancer,140,326007
EE87853,Breast cancer,141,375141
EE87853,Breast cancer,142,394143
EE87853,Breast cancer,143,394057
EE87853,Breast cancer,144,398815
EE87853,Breast cancer,145,403120
EE87853,Breast cancer,146,400007
EE87853,Breast cancer,147,403890
EE87853,Breast cancer,148,424471
EE87853,Breast cancer,149,457051
EE87853,Breast cancer,150,492481
EE87853,Breast cancer,151,533808
EE87853,Breast cancer,152,569373
EE87853,Breast cancer,153,571749
EE87853,Breast cancer,154,554507
EE87853,Breast cancer,155,556414
EE87853,Breast cancer,156,589935
EE87853,Breast cancer,157,650395
EE87853,Breast cancer,158,726021
EE87853,Breast cancer,159,802872
EE87853,Breast cancer,160,861615
EE87853,Breast cancer,161,907670
EE87853,Breast cancer,162,956960
EE87853,Breast cancer,163,1052723
EE87853,Breast cancer,164,1199198
EE87853,Breast cancer,165,1323815
EE87853,Breast cancer,166,1366455
EE87853,Breast cancer,167,1348189
EE87853,Breast cancer,168,1306565
EE87853,Breast cancer,169,1248155
EE87853,Breast cancer,170,1170943
EE87853,Breast cancer,171,1089363
EE87853,Breast cancer,172,1020135
EE87853,Breast cancer,173,980959
EE87853,Breast cancer,174,962896
EE87853,Breast cancer,175,941776
EE87853,Breast cancer,176,909305
EE87853,Breast cancer,177,853012
EE87853,Breast cancer,178,780505
EE87853,Breast cancer,179,704402
EE87853,Breast cancer,180,632448
EE87853,Breast cancer,181,564753
EE87853,Breast cancer,182,510065
EE87853,Breast cancer,183,465673
EE87853,Breast cancer,184,431566
EE87853,Breast cancer,185,405042
EE87853,Breast cancer,186,383772
EE87853,Breast cancer,187,363461
EE87853,Breast cancer,188,340660
EE87853,Breast cancer,189,315336
EE87853,Breast cancer,190,286620
EE87853,Breast cancer,191,258984
EE87853,Breast cancer,192,232626
EE87853,Breast cancer,193,210740
EE87853,Breast cancer,194,192436
EE87853,Breast cancer,195,178463
EE87853,Breast cancer,196,167788
EE87853,Breast cancer,197,158979
EE87853,Breast cancer,198,151485
EE87853,Breast cancer,199,142779
EE87853,Breast cancer,200,133813
EE87853,Breast cancer,201,124103
EE87853,Breast cancer,202,113037
EE87853,Breast cancer,203,103944
EE87853,Breast cancer,204,95656
EE87853,Breast cancer,205,87872
EE87853,Breast cancer,206,81982
EE87853,Breast cancer,207,76819
EE87853,Breast cancer,208,72564
EE87853,Breast cancer,209,68934
EE87853,Breast cancer,210,64641
EE87853,Breast cancer,211,60123
EE87853,Breast cancer,212,55481
EE87853,Breast cancer,213,50879
EE87853,Breast cancer,214,46360
EE87853,Breast cancer,215,42856
EE87853,Breast cancer,216,39338
EE87853,Breast cancer,217,36542
EE87853,Breast cancer,218,34438
EE87853,Breast cancer,219,32173
EE87853,Breast cancer,220,30548
EE87853,Breast cancer,221,28411
EE87853,Breast cancer,222,26008
EE87853,Breast cancer,223,24307
EE87853,Breast cancer,224,22300
EE87853,Breast cancer,225,20067
EE87853,Breast cancer,226,18872
EE87853,Breast cancer,227,17276
EE87853,Breast cancer,228,16335
EE87853,Breast cancer,229,15512
EE87853,Breast cancer,230,14561
EE87853,Breast cancer,231,13784
EE87853,Breast cancer,232,12941
EE87853,Breast cancer,233,12149
EE87853,Breast cancer,234,11183
EE87853,Breast cancer,235,10283
EE87853,Breast cancer,236,9649
EE87853,Breast cancer,237,9137
EE87853,Breast cancer,238,8785
EE87853,Breast cancer,239,8240
EE87853,Breast cancer,240,7677
EE87853,Breast cancer,241,7449
EE87853,Breast cancer,242,1178
EE87853,Breast cancer,243,1009
EE87853,Breast cancer,244,897
EE87854,Breast cancer,87,3
EE87854,Breast cancer,88,1
EE87854,Breast cancer,89,96
EE87854,Breast cancer,90,114
EE87854,Breast cancer,91,141
EE87854,Breast cancer,92,193
EE87854,Breast cancer,93,169
EE87854,Breast cancer,94,221
EE87854,Breast cancer,95,249
EE87854,Breast cancer,96,581
EE87854,Breast cancer,97,628
EE87854,Breast cancer,98,693
EE87854,Breast cancer,99,6579
EE87854,Breast cancer,100,7536
EE87854,Breast cancer,101,8084
EE87854,Breast cancer,102,8470
EE87854,Breast cancer,103,8821
EE87854,Breast cancer,104,9025
EE87854,Breast cancer,105,9134
EE87854,Breast cancer,106,10292
EE87854,Breast cancer,107,11306
EE87854,Breast cancer,108,12414
EE87854,Breast cancer,109,14564
EE87854,Breast cancer,110,17075
EE87854,Breast cancer,111,19608
EE87854,Breast cancer,112,20359
EE87854,Breast cancer,113,18840
EE87854,Breast cancer,114,17810
EE87854,Breast cancer,115,18365
EE87854,Breast cancer,116,19859
EE87854,Breast cancer,117,22473
EE87854,Breast cancer,118,25103
EE87854,Breast cancer,119,29122
EE87854,Breast cancer,120,36115
EE87854,Breast cancer,121,47309
EE87854,Breast cancer,122,56347
EE87854,Breast cancer,123,55645
EE87854,Breast cancer,124,45492
EE87854,Breast cancer,125,37566
EE87854,Breast cancer,126,36014
EE87854,Breast cancer,127,38733
EE87854,Breast cancer,128,43287
EE87854,Breast cancer,129,49745
EE87854,Breast cancer,130,60666
EE87854,Breast cancer,131,78979
EE87854,Breast cancer,132,106925
EE87854,Breast cancer,133,136143
EE87854,Breast cancer,134,142741
EE87854,Breast cancer,135,123997
EE87854,Breast cancer,136,110177
EE87854,Breast cancer,137,115847
EE87854,Breast cancer,138,141148
EE87854,Breast cancer,139,181653
EE87854,Breast cancer,140,230483
EE87854,Breast cancer,141,268802
EE87854,Breast cancer,142,281740
EE87854,Breast cancer,143,281203
EE87854,Breast cancer,144,286113
EE87854,Breast cancer,145,290250
EE87854,Breast cancer,146,290158
EE87854,Breast cancer,147,296158
EE87854,Breast cancer,148,317867
EE87854,Breast cancer,149,348285
EE87854,Breast cancer,150,383498
EE87854,Breast cancer,151,427158
EE87854,Breast cancer,152,464475
EE87854,Breast cancer,153,469548
EE87854,Breast cancer,154,450240
EE87854,Breast cancer,155,447223
EE87854,Breast cancer,156,473350
EE87854,Breast cancer,157,525822
EE87854,Breast cancer,158,594780
EE87854,Breast cancer,159,673678
EE87854,Breast cancer,160,734815
EE87854,Breast cancer,161,774820
EE87854,Breast cancer,162,810481
EE87854,Breast cancer,163,882668
EE87854,Breast cancer,164,996478
EE87854,Breast cancer,165,1104745
EE87854,Breast cancer,166,1156214
EE87854,Breast cancer,167,1164138
EE87854,Breast cancer,168,1152995
EE87854,Breast cancer,169,1123345
EE87854,Breast cancer,170,1071191
EE87854,Breast cancer,171,1013044
EE87854,Breast cancer,172,965848
EE87854,Breast cancer,173,943959
EE87854,Breast cancer,174,941688
EE87854,Breast cancer,175,942501
EE87854,Breast cancer,176,931385
EE87854,Breast cancer,177,899309
EE87854,Breast cancer,178,848975
EE87854,Breast cancer,179,787137
EE87854,Breast cancer,180,726997
EE87854,Breast cancer,181,667184
EE87854,Breast cancer,182,614089
EE87854,Breast cancer,183,573332
EE87854,Breast cancer,184,540015
EE87854,Breast cancer,185,518353
EE87854,Breast cancer,186,500732
EE87854,Breast cancer,187,485108
EE87854,Breast cancer,188,466458
EE87854,Breast cancer,189,443771
EE87854,Breast cancer,190,412918
EE87854,Breast cancer,191,380298
EE87854,Breast cancer,192,347857
EE87854,Breast cancer,193,319054
EE87854,Breast cancer,194,293683
EE87854,Breast cancer,195,275198
EE87854,Breast cancer,196,260809
EE87854,Breast cancer,197,250386
EE87854,Breast cancer,198,240120
EE87854,Breast cancer,199,230841
EE87854,Breast cancer,200,218911
EE87854,Breast cancer,201,205080
EE87854,Breast cancer,202,189121
EE87854,Breast cancer,203,173812
EE87854,Breast cancer,204,159518
EE87854,Breast cancer,205,147465
EE87854,Breast cancer,206,138270
EE87854,Breast cancer,207,130921
EE87854,Breast cancer,208,124173
EE87854,Breast cancer,209,118237
EE87854,Breast cancer,210,112332
EE87854,Breast cancer,211,105769
EE87854,Breast cancer,212,98594
EE87854,Breast cancer,213,90551
EE87854,Breast cancer,214,82820
EE87854,Breast cancer,215,76607
EE87854,Breast cancer,216,71050
EE87854,Breast cancer,217,66013
EE87854,Breast cancer,218,62285
EE87854,Breast cancer,219,59061
EE87854,Breast cancer,220,55860
EE87854,Breast cancer,221,51987
EE87854,Breast cancer,222,48721
EE87854,Breast cancer,223,45399
EE87854,Breast cancer,224,41494
EE87854,Breast cancer,225,37903
EE87854,Breast cancer,226,35070
EE87854,Breast cancer,227,33067
EE87854,Breast cancer,228,30735
EE87854,Breast cancer,229,28632
EE87854,Breast cancer,230,27292
EE87854,Breast cancer,231,25528
EE87854,Breast cancer,232,23711
EE87854,Breast cancer,233,22330
EE87854,Breast cancer,234,20615
EE87854,Breast cancer,235,19038
EE87854,Breast cancer,236,17619
EE87854,Breast cancer,237,16386
EE87854,Breast cancer,238,15663
EE87854,Breast cancer,239,14725
EE87854,Breast cancer,240,13948
EE87854,Breast cancer,241,13385
EE87854,Breast cancer,242,13053
EE87854,Breast cancer,243,11870
EE87854,Breast cancer,244,10370
EE87854,Breast cancer,245,9790
EE87854,Breast cancer,246,9350
EE87854,Breast cancer,247,8960
EE87854,Breast cancer,248,8531
EE87854,Breast cancer,249,7984
EE87854,Breast cancer,250,7771
EE87854,Breast cancer,251,7457
EE87854,Breast cancer,252,7200
EE87854,Breast cancer,253,7038
EE87854,Breast cancer,254,6275
EE87854,Breast cancer,255,5938
EE87854,Breast cancer,256,5984
EE87854,Breast cancer,257,5716
EE87854,Breast cancer,258,131
EE87854,Breast cancer,259,119
EE87854,Breast cancer,260,108
EE87855,Breast cancer,85,2
EE87855,Breast cancer,86,31
EE87855,Breast cancer,87,28
EE87855,Breast cancer,88,33
EE87855,Breast cancer,89,49
EE87855,Breast cancer,90,52
EE87855,Breast cancer,91,61
EE87855,Breast cancer,92,118
EE87855,Breast cancer,93,198
EE87855,Breast cancer,94,197
EE87855,Breast cancer,95,248
EE87855,Breast cancer,96,281
EE87855,Breast cancer,97,293
EE87855,Breast cancer,98,304
EE87855,Breast cancer,99,1506
EE87855,Breast cancer,100,1767
EE87855,Breast cancer,101,1876
EE87855,Breast cancer,102,2046
EE87855,Breast cancer,103,2100
EE87855,Breast cancer,104,2294
EE87855,Breast cancer,105,2361
EE87855,Breast cancer,106,2474
EE87855,Breast cancer,107,2811
EE87855,Breast cancer,108,3203
EE87855,Breast cancer,109,3760
EE87855,Breast cancer,110,4545
EE87855,Breast cancer,111,5265
EE87855,Breast cancer,112,5829
EE87855,Breast cancer,113,5556
EE87855,Breast cancer,114,5482
EE87855,Breast cancer,115,5701
EE87855,Breast cancer,116,6371
EE87855,Breast cancer,117,7070
EE87855,Breast cancer,118,7978
EE87855,Breast cancer,119,9593
EE87855,Breast cancer,120,11785
EE87855,Breast cancer,121,15653
EE87855,Breast cancer,122,18932
EE87855,Breast cancer,123,19493
EE87855,Breast cancer,124,17161
EE87855,Breast cancer,125,15003
EE87855,Breast cancer,126,15080
EE87855,Breast cancer,127,16690
EE87855,Breast cancer,128,18455
EE87855,Breast cancer,129,21361
EE87855,Breast cancer,130,25913
EE87855,Breast cancer,131,32694
EE87855,Breast cancer,132,42918
EE87855,Breast cancer,133,54181
EE87855,Breast cancer,134,58275
EE87855,Breast cancer,135,55304
EE87855,Breast cancer,136,51447
EE87855,Breast cancer,137,54959
EE87855,Breast cancer,138,63788
EE87855,Breast cancer,139,76790
EE87855,Breast cancer,140,93408
EE87855,Breast cancer,141,106790
EE87855,Breast cancer,142,113122
EE87855,Breast cancer,143,116559
EE87855,Breast cancer,144,121874
EE87855,Breast cancer,145,129152
EE87855,Breast cancer,146,133016
EE87855,Breast cancer,147,140050
EE87855,Breast cancer,148,150207
EE87855,Breast cancer,149,163609
EE87855,Breast cancer,150,180586
EE87855,Breast cancer,151,199190
EE87855,Breast cancer,152,221161
EE87855,Breast cancer,153,233590
EE87855,Breast cancer,154,240652
EE87855,Breast cancer,155,251214
EE87855,Breast cancer,156,270121
EE87855,Breast cancer,157,291809
EE87855,Breast cancer,158,317198
EE87855,Breast cancer,159,343339
EE87855,Breast cancer,160,363696
EE87855,Breast cancer,161,383214
EE87855,Breast cancer,162,403625
EE87855,Breast cancer,163,434478
EE87855,Breast cancer,164,476589
EE87855,Breast cancer,165,515989
EE87855,Breast cancer,166,534896
EE87855,Breast cancer,167,533619
EE87855,Breast cancer,168,523563
EE87855,Breast cancer,169,506766
EE87855,Breast cancer,170,488584
EE87855,Breast cancer,171,468901
EE87855,Breast cancer,172,452073
EE87855,Breast cancer,173,444506
EE87855,Breast cancer,174,440907
EE87855,Breast cancer,175,436051
EE87855,Breast cancer,176,425853
EE87855,Breast cancer,177,410412
EE87855,Breast cancer,178,389486
EE87855,Breast cancer,179,366607
EE87855,Breast cancer,180,345314
EE87855,Breast cancer,181,321909
EE87855,Breast cancer,182,304203
EE87855,Breast cancer,183,286818
EE87855,Breast cancer,184,272873
EE87855,Breast cancer,185,260609
EE87855,Breast cancer,186,248728
EE87855,Breast cancer,187,236589
EE87855,Breast cancer,188,224951
EE87855,Breast cancer,189,214360
EE87855,Breast cancer,190,201132
EE87855,Breast cancer,191,190221
EE87855,Breast cancer,192,176902
EE87855,Breast cancer,193,166971
EE87855,Breast cancer,194,158026
EE87855,Breast cancer,195,148815
EE87855,Breast cancer,196,141589
EE87855,Breast cancer,197,133839
EE87855,Breast cancer,198,126769
EE87855,Breast cancer,199,120549
EE87855,Breast cancer,200,114146
EE87855,Breast cancer,201,107391
EE87855,Breast cancer,202,101494
EE87855,Breast cancer,203,94692
EE87855,Breast cancer,204,89163
EE87855,Breast cancer,205,83339
EE87855,Breast cancer,206,78293
EE87855,Breast cancer,207,72988
EE87855,Breast cancer,208,68838
EE87855,Breast cancer,209,64189
EE87855,Breast cancer,210,60143
EE87855,Breast cancer,211,56085
EE87855,Breast cancer,212,52788
EE87855,Breast cancer,213,48473
EE87855,Breast cancer,214,45443
EE87855,Breast cancer,215,41997
EE87855,Breast cancer,216,38692
EE87855,Breast cancer,217,36045
EE87855,Breast cancer,218,33468
EE87855,Breast cancer,219,30822
EE87855,Breast cancer,220,28932
EE87855,Breast cancer,221,26679
EE87855,Breast cancer,222,25101
EE87855,Breast cancer,223,23051
EE87855,Breast cancer,224,21081
EE87855,Breast cancer,225,19262
EE87855,Breast cancer,226,18023
EE87855,Breast cancer,227,16593
EE87855,Breast cancer,228,15466
EE87855,Breast cancer,229,14439
EE87855,Breast cancer,230,13380
EE87855,Breast cancer,231,12036
EE87855,Breast cancer,232,11285
EE87855,Breast cancer,233,10695
EE87855,Breast cancer,234,9857
EE87855,Breast cancer,235,9084
EE87855,Breast cancer,236,8330
EE87855,Breast cancer,237,7804
EE87855,Breast cancer,238,7219
EE87855,Breast cancer,239,6845
EE87855,Breast cancer,240,6554
EE87855,Breast cancer,241,5905
EE87855,Breast cancer,242,5871
EE87855,Breast cancer,243,5270
EE87855,Breast cancer,244,4836
EE87855,Breast cancer,245,4671
EE87855,Breast cancer,246,4348
EE87855,Breast cancer,247,3940
EE87855,Breast cancer,248,3733
EE87855,Breast cancer,249,3478
EE87855,Breast cancer,250,3342
EE87855,Breast cancer,251,3219
EE87855,Breast cancer,252,2978
EE87855,Breast cancer,253,3005
EE87855,Breast cancer,254,2702
EE87855,Breast cancer,255,2756
EE87855,Breast cancer,256,2524
EE87855,Breast cancer,257,2528
EE87855,Breast cancer,258,2445
EE87855,Breast cancer,259,2319
EE87855,Breast cancer,260,2417
EE87855,Breast cancer,261,2199
EE87855,Breast cancer,262,188
EE87855,Breast cancer,263,181
EE87855,Breast cancer,264,170
EE87855,Breast cancer,265,155
EE87856,Breast cancer,93,278
EE87856,Breast cancer,94,804
EE87856,Breast cancer,95,841
EE87856,Breast cancer,96,856
EE87856,Breast cancer,97,933
EE87856,Breast cancer,98,921
EE87856,Breast cancer,99,7387
EE87856,Breast cancer,100,8530
EE87856,Breast cancer,101,9280
EE87856,Breast cancer,102,10301
EE87856,Breast cancer,103,10753
EE87856,Breast cancer,104,10733
EE87856,Breast cancer,105,11089
EE87856,Breast cancer,106,11982
EE87856,Breast cancer,107,13140
EE87856,Breast cancer,108,14804
EE87856,Breast cancer,109,16667
EE87856,Breast cancer,110,19780
EE87856,Breast cancer,111,22464
EE87856,Breast cancer,112,23623
EE87856,Breast cancer,113,22854
EE87856,Breast cancer,114,22284
EE87856,Breast cancer,115,23312
EE87856,Breast cancer,116,25721
EE87856,Breast cancer,117,29015
EE87856,Breast cancer,118,31999
EE87856,Breast cancer,119,36845
EE87856,Breast cancer,120,45027
EE87856,Breast cancer,121,57761
EE87856,Breast cancer,122,68328
EE87856,Breast cancer,123,68247
EE87856,Breast cancer,124,57360
EE87856,Breast cancer,125,51072
EE87856,Breast cancer,126,51451
EE87856,Breast cancer,127,57476
EE87856,Breast cancer,128,64741
EE87856,Breast cancer,129,74399
EE87856,Breast cancer,130,89452
EE87856,Breast cancer,131,114022
EE87856,Breast cancer,132,150167
EE87856,Breast cancer,133,184990
EE87856,Breast cancer,134,196469
EE87856,Breast cancer,135,183852
EE87856,Breast cancer,136,177164
EE87856,Breast cancer,137,193980
EE87856,Breast cancer,138,233259
EE87856,Breast cancer,139,286352
EE87856,Breast cancer,140,341534
EE87856,Breast cancer,141,385785
EE87856,Breast cancer,142,406006
EE87856,Breast cancer,143,410729
EE87856,Breast cancer,144,421417
EE87856,Breast cancer,145,433589
EE87856,Breast cancer,146,441308
EE87856,Breast cancer,147,457012
EE87856,Breast cancer,148,485443
EE87856,Breast cancer,149,520232
EE87856,Breast cancer,150,559685
EE87856,Breast cancer,151,605714
EE87856,Breast cancer,152,642840
EE87856,Breast cancer,153,655802
EE87856,Breast cancer,154,651354
EE87856,Breast cancer,155,671132
EE87856,Breast cancer,156,715636
EE87856,Breast cancer,157,780767
EE87856,Breast cancer,158,853898
EE87856,Breast cancer,159,921497
EE87856,Breast cancer,160,972639
EE87856,Breast cancer,161,1019232
EE87856,Breast cancer,162,1076955
EE87856,Breast cancer,163,1177051
EE87856,Breast cancer,164,1314164
EE87856,Breast cancer,165,1420801
EE87856,Breast cancer,166,1439725
EE87856,Breast cancer,167,1395019
EE87856,Breast cancer,168,1322474
EE87856,Breast cancer,169,1239205
EE87856,Breast cancer,170,1152601
EE87856,Breast cancer,171,1066139
EE87856,Breast cancer,172,995892
EE87856,Breast cancer,173,944597
EE87856,Breast cancer,174,906743
EE87856,Breast cancer,175,872022
EE87856,Breast cancer,176,825354
EE87856,Breast cancer,177,765200
EE87856,Breast cancer,178,695336
EE87856,Breast cancer,179,626671
EE87856,Breast cancer,180,563594
EE87856,Breast cancer,181,507723
EE87856,Breast cancer,182,459532
EE87856,Breast cancer,183,422711
EE87856,Breast cancer,184,392724
EE87856,Breast cancer,185,367147
EE87856,Breast cancer,186,345177
EE87856,Breast cancer,187,322546
EE87856,Breast cancer,188,301711
EE87856,Breast cancer,189,278809
EE87856,Breast cancer,190,253935
EE87856,Breast cancer,191,232728
EE87856,Breast cancer,192,212178
EE87856,Breast cancer,193,193048
EE87856,Breast cancer,194,180004
EE87856,Breast cancer,195,167278
EE87856,Breast cancer,196,156688
EE87856,Breast cancer,197,147198
EE87856,Breast cancer,198,139560
EE87856,Breast cancer,199,131091
EE87856,Breast cancer,200,122697
EE87856,Breast cancer,201,114100
EE87856,Breast cancer,202,104974
EE87856,Breast cancer,203,97032
EE87856,Breast cancer,204,89413
EE87856,Breast cancer,205,83000
EE87856,Breast cancer,206,77639
EE87856,Breast cancer,207,72820
EE87856,Breast cancer,208,67890
EE87856,Breast cancer,209,64286
EE87856,Breast cancer,210,59863
EE87856,Breast cancer,211,55613
EE87856,Breast cancer,212,51595
EE87856,Breast cancer,213,46979
EE87856,Breast cancer,214,43100
EE87856,Breast cancer,215,39871
EE87856,Breast cancer,216,36742
EE87856,Breast cancer,217,33906
EE87856,Breast cancer,218,31746
EE87856,Breast cancer,219,29353
EE87856,Breast cancer,220,27680
EE87856,Breast cancer,221,25693
EE87856,Breast cancer,222,23797
EE87856,Breast cancer,223,21943
EE87856,Breast cancer,224,20346
EE87856,Breast cancer,225,18719
EE87856,Breast cancer,226,17392
EE87856,Breast cancer,227,16080
EE87856,Breast cancer,228,14817
EE87856,Breast cancer,229,14228
EE87856,Breast cancer,230,13490
EE87856,Breast cancer,231,12299
EE87856,Breast cancer,232,11509
EE87856,Breast cancer,233,11028
EE87856,Breast cancer,234,10334
EE87856,Breast cancer,235,8602
EE87856,Breast cancer,236,8244
EE87856,Breast cancer,237,8035
EE87856,Breast cancer,238,7464
EE87856,Breast cancer,239,7429
EE87856,Breast cancer,240,6721
EE87857,Breast cancer,84,6
EE87857,Breast cancer,85,8
EE87857,Breast cancer,86,9
EE87857,Breast cancer,87,16
EE87857,Breast cancer,88,80
EE87857,Breast cancer,89,112
EE87857,Breast cancer,90,129
EE87857,Breast cancer,91,376
EE87857,Breast cancer,92,418
EE87857,Breast cancer,93,391
EE87857,Breast cancer,94,507
EE87857,Breast cancer,95,500
EE87857,Breast cancer,96,578
EE87857,Breast cancer,97,537
EE87857,Breast cancer,98,567
EE87857,Breast cancer,99,5837
EE87857,Breast cancer,100,6940
EE87857,Breast cancer,101,7759
EE87857,Breast cancer,102,8369
EE87857,Breast cancer,103,8342
EE87857,Breast cancer,104,8251
EE87857,Breast cancer,105,8639
EE87857,Breast cancer,106,9195
EE87857,Breast cancer,107,10306
EE87857,Breast cancer,108,12107
EE87857,Breast cancer,109,14481
EE87857,Breast cancer,110,17879
EE87857,Breast cancer,111,21208
EE87857,Breast cancer,112,21709
EE87857,Breast cancer,113,20417
EE87857,Breast cancer,114,18793
EE87857,Breast cancer,115,19347
EE87857,Breast cancer,116,21104
EE87857,Breast cancer,117,23854
EE87857,Breast cancer,118,26868
EE87857,Breast cancer,119,31319
EE87857,Breast cancer,120,39081
EE87857,Breast cancer,121,50019
EE87857,Breast cancer,122,59511
EE87857,Breast cancer,123,59133
EE87857,Breast cancer,124,48652
EE87857,Breast cancer,125,40930
EE87857,Breast cancer,126,40013
EE87857,Breast cancer,127,43427
EE87857,Breast cancer,128,48499
EE87857,Breast cancer,129,55533
EE87857,Breast cancer,130,66693
EE87857,Breast cancer,131,84147
EE87857,Breast cancer,132,109164
EE87857,Breast cancer,133,133741
EE87857,Breast cancer,134,141235
EE87857,Breast cancer,135,128397
EE87857,Breast cancer,136,117356
EE87857,Breast cancer,137,122515
EE87857,Breast cancer,138,142670
EE87857,Breast cancer,139,172194
EE87857,Breast cancer,140,209724
EE87857,Breast cancer,141,239437
EE87857,Breast cancer,142,251550
EE87857,Breast cancer,143,253361
EE87857,Breast cancer,144,259939
EE87857,Breast cancer,145,269165
EE87857,Breast cancer,146,272662
EE87857,Breast cancer,147,282013
EE87857,Breast cancer,148,299473
EE87857,Breast cancer,149,321033
EE87857,Breast cancer,150,349104
EE87857,Breast cancer,151,383631
EE87857,Breast cancer,152,419397
EE87857,Breast cancer,153,435877
EE87857,Breast cancer,154,440049
EE87857,Breast cancer,155,453010
EE87857,Breast cancer,156,481571
EE87857,Breast cancer,157,522495
EE87857,Breast cancer,158,570048
EE87857,Breast cancer,159,619821
EE87857,Breast cancer,160,664880
EE87857,Breast cancer,161,697001
EE87857,Breast cancer,162,730719
EE87857,Breast cancer,163,790701
EE87857,Breast cancer,164,871446
EE87857,Breast cancer,165,946660
EE87857,Breast cancer,166,979608
EE87857,Breast cancer,167,979605
EE87857,Breast cancer,168,962397
EE87857,Breast cancer,169,938178
EE87857,Breast cancer,170,903848
EE87857,Breast cancer,171,864896
EE87857,Breast cancer,172,832903
EE87857,Breast cancer,173,817779
EE87857,Breast cancer,174,809962
EE87857,Breast cancer,175,800367
EE87857,Breast cancer,176,780524
EE87857,Breast cancer,177,746518
EE87857,Breast cancer,178,700210
EE87857,Breast cancer,179,654715
EE87857,Breast cancer,180,606397
EE87857,Breast cancer,181,560255
EE87857,Breast cancer,182,523058
EE87857,Breast cancer,183,490513
EE87857,Breast cancer,184,463787
EE87857,Breast cancer,185,442252
EE87857,Breast cancer,186,421295
EE87857,Breast cancer,187,402737
EE87857,Breast cancer,188,381260
EE87857,Breast cancer,189,359045
EE87857,Breast cancer,190,333324
EE87857,Breast cancer,191,308775
EE87857,Breast cancer,192,287272
EE87857,Breast cancer,193,265973
EE87857,Breast cancer,194,248278
EE87857,Breast cancer,195,233463
EE87857,Breast cancer,196,220904
EE87857,Breast cancer,197,208616
EE87857,Breast cancer,198,196998
EE87857,Breast cancer,199,186101
EE87857,Breast cancer,200,174535
EE87857,Breast cancer,201,163569
EE87857,Breast cancer,202,150898
EE87857,Breast cancer,203,139695
EE87857,Breast cancer,204,129823
EE87857,Breast cancer,205,120357
EE87857,Breast cancer,206,111856
EE87857,Breast cancer,207,104288
EE87857,Breast cancer,208,98521
EE87857,Breast cancer,209,92035
EE87857,Breast cancer,210,86369
EE87857,Breast cancer,211,80025
EE87857,Breast cancer,212,74136
EE87857,Breast cancer,213,67914
EE87857,Breast cancer,214,62707
EE87857,Breast cancer,215,57510
EE87857,Breast cancer,216,53261
EE87857,Breast cancer,217,49221
EE87857,Breast cancer,218,45412
EE87857,Breast cancer,219,42571
EE87857,Breast cancer,220,39603
EE87857,Breast cancer,221,36863
EE87857,Breast cancer,222,34232
EE87857,Breast cancer,223,31586
EE87857,Breast cancer,224,28782
EE87857,Breast cancer,225,26418
EE87857,Breast cancer,226,24408
EE87857,Breast cancer,227,22516
EE87857,Breast cancer,228,20746
EE87857,Breast cancer,229,19338
EE87857,Breast cancer,230,18014
EE87857,Breast cancer,231,16386
EE87857,Breast cancer,232,15567
EE87857,Breast cancer,233,14264
EE87857,Breast cancer,234,13219
EE87857,Breast cancer,235,12146
EE87857,Breast cancer,236,11442
EE87857,Breast cancer,237,10694
EE87857,Breast cancer,238,9684
EE87857,Breast cancer,239,9374
EE87857,Breast cancer,240,9067
EE87857,Breast cancer,241,8460
EE87857,Breast cancer,242,8028
EE87857,Breast cancer,243,7549
EE87857,Breast cancer,244,7184
EE87857,Breast cancer,245,6535
EE87857,Breast cancer,246,5776
EE87857,Breast cancer,247,5426
EE87857,Breast cancer,248,5175
EE87857,Breast cancer,249,4887
EE87857,Breast cancer,250,4731
EE87857,Breast cancer,251,4549
EE87857,Breast cancer,252,4493
EE87857,Breast cancer,253,4364
EE87857,Breast cancer,254,4229
EE87857,Breast cancer,255,4218
EE87857,Breast cancer,256,3929
EE87857,Breast cancer,257,644
EE87857,Breast cancer,258,616
EE87857,Breast cancer,259,579
EE87858,Breast cancer,85,9
EE87858,Breast cancer,86,8
EE87858,Breast cancer,87,15
EE87858,Breast cancer,88,27
EE87858,Breast cancer,89,54
EE87858,Breast cancer,90,54
EE87858,Breast cancer,91,67
EE87858,Breast cancer,92,83
EE87858,Breast cancer,93,94
EE87858,Breast cancer,94,135
EE87858,Breast cancer,95,338
EE87858,Breast cancer,96,387
EE87858,Breast cancer,97,359
EE87858,Breast cancer,98,439
EE87858,Breast cancer,99,2110
EE87858,Breast cancer,100,2463
EE87858,Breast cancer,101,2734
EE87858,Breast cancer,102,2953
EE87858,Breast cancer,103,2970
EE87858,Breast cancer,104,3112
EE87858,Breast cancer,105,3260
EE87858,Breast cancer,106,3632
EE87858,Breast cancer,107,4042
EE87858,Breast cancer,108,4725
EE87858,Breast cancer,109,5547
EE87858,Breast cancer,110,6422
EE87858,Breast cancer,111,7471
EE87858,Breast cancer,112,8072
EE87858,Breast cancer,113,7862
EE87858,Breast cancer,114,7889
EE87858,Breast cancer,115,8292
EE87858,Breast cancer,116,9057
EE87858,Breast cancer,117,10368
EE87858,Breast cancer,118,11839
EE87858,Breast cancer,119,13789
EE87858,Breast cancer,120,16738
EE87858,Breast cancer,121,21112
EE87858,Breast cancer,122,24772
EE87858,Breast cancer,123,25282
EE87858,Breast cancer,124,22737
EE87858,Breast cancer,125,20817
EE87858,Breast cancer,126,22070
EE87858,Breast cancer,127,24475
EE87858,Breast cancer,128,27943
EE87858,Breast cancer,129,31846
EE87858,Breast cancer,130,37215
EE87858,Breast cancer,131,45886
EE87858,Breast cancer,132,58093
EE87858,Breast cancer,133,70097
EE87858,Breast cancer,134,74844
EE87858,Breast cancer,135,72875
EE87858,Breast cancer,136,70160
EE87858,Breast cancer,137,74750
EE87858,Breast cancer,138,85337
EE87858,Breast cancer,139,101404
EE87858,Breast cancer,140,118278
EE87858,Breast cancer,141,133006
EE87858,Breast cancer,142,140705
EE87858,Breast cancer,143,147426
EE87858,Breast cancer,144,157492
EE87858,Breast cancer,145,167936
EE87858,Breast cancer,146,177475
EE87858,Breast cancer,147,189623
EE87858,Breast cancer,148,204729
EE87858,Breast cancer,149,221809
EE87858,Breast cancer,150,240710
EE87858,Breast cancer,151,263174
EE87858,Breast cancer,152,287629
EE87858,Breast cancer,153,305594
EE87858,Breast cancer,154,317911
EE87858,Breast cancer,155,334417
EE87858,Breast cancer,156,358444
EE87858,Breast cancer,157,385584
EE87858,Breast cancer,158,415177
EE87858,Breast cancer,159,445562
EE87858,Breast cancer,160,472249
EE87858,Breast cancer,161,496483
EE87858,Breast cancer,162,526622
EE87858,Breast cancer,163,568401
EE87858,Breast cancer,164,624805
EE87858,Breast cancer,165,675311
EE87858,Breast cancer,166,695137
EE87858,Breast cancer,167,689017
EE87858,Breast cancer,168,671156
EE87858,Breast cancer,169,650329
EE87858,Breast cancer,170,626039
EE87858,Breast cancer,171,600970
EE87858,Breast cancer,172,581346
EE87858,Breast cancer,173,570519
EE87858,Breast cancer,174,561700
EE87858,Breast cancer,175,549066
EE87858,Breast cancer,176,529504
EE87858,Breast cancer,177,503059
EE87858,Breast cancer,178,471374
EE87858,Breast cancer,179,440449
EE87858,Breast cancer,180,410418
EE87858,Breast cancer,181,383224
EE87858,Breast cancer,182,357650
EE87858,Breast cancer,183,336882
EE87858,Breast cancer,184,318259
EE87858,Breast cancer,185,302309
EE87858,Breast cancer,186,286725
EE87858,Breast cancer,187,271376
EE87858,Breast cancer,188,257710
EE87858,Breast cancer,189,242937
EE87858,Breast cancer,190,227244
EE87858,Breast cancer,191,212847
EE87858,Breast cancer,192,199382
EE87858,Breast cancer,193,186645
EE87858,Breast cancer,194,176146
EE87858,Breast cancer,195,166954
EE87858,Breast cancer,196,158367
EE87858,Breast cancer,197,148643
EE87858,Breast cancer,198,140197
EE87858,Breast cancer,199,132751
EE87858,Breast cancer,200,125054
EE87858,Breast cancer,201,117658
EE87858,Breast cancer,202,110407
EE87858,Breast cancer,203,102581
EE87858,Breast cancer,204,96097
EE87858,Breast cancer,205,89548
EE87858,Breast cancer,206,83979
EE87858,Breast cancer,207,78887
EE87858,Breast cancer,208,73346
EE87858,Breast cancer,209,68945
EE87858,Breast cancer,210,64191
EE87858,Breast cancer,211,59518
EE87858,Breast cancer,212,55539
EE87858,Breast cancer,213,51571
EE87858,Breast cancer,214,47520
EE87858,Breast cancer,215,43891
EE87858,Breast cancer,216,40556
EE87858,Breast cancer,217,37485
EE87858,Breast cancer,218,34962
EE87858,Breast cancer,219,32031
EE87858,Breast cancer,220,30063
EE87858,Breast cancer,221,27727
EE87858,Breast cancer,222,25542
EE87858,Breast cancer,223,23582
EE87858,Breast cancer,224,21899
EE87858,Breast cancer,225,20150
EE87858,Breast cancer,226,18720
EE87858,Breast cancer,227,17282
EE87858,Breast cancer,228,16174
EE87858,Breast cancer,229,14869
EE87858,Breast cancer,230,14059
EE87858,Breast cancer,231,12977
EE87858,Breast cancer,232,11878
EE87858,Breast cancer,233,10928
EE87858,Breast cancer,234,10264
EE87858,Breast cancer,235,9309
EE87858,Breast cancer,236,8753
EE87858,Breast cancer,237,8099
EE87858,Breast cancer,238,7597
EE87858,Breast cancer,239,7284
EE87858,Breast cancer,240,6762
EE87858,Breast cancer,241,6529
EE87858,Breast cancer,242,5984
EE87858,Breast cancer,243,5319
EE87858,Breast cancer,244,5015
EE87858,Breast cancer,245,4747
EE87858,Breast cancer,246,4455
EE87858,Breast cancer,247,4207
EE87858,Breast cancer,248,4021
EE87858,Breast cancer,249,3767
EE87858,Breast cancer,250,3601
EE87858,Breast cancer,251,3418
EE87858,Breast cancer,252,3371
EE87858,Breast cancer,253,3117
EE87858,Breast cancer,254,2863
EE87858,Breast cancer,255,2724
EE87858,Breast cancer,256,2578
EE87858,Breast cancer,257,1855
EE87858,Breast cancer,258,1117
EE87858,Breast cancer,259,1124
EE87858,Breast cancer,260,1044
EE87859,Breast cancer,69,7
EE87859,Breast cancer,70,9
EE87859,Breast cancer,71,7
EE87859,Breast cancer,72,7
EE87859,Breast cancer,73,7
EE87859,Breast cancer,74,14
EE87859,Breast cancer,75,20
EE87859,Breast cancer,76,23
EE87859,Breast cancer,77,16
EE87859,Breast cancer,78,18
EE87859,Breast cancer,79,23
EE87859,Breast cancer,80,33
EE87859,Breast cancer,81,18
EE87859,Breast cancer,82,138
EE87859,Breast cancer,83,128
EE87859,Breast cancer,84,143
EE87859,Breast cancer,85,156
EE87859,Breast cancer,86,261
EE87859,Breast cancer,87,261
EE87859,Breast cancer,88,245
EE87859,Breast cancer,89,291
EE87859,Breast cancer,90,300
EE87859,Breast cancer,91,301
EE87859,Breast cancer,92,375
EE87859,Breast cancer,93,360
EE87859,Breast cancer,94,418
EE87859,Breast cancer,95,487
EE87859,Breast cancer,96,418
EE87859,Breast cancer,97,531
EE87859,Breast cancer,98,476
EE87859,Breast cancer,99,3855
EE87859,Breast cancer,100,4650
EE87859,Breast cancer,101,5283
EE87859,Breast cancer,102,5749
EE87859,Breast cancer,103,6352
EE87859,Breast cancer,104,6355
EE87859,Breast cancer,105,6616
EE87859,Breast cancer,106,7226
EE87859,Breast cancer,107,8046
EE87859,Breast cancer,108,9393
EE87859,Breast cancer,109,10646
EE87859,Breast cancer,110,12422
EE87859,Breast cancer,111,14386
EE87859,Breast cancer,112,15095
EE87859,Breast cancer,113,14247
EE87859,Breast cancer,114,14103
EE87859,Breast cancer,115,15000
EE87859,Breast cancer,116,16858
EE87859,Breast cancer,117,18558
EE87859,Breast cancer,118,20683
EE87859,Breast cancer,119,22900
EE87859,Breast cancer,120,27417
EE87859,Breast cancer,121,34520
EE87859,Breast cancer,122,40075
EE87859,Breast cancer,123,40815
EE87859,Breast cancer,124,37095
EE87859,Breast cancer,125,34889
EE87859,Breast cancer,126,38034
EE87859,Breast cancer,127,42552
EE87859,Breast cancer,128,48702
EE87859,Breast cancer,129,55913
EE87859,Breast cancer,130,65955
EE87859,Breast cancer,131,79643
EE87859,Breast cancer,132,98404
EE87859,Breast cancer,133,116750
EE87859,Breast cancer,134,125203
EE87859,Breast cancer,135,124340
EE87859,Breast cancer,136,123558
EE87859,Breast cancer,137,133175
EE87859,Breast cancer,138,149335
EE87859,Breast cancer,139,170078
EE87859,Breast cancer,140,192578
EE87859,Breast cancer,141,211584
EE87859,Breast cancer,142,226125
EE87859,Breast cancer,143,241596
EE87859,Breast cancer,144,264743
EE87859,Breast cancer,145,293636
EE87859,Breast cancer,146,329075
EE87859,Breast cancer,147,371183
EE87859,Breast cancer,148,418560
EE87859,Breast cancer,149,466586
EE87859,Breast cancer,150,508368
EE87859,Breast cancer,151,547863
EE87859,Breast cancer,152,579028
EE87859,Breast cancer,153,591441
EE87859,Breast cancer,154,593129
EE87859,Breast cancer,155,595217
EE87859,Breast cancer,156,603908
EE87859,Breast cancer,157,615974
EE87859,Breast cancer,158,633019
EE87859,Breast cancer,159,651273
EE87859,Breast cancer,160,668752
EE87859,Breast cancer,161,685835
EE87859,Breast cancer,162,711700
EE87859,Breast cancer,163,749759
EE87859,Breast cancer,164,800582
EE87859,Breast cancer,165,837915
EE87859,Breast cancer,166,839653
EE87859,Breast cancer,167,817562
EE87859,Breast cancer,168,784023
EE87859,Breast cancer,169,750930
EE87859,Breast cancer,170,715960
EE87859,Breast cancer,171,681046
EE87859,Breast cancer,172,652425
EE87859,Breast cancer,173,628599
EE87859,Breast cancer,174,610936
EE87859,Breast cancer,175,589366
EE87859,Breast cancer,176,567012
EE87859,Breast cancer,177,535053
EE87859,Breast cancer,178,503903
EE87859,Breast cancer,179,469827
EE87859,Breast cancer,180,439491
EE87859,Breast cancer,181,409813
EE87859,Breast cancer,182,386859
EE87859,Breast cancer,183,367033
EE87859,Breast cancer,184,347384
EE87859,Breast cancer,185,330373
EE87859,Breast cancer,186,314740
EE87859,Breast cancer,187,297835
EE87859,Breast cancer,188,283464
EE87859,Breast cancer,189,269104
EE87859,Breast cancer,190,254165
EE87859,Breast cancer,191,239392
EE87859,Breast cancer,192,226942
EE87859,Breast cancer,193,213806
EE87859,Breast cancer,194,204091
EE87859,Breast cancer,195,192828
EE87859,Breast cancer,196,183484
EE87859,Breast cancer,197,173258
EE87859,Breast cancer,198,164608
EE87859,Breast cancer,199,155042
EE87859,Breast cancer,200,146314
EE87859,Breast cancer,201,137932
EE87859,Breast cancer,202,130808
EE87859,Breast cancer,203,122500
EE87859,Breast cancer,204,114979
EE87859,Breast cancer,205,108837
EE87859,Breast cancer,206,101703
EE87859,Breast cancer,207,95573
EE87859,Breast cancer,208,89521
EE87859,Breast cancer,209,84103
EE87859,Breast cancer,210,78885
EE87859,Breast cancer,211,73939
EE87859,Breast cancer,212,68884
EE87859,Breast cancer,213,64408
EE87859,Breast cancer,214,59017
EE87859,Breast cancer,215,55404
EE87859,Breast cancer,216,51910
EE87859,Breast cancer,217,47752
EE87859,Breast cancer,218,44562
EE87859,Breast cancer,219,41840
EE87859,Breast cancer,220,38833
EE87859,Breast cancer,221,36600
EE87859,Breast cancer,222,34201
EE87859,Breast cancer,223,31804
EE87859,Breast cancer,224,29314
EE87859,Breast cancer,225,27109
EE87859,Breast cancer,226,25070
EE87859,Breast cancer,227,23298
EE87859,Breast cancer,228,21819
EE87859,Breast cancer,229,20434
EE87859,Breast cancer,230,18855
EE87859,Breast cancer,231,17639
EE87859,Breast cancer,232,16191
EE87859,Breast cancer,233,15321
EE87859,Breast cancer,234,14060
EE87859,Breast cancer,235,13175
EE87859,Breast cancer,236,12388
EE87859,Breast cancer,237,11485
EE87859,Breast cancer,238,10821
EE87859,Breast cancer,239,10063
EE87859,Breast cancer,240,9422
EE87859,Breast cancer,241,8932
EE87859,Breast cancer,242,8437
EE87859,Breast cancer,243,7891
EE87859,Breast cancer,244,7532
EE87859,Breast cancer,245,6993
EE87859,Breast cancer,246,6819
EE87859,Breast cancer,247,6451
EE87859,Breast cancer,248,5898
EE87859,Breast cancer,249,5590
EE87859,Breast cancer,250,5417
EE87859,Breast cancer,251,4826
EE87859,Breast cancer,252,4610
EE87859,Breast cancer,253,4535
EE87859,Breast cancer,254,4347
EE87859,Breast cancer,255,4250
EE87859,Breast cancer,256,3986
EE87859,Breast cancer,257,3825
EE87859,Breast cancer,258,3751
EE87859,Breast cancer,259,3587
EE87859,Breast cancer,260,3481
EE87859,Breast cancer,261,3426
EE87859,Breast cancer,262,3453
EE87859,Breast cancer,263,3326
EE87859,Breast cancer,264,3342
EE87859,Breast cancer,265,3359
EE87859,Breast cancer,266,3229
EE87859,Breast cancer,267,3332
EE87859,Breast cancer,268,3288
EE87859,Breast cancer,269,3070
EE87859,Breast cancer,270,2329
EE87859,Breast cancer,271,2402
EE87859,Breast cancer,272,2267
EE87859,Breast cancer,273,99
EE87860,Breast cancer,80,1
EE87860,Breast cancer,81,7
EE87860,Breast cancer,82,14
EE87860,Breast cancer,83,23
EE87860,Breast cancer,84,30
EE87860,Breast cancer,85,40
EE87860,Breast cancer,86,43
EE87860,Breast cancer,87,68
EE87860,Breast cancer,88,89
EE87860,Breast cancer,89,87
EE87860,Breast cancer,90,111
EE87860,Breast cancer,91,128
EE87860,Breast cancer,92,155
EE87860,Breast cancer,93,199
EE87860,Breast cancer,94,228
EE87860,Breast cancer,95,246
EE87860,Breast cancer,96,540
EE87860,Breast cancer,97,564
EE87860,Breast cancer,98,505
EE87860,Breast cancer,99,3188
EE87860,Breast cancer,100,3789
EE87860,Breast cancer,101,4470
EE87860,Breast cancer,102,4532
EE87860,Breast cancer,103,4732
EE87860,Breast cancer,104,4826
EE87860,Breast cancer,105,5040
EE87860,Breast cancer,106,5547
EE87860,Breast cancer,107,6136
EE87860,Breast cancer,108,7111
EE87860,Breast cancer,109,7955
EE87860,Breast cancer,110,9440
EE87860,Breast cancer,111,11088
EE87860,Breast cancer,112,11681
EE87860,Breast cancer,113,11314
EE87860,Breast cancer,114,11274
EE87860,Breast cancer,115,11793
EE87860,Breast cancer,116,12971
EE87860,Breast cancer,117,14532
EE87860,Breast cancer,118,15649
EE87860,Breast cancer,119,17496
EE87860,Breast cancer,120,20715
EE87860,Breast cancer,121,24902
EE87860,Breast cancer,122,28978
EE87860,Breast cancer,123,29725
EE87860,Breast cancer,124,26495
EE87860,Breast cancer,125,25053
EE87860,Breast cancer,126,26018
EE87860,Breast cancer,127,28540
EE87860,Breast cancer,128,31194
EE87860,Breast cancer,129,35284
EE87860,Breast cancer,130,40192
EE87860,Breast cancer,131,48775
EE87860,Breast cancer,132,60760
EE87860,Breast cancer,133,72782
EE87860,Breast cancer,134,79102
EE87860,Breast cancer,135,78569
EE87860,Breast cancer,136,77714
EE87860,Breast cancer,137,83095
EE87860,Breast cancer,138,93398
EE87860,Breast cancer,139,106288
EE87860,Breast cancer,140,120542
EE87860,Breast cancer,141,133103
EE87860,Breast cancer,142,143312
EE87860,Breast cancer,143,153104
EE87860,Breast cancer,144,166923
EE87860,Breast cancer,145,182047
EE87860,Breast cancer,146,198743
EE87860,Breast cancer,147,218973
EE87860,Breast cancer,148,244943
EE87860,Breast cancer,149,274088
EE87860,Breast cancer,150,314552
EE87860,Breast cancer,151,365705
EE87860,Breast cancer,152,424153
EE87860,Breast cancer,153,479875
EE87860,Breast cancer,154,525205
EE87860,Breast cancer,155,561033
EE87860,Breast cancer,156,589926
EE87860,Breast cancer,157,614783
EE87860,Breast cancer,158,640468
EE87860,Breast cancer,159,668297
EE87860,Breast cancer,160,699980
EE87860,Breast cancer,161,732915
EE87860,Breast cancer,162,768174
EE87860,Breast cancer,163,809487
EE87860,Breast cancer,164,853460
EE87860,Breast cancer,165,889159
EE87860,Breast cancer,166,893866
EE87860,Breast cancer,167,879921
EE87860,Breast cancer,168,859046
EE87860,Breast cancer,169,836238
EE87860,Breast cancer,170,814993
EE87860,Breast cancer,171,790785
EE87860,Breast cancer,172,770485
EE87860,Breast cancer,173,753557
EE87860,Breast cancer,174,736855
EE87860,Breast cancer,175,715739
EE87860,Breast cancer,176,691693
EE87860,Breast cancer,177,661445
EE87860,Breast cancer,178,626650
EE87860,Breast cancer,179,591572
EE87860,Breast cancer,180,556839
EE87860,Breast cancer,181,522959
EE87860,Breast cancer,182,496313
EE87860,Breast cancer,183,471889
EE87860,Breast cancer,184,451194
EE87860,Breast cancer,185,427225
EE87860,Breast cancer,186,406136
EE87860,Breast cancer,187,383558
EE87860,Breast cancer,188,363650
EE87860,Breast cancer,189,342007
EE87860,Breast cancer,190,321336
EE87860,Breast cancer,191,302900
EE87860,Breast cancer,192,284807
EE87860,Breast cancer,193,269553
EE87860,Breast cancer,194,253324
EE87860,Breast cancer,195,239964
EE87860,Breast cancer,196,227364
EE87860,Breast cancer,197,212479
EE87860,Breast cancer,198,199629
EE87860,Breast cancer,199,187315
EE87860,Breast cancer,200,175864
EE87860,Breast cancer,201,164814
EE87860,Breast cancer,202,154177
EE87860,Breast cancer,203,143145
EE87860,Breast cancer,204,133575
EE87860,Breast cancer,205,124035
EE87860,Breast cancer,206,115927
EE87860,Breast cancer,207,107547
EE87860,Breast cancer,208,99735
EE87860,Breast cancer,209,92687
EE87860,Breast cancer,210,86352
EE87860,Breast cancer,211,79250
EE87860,Breast cancer,212,73517
EE87860,Breast cancer,213,68088
EE87860,Breast cancer,214,62270
EE87860,Breast cancer,215,56849
EE87860,Breast cancer,216,52581
EE87860,Breast cancer,217,47926
EE87860,Breast cancer,218,44312
EE87860,Breast cancer,219,41135
EE87860,Breast cancer,220,37649
EE87860,Breast cancer,221,34703
EE87860,Breast cancer,222,31934
EE87860,Breast cancer,223,29408
EE87860,Breast cancer,224,27257
EE87860,Breast cancer,225,24735
EE87860,Breast cancer,226,22802
EE87860,Breast cancer,227,21071
EE87860,Breast cancer,228,19344
EE87860,Breast cancer,229,17805
EE87860,Breast cancer,230,16145
EE87860,Breast cancer,231,15020
EE87860,Breast cancer,232,13825
EE87860,Breast cancer,233,12770
EE87860,Breast cancer,234,11831
EE87860,Breast cancer,235,11010
EE87860,Breast cancer,236,10161
EE87860,Breast cancer,237,9250
EE87860,Breast cancer,238,8785
EE87860,Breast cancer,239,8281
EE87860,Breast cancer,240,7946
EE87860,Breast cancer,241,7266
EE87860,Breast cancer,242,7019
EE87860,Breast cancer,243,6488
EE87860,Breast cancer,244,5666
EE87860,Breast cancer,245,5677
EE87860,Breast cancer,246,5072
EE87860,Breast cancer,247,4837
EE87860,Breast cancer,248,4572
EE87860,Breast cancer,249,4284
EE87860,Breast cancer,250,4180
EE87860,Breast cancer,251,4170
EE87860,Breast cancer,252,3944
EE87860,Breast cancer,253,3780
EE87860,Breast cancer,254,3718
EE87860,Breast cancer,255,3434
EE87860,Breast cancer,256,3424
EE87860,Breast cancer,257,3421
EE87860,Breast cancer,258,3225
EE87860,Breast cancer,259,3242
EE87860,Breast cancer,260,3152
EE87860,Breast cancer,261,3144
EE87860,Breast cancer,262,3129
EE87860,Breast cancer,263,3095
EE87860,Breast cancer,264,3162
EE87860,Breast cancer,265,3063
EE87860,Breast cancer,266,1417
EE87860,Breast cancer,267,1367
EE87860,Breast cancer,268,1470
EE87860,Breast cancer,269,1460
EE87920,Healthy,57,4
EE87920,Healthy,58,14
EE87920,Healthy,59,15
EE87920,Healthy,60,54
EE87920,Healthy,61,131
EE87920,Healthy,62,258
EE87920,Healthy,63,326
EE87920,Healthy,64,398
EE87920,Healthy,65,456
EE87920,Healthy,66,555
EE87920,Healthy,67,565
EE87920,Healthy,68,651
EE87920,Healthy,69,689
EE87920,Healthy,70,837
EE87920,Healthy,71,779
EE87920,Healthy,72,887
EE87920,Healthy,73,939
EE87920,Healthy,74,1077
EE87920,Healthy,75,1203
EE87920,Healthy,76,1325
EE87920,Healthy,77,1558
EE87920,Healthy,78,1775
EE87920,Healthy,79,1977
EE87920,Healthy,80,2323
EE87920,Healthy,81,2563
EE87920,Healthy,82,2765
EE87920,Healthy,83,3066
EE87920,Healthy,84,3432
EE87920,Healthy,85,3968
EE87920,Healthy,86,4214
EE87920,Healthy,87,4607
EE87920,Healthy,88,5218
EE87920,Healthy,89,5796
EE87920,Healthy,90,6382
EE87920,Healthy,91,7285
EE87920,Healthy,92,7475
EE87920,Healthy,93,7929
EE87920,Healthy,94,8176
EE87920,Healthy,95,8693
EE87920,Healthy,96,8791
EE87920,Healthy,97,9158
EE87920,Healthy,98,9780
EE87920,Healthy,99,96649
EE87920,Healthy,100,135085
EE87920,Healthy,101,143973
EE87920,Healthy,102,126786
EE87920,Healthy,103,95113
EE87920,Healthy,104,67410
EE87920,Healthy,105,53481
EE87920,Healthy,106,50799
EE87920,Healthy,107,55353
EE87920,Healthy,108,65805
EE87920,Healthy,109,90940
EE87920,Healthy,110,138971
EE87920,Healthy,111,196078
EE87920,Healthy,112,203618
EE87920,Healthy,113,167322
EE87920,Healthy,114,125957
EE87920,Healthy,115,102887
EE87920,Healthy,116,103791
EE87920,Healthy,117,119472
EE87920,Healthy,118,147626
EE87920,Healthy,119,206892
EE87920,Healthy,120,338473
EE87920,Healthy,121,522984
EE87920,Healthy,122,573469
EE87920,Healthy,123,468967
EE87920,Healthy,124,355799
EE87920,Healthy,125,291677
EE87920,Healthy,126,271525
EE87920,Healthy,127,294694
EE87920,Healthy,128,351113
EE87920,Healthy,129,467718
EE87920,Healthy,130,740253
EE87920,Healthy,131,1231598
EE87920,Healthy,132,1721451
EE87920,Healthy,133,1800657
EE87920,Healthy,134,1430647
EE87920,Healthy,135,1045144
EE87920,Healthy,136,854605
EE87920,Healthy,137,804357
EE87920,Healthy,138,866252
EE87920,Healthy,139,1124800
EE87920,Healthy,140,1716248
EE87920,Healthy,141,2452248
EE87920,Healthy,142,2971644
EE87920,Healthy,143,3193226
EE87920,Healthy,144,2990928
EE87920,Healthy,145,2402972
EE87920,Healthy,146,1798825
EE87920,Healthy,147,1472449
EE87920,Healthy,148,1417713
EE87920,Healthy,149,1648832
EE87920,Healthy,150,2329198
EE87920,Healthy,151,3463082
EE87920,Healthy,152,4369009
EE87920,Healthy,153,4386040
EE87920,Healthy,154,3662809
EE87920,Healthy,155,2790173
EE87920,Healthy,156,2155485
EE87920,Healthy,157,1845903
EE87920,Healthy,158,1881945
EE87920,Healthy,159,2358033
EE87920,Healthy,160,3185948
EE87920,Healthy,161,3826074
EE87920,Healthy,162,3856969
EE87920,Healthy,163,3397700
EE87920,Healthy,164,2768896
EE87920,Healthy,165,2207884
EE87920,Healthy,166,1837500
EE87920,Healthy,167,1626207
EE87920,Healthy,168,1555055
EE87920,Healthy,169,1607455
EE87920,Healthy,170,1717100
EE87920,Healthy,171,1783497
EE87920,Healthy,172,1780852
EE87920,Healthy,173,1722201
EE87920,Healthy,174,1643973
EE87920,Healthy,175,1537143
EE87920,Healthy,176,1403234
EE87920,Healthy,177,1276520
EE87920,Healthy,178,1182976
EE87920,Healthy,179,1106622
EE87920,Healthy,180,1057231
EE87920,Healthy,181,1025385
EE87920,Healthy,182,993468
EE87920,Healthy,183,961652
EE87920,Healthy,184,926285
EE87920,Healthy,185,886218
EE87920,Healthy,186,838092
EE87920,Healthy,187,789202
EE87920,Healthy,188,741947
EE87920,Healthy,189,694563
EE87920,Healthy,190,655402
EE87920,Healthy,191,618709
EE87920,Healthy,192,587425
EE87920,Healthy,193,563249
EE87920,Healthy,194,536797
EE87920,Healthy,195,514046
EE87920,Healthy,196,489351
EE87920,Healthy,197,464065
EE87920,Healthy,198,438514
EE87920,Healthy,199,415454
EE87920,Healthy,200,391310
EE87920,Healthy,201,368423
EE87920,Healthy,202,347974
EE87920,Healthy,203,329490
EE87920,Healthy,204,313541
EE87920,Healthy,205,298102
EE87920,Healthy,206,284448
EE87920,Healthy,207,271474
EE87920,Healthy,208,258133
EE87920,Healthy,209,243586
EE87920,Healthy,210,230411
EE87920,Healthy,211,217331
EE87920,Healthy,212,204139
EE87920,Healthy,213,191819
EE87920,Healthy,214,181121
EE87920,Healthy,215,172421
EE87920,Healthy,216,162903
EE87920,Healthy,217,155308
EE87920,Healthy,218,147097
EE87920,Healthy,219,140211
EE87920,Healthy,220,132888
EE87920,Healthy,221,125424
EE87920,Healthy,222,118213
EE87920,Healthy,223,110357
EE87920,Healthy,224,104501
EE87920,Healthy,225,98553
EE87920,Healthy,226,92748
EE87920,Healthy,227,89173
EE87920,Healthy,228,84470
EE87920,Healthy,229,80723
EE87920,Healthy,230,77622
EE87920,Healthy,231,73336
EE87920,Healthy,232,69138
EE87920,Healthy,233,65429
EE87920,Healthy,234,61529
EE87920,Healthy,235,57411
EE87920,Healthy,236,53900
EE87920,Healthy,237,51462
EE87920,Healthy,238,49141
EE87920,Healthy,239,47433
EE87920,Healthy,240,46483
EE87920,Healthy,241,44294
EE87920,Healthy,242,41754
EE87920,Healthy,243,39769
EE87920,Healthy,244,37609
EE87920,Healthy,245,34583
EE87920,Healthy,246,32838
EE87920,Healthy,247,31027
EE87920,Healthy,248,29720
EE87920,Healthy,249,28006
EE87920,Healthy,250,27343
EE87920,Healthy,251,27008
EE87920,Healthy,252,26459
EE87920,Healthy,253,23891
EE87920,Healthy,254,20138
EE87920,Healthy,255,15598
EE87920,Healthy,256,13301
EE87920,Healthy,257,11910
EE87920,Healthy,258,7842
EE87920,Healthy,259,884
EE87920,Healthy,260,145
EE87920,Healthy,261,99
EE87921,Healthy,57,2
EE87921,Healthy,58,5
EE87921,Healthy,59,10
EE87921,Healthy,60,43
EE87921,Healthy,61,131
EE87921,Healthy,62,266
EE87921,Healthy,63,381
EE87921,Healthy,64,463
EE87921,Healthy,65,478
EE87921,Healthy,66,584
EE87921,Healthy,67,645
EE87921,Healthy,68,661
EE87921,Healthy,69,720
EE87921,Healthy,70,873
EE87921,Healthy,71,839
EE87921,Healthy,72,945
EE87921,Healthy,73,1077
EE87921,Healthy,74,1158
EE87921,Healthy,75,1244
EE87921,Healthy,76,1416
EE87921,Healthy,77,1601
EE87921,Healthy,78,1824
EE87921,Healthy,79,2223
EE87921,Healthy,80,2579
EE87921,Healthy,81,2910
EE87921,Healthy,82,3036
EE87921,Healthy,83,3329
EE87921,Healthy,84,3794
EE87921,Healthy,85,4202
EE87921,Healthy,86,4576
EE87921,Healthy,87,5031
EE87921,Healthy,88,5760
EE87921,Healthy,89,6695
EE87921,Healthy,90,7020
EE87921,Healthy,91,8119
EE87921,Healthy,92,8575
EE87921,Healthy,93,8829
EE87921,Healthy,94,8777
EE87921,Healthy,95,9546
EE87921,Healthy,96,9491
EE87921,Healthy,97,9798
EE87921,Healthy,98,10358
EE87921,Healthy,99,105575
EE87921,Healthy,100,146656
EE87921,Healthy,101,154862
EE87921,Healthy,102,135495
EE87921,Healthy,103,101787
EE87921,Healthy,104,72603
EE87921,Healthy,105,58343
EE87921,Healthy,106,54705
EE87921,Healthy,107,58777
EE87921,Healthy,108,68045
EE87921,Healthy,109,91275
EE87921,Healthy,110,134865
EE87921,Healthy,111,187365
EE87921,Healthy,112,194662
EE87921,Healthy,113,161004
EE87921,Healthy,114,122889
EE87921,Healthy,115,101991
EE87921,Healthy,116,102781
EE87921,Healthy,117,117114
EE87921,Healthy,118,142248
EE87921,Healthy,119,198476
EE87921,Healthy,120,318496
EE87921,Healthy,121,493589
EE87921,Healthy,122,537898
EE87921,Healthy,123,433766
EE87921,Healthy,124,329449
EE87921,Healthy,125,271780
EE87921,Healthy,126,254138
EE87921,Healthy,127,276647
EE87921,Healthy,128,328845
EE87921,Healthy,129,436338
EE87921,Healthy,130,691853
EE87921,Healthy,131,1162913
EE87921,Healthy,132,1638341
EE87921,Healthy,133,1714907
EE87921,Healthy,134,1350231
EE87921,Healthy,135,978761
EE87921,Healthy,136,796925
EE87921,Healthy,137,748138
EE87921,Healthy,138,808162
EE87921,Healthy,139,1044348
EE87921,Healthy,140,1598396
EE87921,Healthy,141,2300825
EE87921,Healthy,142,2812872
EE87921,Healthy,143,3034369
EE87921,Healthy,144,2847040
EE87921,Healthy,145,2276832
EE87921,Healthy,146,1698388
EE87921,Healthy,147,1387244
EE87921,Healthy,148,1336656
EE87921,Healthy,149,1545363
EE87921,Healthy,150,2176245
EE87921,Healthy,151,3217019
EE87921,Healthy,152,4072587
EE87921,Healthy,153,4111960
EE87921,Healthy,154,3474751
EE87921,Healthy,155,2682785
EE87921,Healthy,156,2087145
EE87921,Healthy,157,1781114
EE87921,Healthy,158,1801061
EE87921,Healthy,159,2217342
EE87921,Healthy,160,2955095
EE87921,Healthy,161,3536004
EE87921,Healthy,162,3593196
EE87921,Healthy,163,3210789
EE87921,Healthy,164,2659698
EE87921,Healthy,165,2152964
EE87921,Healthy,166,1812906
EE87921,Healthy,167,1608423
EE87921,Healthy,168,1528494
EE87921,Healthy,169,1563783
EE87921,Healthy,170,1651311
EE87921,Healthy,171,1706949
EE87921,Healthy,172,1700259
EE87921,Healthy,173,1649572
EE87921,Healthy,174,1579806
EE87921,Healthy,175,1484171
EE87921,Healthy,176,1365051
EE87921,Healthy,177,1249688
EE87921,Healthy,178,1156714
EE87921,Healthy,179,1083360
EE87921,Healthy,180,1031985
EE87921,Healthy,181,993710
EE87921,Healthy,182,961107
EE87921,Healthy,183,927709
EE87921,Healthy,184,894347
EE87921,Healthy,185,856173
EE87921,Healthy,186,811122
EE87921,Healthy,187,766884
EE87921,Healthy,188,719770
EE87921,Healthy,189,673863
EE87921,Healthy,190,636143
EE87921,Healthy,191,597449
EE87921,Healthy,192,566019
EE87921,Healthy,193,540108
EE87921,Healthy,194,514690
EE87921,Healthy,195,490179
EE87921,Healthy,196,466970
EE87921,Healthy,197,443384
EE87921,Healthy,198,420941
EE87921,Healthy,199,396475
EE87921,Healthy,200,372572
EE87921,Healthy,201,350959
EE87921,Healthy,202,328998
EE87921,Healthy,203,311450
EE87921,Healthy,204,294102
EE87921,Healthy,205,279297
EE87921,Healthy,206,265111
EE87921,Healthy,207,253401
EE87921,Healthy,208,239382
EE87921,Healthy,209,226903
EE87921,Healthy,210,214422
EE87921,Healthy,211,201425
EE87921,Healthy,212,188670
EE87921,Healthy,213,177192
EE87921,Healthy,214,165829
EE87921,Healthy,215,156767
EE87921,Healthy,216,148670
EE87921,Healthy,217,142115
EE87921,Healthy,218,134334
EE87921,Healthy,219,127559
EE87921,Healthy,220,120884
EE87921,Healthy,221,114834
EE87921,Healthy,222,107599
EE87921,Healthy,223,100549
EE87921,Healthy,224,94354
EE87921,Healthy,225,88411
EE87921,Healthy,226,83472
EE87921,Healthy,227,79241
EE87921,Healthy,228,75657
EE87921,Healthy,229,71985
EE87921,Healthy,230,69324
EE87921,Healthy,231,65722
EE87921,Healthy,232,62257
EE87921,Healthy,233,58676
EE87921,Healthy,234,54955
EE87921,Healthy,235,51371
EE87921,Healthy,236,48360
EE87921,Healthy,237,45222
EE87921,Healthy,238,43271
EE87921,Healthy,239,42014
EE87921,Healthy,240,40877
EE87921,Healthy,241,39882
EE87921,Healthy,242,37933
EE87921,Healthy,243,36175
EE87921,Healthy,244,33666
EE87921,Healthy,245,31393
EE87921,Healthy,246,29294
EE87921,Healthy,247,27874
EE87921,Healthy,248,26669
EE87921,Healthy,249,25841
EE87921,Healthy,250,25812
EE87921,Healthy,251,25433
EE87921,Healthy,252,25251
EE87921,Healthy,253,23475
EE87921,Healthy,254,19814
EE87921,Healthy,255,17224
EE87921,Healthy,256,15459
EE87921,Healthy,257,14180
EE87921,Healthy,258,9973
EE87921,Healthy,259,2575
EE87921,Healthy,260,343
EE87921,Healthy,261,330
EE87921,Healthy,262,231
EE87922,Healthy,78,1
EE87922,Healthy,79,3
EE87922,Healthy,80,1
EE87922,Healthy,81,2
EE87922,Healthy,82,151
EE87922,Healthy,83,172
EE87922,Healthy,84,158
EE87922,Healthy,85,286
EE87922,Healthy,86,409
EE87922,Healthy,87,414
EE87922,Healthy,88,409
EE87922,Healthy,89,492
EE87922,Healthy,90,454
EE87922,Healthy,91,573
EE87922,Healthy,92,552
EE87922,Healthy,93,638
EE87922,Healthy,94,757
EE87922,Healthy,95,749
EE87922,Healthy,96,781
EE87922,Healthy,97,851
EE87922,Healthy,98,959
EE87922,Healthy,99,14514
EE87922,Healthy,100,17878
EE87922,Healthy,101,20069
EE87922,Healthy,102,20902
EE87922,Healthy,103,21189
EE87922,Healthy,104,20516
EE87922,Healthy,105,20303
EE87922,Healthy,106,22330
EE87922,Healthy,107,24681
EE87922,Healthy,108,28222
EE87922,Healthy,109,33959
EE87922,Healthy,110,41982
EE87922,Healthy,111,48945
EE87922,Healthy,112,49333
EE87922,Healthy,113,43683
EE87922,Healthy,114,39742
EE87922,Healthy,115,39861
EE87922,Healthy,116,42905
EE87922,Healthy,117,46817
EE87922,Healthy,118,52628
EE87922,Healthy,119,61835
EE87922,Healthy,120,77296
EE87922,Healthy,121,101503
EE87922,Healthy,122,118866
EE87922,Healthy,123,114750
EE87922,Healthy,124,90100
EE87922,Healthy,125,70925
EE87922,Healthy,126,67682
EE87922,Healthy,127,71691
EE87922,Healthy,128,78798
EE87922,Healthy,129,90154
EE87922,Healthy,130,109850
EE87922,Healthy,131,140219
EE87922,Healthy,132,185554
EE87922,Healthy,133,230904
EE87922,Healthy,134,237424
EE87922,Healthy,135,207495
EE87922,Healthy,136,182236
EE87922,Healthy,137,188533
EE87922,Healthy,138,222535
EE87922,Healthy,139,276338
EE87922,Healthy,140,341305
EE87922,Healthy,141,390512
EE87922,Healthy,142,407361
EE87922,Healthy,143,402159
EE87922,Healthy,144,404819
EE87922,Healthy,145,411047
EE87922,Healthy,146,408715
EE87922,Healthy,147,412593
EE87922,Healthy,148,430706
EE87922,Healthy,149,460437
EE87922,Healthy,150,494963
EE87922,Healthy,151,538800
EE87922,Healthy,152,578817
EE87922,Healthy,153,578527
EE87922,Healthy,154,555397
EE87922,Healthy,155,554739
EE87922,Healthy,156,585055
EE87922,Healthy,157,641128
EE87922,Healthy,158,709364
EE87922,Healthy,159,784750
EE87922,Healthy,160,848689
EE87922,Healthy,161,888330
EE87922,Healthy,162,932836
EE87922,Healthy,163,1012766
EE87922,Healthy,164,1135236
EE87922,Healthy,165,1247643
EE87922,Healthy,166,1292730
EE87922,Healthy,167,1291667
EE87922,Healthy,168,1266019
EE87922,Healthy,169,1224152
EE87922,Healthy,170,1164006
EE87922,Healthy,171,1102231
EE87922,Healthy,172,1049641
EE87922,Healthy,173,1015927
EE87922,Healthy,174,1002255
EE87922,Healthy,175,988453
EE87922,Healthy,176,966146
EE87922,Healthy,177,922338
EE87922,Healthy,178,865763
EE87922,Healthy,179,800230
EE87922,Healthy,180,737280
EE87922,Healthy,181,676010
EE87922,Healthy,182,621617
EE87922,Healthy,183,575238
EE87922,Healthy,184,539391
EE87922,Healthy,185,514268
EE87922,Healthy,186,491586
EE87922,Healthy,187,472843
EE87922,Healthy,188,452596
EE87922,Healthy,189,426238
EE87922,Healthy,190,396883
EE87922,Healthy,191,366203
EE87922,Healthy,192,335708
EE87922,Healthy,193,307782
EE87922,Healthy,194,284300
EE87922,Healthy,195,266382
EE87922,Healthy,196,251736
EE87922,Healthy,197,239621
EE87922,Healthy,198,229683
EE87922,Healthy,199,219729
EE87922,Healthy,200,208683
EE87922,Healthy,201,195189
EE87922,Healthy,202,180729
EE87922,Healthy,203,166261
EE87922,Healthy,204,153185
EE87922,Healthy,205,142212
EE87922,Healthy,206,132401
EE87922,Healthy,207,125105
EE87922,Healthy,208,118943
EE87922,Healthy,209,112347
EE87922,Healthy,210,106440
EE87922,Healthy,211,100649
EE87922,Healthy,212,93514
EE87922,Healthy,213,85569
EE87922,Healthy,214,79053
EE87922,Healthy,215,72424
EE87922,Healthy,216,66944
EE87922,Healthy,217,62432
EE87922,Healthy,218,58789
EE87922,Healthy,219,55880
EE87922,Healthy,220,52434
EE87922,Healthy,221,49311
EE87922,Healthy,222,45547
EE87922,Healthy,223,42600
EE87922,Healthy,224,39274
EE87922,Healthy,225,35943
EE87922,Healthy,226,33082
EE87922,Healthy,227,30700
EE87922,Healthy,228,28821
EE87922,Healthy,229,27061
EE87922,Healthy,230,25548
EE87922,Healthy,231,23835
EE87922,Healthy,232,22495
EE87922,Healthy,233,20945
EE87922,Healthy,234,19151
EE87922,Healthy,235,17918
EE87922,Healthy,236,16513
EE87922,Healthy,237,15328
EE87922,Healthy,238,14466
EE87922,Healthy,239,13867
EE87922,Healthy,240,13359
EE87922,Healthy,241,12386
EE87922,Healthy,242,11925
EE87922,Healthy,243,11312
EE87922,Healthy,244,10667
EE87922,Healthy,245,10259
EE87922,Healthy,246,9510
EE87922,Healthy,247,8780
EE87922,Healthy,248,8503
EE87922,Healthy,249,8034
EE87922,Healthy,250,7678
EE87922,Healthy,251,7108
EE87922,Healthy,252,6903
EE87922,Healthy,253,6677
EE87922,Healthy,254,6367
EE87922,Healthy,255,792
EE87922,Healthy,256,779
EE87922,Healthy,257,675
EE87922,Healthy,258,102
EE87922,Healthy,259,117
EE87922,Healthy,260,112
EE87923,Healthy,83,377
EE87923,Healthy,84,422
EE87923,Healthy,85,380
EE87923,Healthy,86,443
EE87923,Healthy,87,962
EE87923,Healthy,88,1014
EE87923,Healthy,89,1062
EE87923,Healthy,90,1193
EE87923,Healthy,91,1417
EE87923,Healthy,92,1478
EE87923,Healthy,93,1606
EE87923,Healthy,94,1712
EE87923,Healthy,95,1803
EE87923,Healthy,96,1850
EE87923,Healthy,97,1963
EE87923,Healthy,98,2082
EE87923,Healthy,99,16389
EE87923,Healthy,100,19810
EE87923,Healthy,101,22047
EE87923,Healthy,102,22919
EE87923,Healthy,103,23177
EE87923,Healthy,104,22310
EE87923,Healthy,105,22221
EE87923,Healthy,106,23965
EE87923,Healthy,107,26111
EE87923,Healthy,108,29886
EE87923,Healthy,109,35212
EE87923,Healthy,110,43150
EE87923,Healthy,111,50003
EE87923,Healthy,112,50946
EE87923,Healthy,113,44917
EE87923,Healthy,114,40920
EE87923,Healthy,115,41499
EE87923,Healthy,116,44132
EE87923,Healthy,117,48626
EE87923,Healthy,118,54236
EE87923,Healthy,119,63915
EE87923,Healthy,120,80389
EE87923,Healthy,121,103648
EE87923,Healthy,122,121904
EE87923,Healthy,123,117735
EE87923,Healthy,124,92077
EE87923,Healthy,125,73358
EE87923,Healthy,126,70188
EE87923,Healthy,127,74731
EE87923,Healthy,128,82141
EE87923,Healthy,129,93568
EE87923,Healthy,130,114542
EE87923,Healthy,131,146389
EE87923,Healthy,132,194346
EE87923,Healthy,133,239145
EE87923,Healthy,134,247697
EE87923,Healthy,135,217607
EE87923,Healthy,136,191658
EE87923,Healthy,137,198076
EE87923,Healthy,138,232072
EE87923,Healthy,139,286769
EE87923,Healthy,140,349575
EE87923,Healthy,141,400331
EE87923,Healthy,142,419614
EE87923,Healthy,143,420543
EE87923,Healthy,144,424517
EE87923,Healthy,145,429713
EE87923,Healthy,146,425468
EE87923,Healthy,147,428635
EE87923,Healthy,148,444920
EE87923,Healthy,149,473205
EE87923,Healthy,150,508296
EE87923,Healthy,151,549877
EE87923,Healthy,152,589857
EE87923,Healthy,153,593180
EE87923,Healthy,154,576177
EE87923,Healthy,155,579860
EE87923,Healthy,156,610101
EE87923,Healthy,157,668377
EE87923,Healthy,158,740902
EE87923,Healthy,159,817418
EE87923,Healthy,160,883227
EE87923,Healthy,161,932257
EE87923,Healthy,162,988796
EE87923,Healthy,163,1083636
EE87923,Healthy,164,1223610
EE87923,Healthy,165,1343446
EE87923,Healthy,166,1383402
EE87923,Healthy,167,1374540
EE87923,Healthy,168,1341027
EE87923,Healthy,169,1291788
EE87923,Healthy,170,1222740
EE87923,Healthy,171,1148646
EE87923,Healthy,172,1085924
EE87923,Healthy,173,1045976
EE87923,Healthy,174,1027457
EE87923,Healthy,175,1004672
EE87923,Healthy,176,967313
EE87923,Healthy,177,909125
EE87923,Healthy,178,838621
EE87923,Healthy,179,765444
EE87923,Healthy,180,694368
EE87923,Healthy,181,628593
EE87923,Healthy,182,572164
EE87923,Healthy,183,525912
EE87923,Healthy,184,491069
EE87923,Healthy,185,462749
EE87923,Healthy,186,438432
EE87923,Healthy,187,414953
EE87923,Healthy,188,390713
EE87923,Healthy,189,363066
EE87923,Healthy,190,331742
EE87923,Healthy,191,303113
EE87923,Healthy,192,274190
EE87923,Healthy,193,249600
EE87923,Healthy,194,229578
EE87923,Healthy,195,214294
EE87923,Healthy,196,200515
EE87923,Healthy,197,188669
EE87923,Healthy,198,179212
EE87923,Healthy,199,169094
EE87923,Healthy,200,159276
EE87923,Healthy,201,147523
EE87923,Healthy,202,135578
EE87923,Healthy,203,124798
EE87923,Healthy,204,114037
EE87923,Healthy,205,105714
EE87923,Healthy,206,97330
EE87923,Healthy,207,91659
EE87923,Healthy,208,85783
EE87923,Healthy,209,82011
EE87923,Healthy,210,76467
EE87923,Healthy,211,71729
EE87923,Healthy,212,65977
EE87923,Healthy,213,60451
EE87923,Healthy,214,55258
EE87923,Healthy,215,51107
EE87923,Healthy,216,46539
EE87923,Healthy,217,43381
EE87923,Healthy,218,40550
EE87923,Healthy,219,38162
EE87923,Healthy,220,35412
EE87923,Healthy,221,33261
EE87923,Healthy,222,30609
EE87923,Healthy,223,28668
EE87923,Healthy,224,25812
EE87923,Healthy,225,23837
EE87923,Healthy,226,21710
EE87923,Healthy,227,20053
EE87923,Healthy,228,18981
EE87923,Healthy,229,17808
EE87923,Healthy,230,16557
EE87923,Healthy,231,15644
EE87923,Healthy,232,14572
EE87923,Healthy,233,13498
EE87923,Healthy,234,12426
EE87923,Healthy,235,11580
EE87923,Healthy,236,10638
EE87923,Healthy,237,9940
EE87923,Healthy,238,9429
EE87923,Healthy,239,9102
EE87923,Healthy,240,8762
EE87923,Healthy,241,8385
EE87923,Healthy,242,7459
EE87923,Healthy,243,7059
EE87923,Healthy,244,6684
EE87923,Healthy,245,3652
EE87923,Healthy,246,1824
EE87923,Healthy,247,1698
EE87923,Healthy,248,1534
EE87924,Healthy,84,99
EE87924,Healthy,85,90
EE87924,Healthy,86,99
EE87924,Healthy,87,404
EE87924,Healthy,88,399
EE87924,Healthy,89,481
EE87924,Healthy,90,680
EE87924,Healthy,91,675
EE87924,Healthy,92,740
EE87924,Healthy,93,737
EE87924,Healthy,94,789
EE87924,Healthy,95,957
EE87924,Healthy,96,978
EE87924,Healthy,97,1068
EE87924,Healthy,98,1115
EE87924,Healthy,99,15822
EE87924,Healthy,100,19075
EE87924,Healthy,101,21395
EE87924,Healthy,102,23140
EE87924,Healthy,103,23489
EE87924,Healthy,104,22938
EE87924,Healthy,105,23108
EE87924,Healthy,106,25142
EE87924,Healthy,107,28730
EE87924,Healthy,108,31465
EE87924,Healthy,109,36871
EE87924,Healthy,110,44439
EE87924,Healthy,111,50079
EE87924,Healthy,112,50051
EE87924,Healthy,113,44597
EE87924,Healthy,114,40968
EE87924,Healthy,115,41647
EE87924,Healthy,116,44606
EE87924,Healthy,117,50326
EE87924,Healthy,118,55454
EE87924,Healthy,119,62703
EE87924,Healthy,120,78580
EE87924,Healthy,121,102254
EE87924,Healthy,122,119709
EE87924,Healthy,123,116080
EE87924,Healthy,124,91421
EE87924,Healthy,125,73705
EE87924,Healthy,126,70403
EE87924,Healthy,127,75993
EE87924,Healthy,128,84882
EE87924,Healthy,129,98232
EE87924,Healthy,130,120079
EE87924,Healthy,131,155172
EE87924,Healthy,132,207848
EE87924,Healthy,133,256428
EE87924,Healthy,134,263985
EE87924,Healthy,135,232329
EE87924,Healthy,136,208023
EE87924,Healthy,137,218979
EE87924,Healthy,138,260309
EE87924,Healthy,139,324330
EE87924,Healthy,140,396458
EE87924,Healthy,141,450271
EE87924,Healthy,142,468478
EE87924,Healthy,143,465123
EE87924,Healthy,144,470565
EE87924,Healthy,145,475719
EE87924,Healthy,146,474777
EE87924,Healthy,147,480696
EE87924,Healthy,148,505246
EE87924,Healthy,149,540910
EE87924,Healthy,150,583393
EE87924,Healthy,151,635275
EE87924,Healthy,152,679826
EE87924,Healthy,153,679592
EE87924,Healthy,154,653302
EE87924,Healthy,155,651297
EE87924,Healthy,156,692730
EE87924,Healthy,157,765509
EE87924,Healthy,158,852196
EE87924,Healthy,159,939802
EE87924,Healthy,160,1004927
EE87924,Healthy,161,1045743
EE87924,Healthy,162,1094180
EE87924,Healthy,163,1187435
EE87924,Healthy,164,1331988
EE87924,Healthy,165,1460598
EE87924,Healthy,166,1506529
EE87924,Healthy,167,1496807
EE87924,Healthy,168,1451766
EE87924,Healthy,169,1385842
EE87924,Healthy,170,1303731
EE87924,Healthy,171,1215768
EE87924,Healthy,172,1141300
EE87924,Healthy,173,1098929
EE87924,Healthy,174,1073270
EE87924,Healthy,175,1051313
EE87924,Healthy,176,1012818
EE87924,Healthy,177,953267
EE87924,Healthy,178,881622
EE87924,Healthy,179,805032
EE87924,Healthy,180,728312
EE87924,Healthy,181,658981
EE87924,Healthy,182,599420
EE87924,Healthy,183,551315
EE87924,Healthy,184,509254
EE87924,Healthy,185,480721
EE87924,Healthy,186,455271
EE87924,Healthy,187,432023
EE87924,Healthy,188,406546
EE87924,Healthy,189,377441
EE87924,Healthy,190,344903
EE87924,Healthy,191,312575
EE87924,Healthy,192,282717
EE87924,Healthy,193,255584
EE87924,Healthy,194,233945
EE87924,Healthy,195,217520
EE87924,Healthy,196,202303
EE87924,Healthy,197,191406
EE87924,Healthy,198,182165
EE87924,Healthy,199,171967
EE87924,Healthy,200,160311
EE87924,Healthy,201,148459
EE87924,Healthy,202,136881
EE87924,Healthy,203,123617
EE87924,Healthy,204,112998
EE87924,Healthy,205,104619
EE87924,Healthy,206,96598
EE87924,Healthy,207,89465
EE87924,Healthy,208,84999
EE87924,Healthy,209,79701
EE87924,Healthy,210,74860
EE87924,Healthy,211,68834
EE87924,Healthy,212,63517
EE87924,Healthy,213,58109
EE87924,Healthy,214,52902
EE87924,Healthy,215,48148
EE87924,Healthy,216,44451
EE87924,Healthy,217,41029
EE87924,Healthy,218,38373
EE87924,Healthy,219,35562
EE87924,Healthy,220,33765
EE87924,Healthy,221,31022
EE87924,Healthy,222,28725
EE87924,Healthy,223,26359
EE87924,Healthy,224,23914
EE87924,Healthy,225,21798
EE87924,Healthy,226,20226
EE87924,Healthy,227,18636
EE87924,Healthy,228,17406
EE87924,Healthy,229,16257
EE87924,Healthy,230,15425
EE87924,Healthy,231,14153
EE87924,Healthy,232,13579
EE87924,Healthy,233,12576
EE87924,Healthy,234,11656
EE87924,Healthy,235,10686
EE87924,Healthy,236,9876
EE87924,Healthy,237,9432
EE87924,Healthy,238,8898
EE87924,Healthy,239,8814
EE87924,Healthy,240,8711
EE87924,Healthy,241,8165
EE87924,Healthy,242,7396
EE87924,Healthy,243,7115
EE87924,Healthy,244,6467
EE87924,Healthy,245,745
EE87924,Healthy,246,538
EE87924,Healthy,247,495
EE87925,Healthy,84,1
EE87925,Healthy,85,215
EE87925,Healthy,86,270
EE87925,Healthy,87,212
EE87925,Healthy,88,412
EE87925,Healthy,89,528
EE87925,Healthy,90,544
EE87925,Healthy,91,532
EE87925,Healthy,92,547
EE87925,Healthy,93,528
EE87925,Healthy,94,689
EE87925,Healthy,95,757
EE87925,Healthy,96,830
EE87925,Healthy,97,826
EE87925,Healthy,98,864
EE87925,Healthy,99,12973
EE87925,Healthy,100,15853
EE87925,Healthy,101,17173
EE87925,Healthy,102,17700
EE87925,Healthy,103,17963
EE87925,Healthy,104,17810
EE87925,Healthy,105,17203
EE87925,Healthy,106,18943
EE87925,Healthy,107,21383
EE87925,Healthy,108,23895
EE87925,Healthy,109,27710
EE87925,Healthy,110,32817
EE87925,Healthy,111,37920
EE87925,Healthy,112,37609
EE87925,Healthy,113,33143
EE87925,Healthy,114,29776
EE87925,Healthy,115,30062
EE87925,Healthy,116,32166
EE87925,Healthy,117,35258
EE87925,Healthy,118,39504
EE87925,Healthy,119,46239
EE87925,Healthy,120,59193
EE87925,Healthy,121,78166
EE87925,Healthy,122,92330
EE87925,Healthy,123,88764
EE87925,Healthy,124,69180
EE87925,Healthy,125,54581
EE87925,Healthy,126,51283
EE87925,Healthy,127,55528
EE87925,Healthy,128,61048
EE87925,Healthy,129,70950
EE87925,Healthy,130,88473
EE87925,Healthy,131,117320
EE87925,Healthy,132,158517
EE87925,Healthy,133,198851
EE87925,Healthy,134,204843
EE87925,Healthy,135,177489
EE87925,Healthy,136,154772
EE87925,Healthy,137,162274
EE87925,Healthy,138,192915
EE87925,Healthy,139,244382
EE87925,Healthy,140,305008
EE87925,Healthy,141,351479
EE87925,Healthy,142,365144
EE87925,Healthy,143,361807
EE87925,Healthy,144,365026
EE87925,Healthy,145,370048
EE87925,Healthy,146,367528
EE87925,Healthy,147,369512
EE87925,Healthy,148,389140
EE87925,Healthy,149,420100
EE87925,Healthy,150,456956
EE87925,Healthy,151,505560
EE87925,Healthy,152,545193
EE87925,Healthy,153,543457
EE87925,Healthy,154,518979
EE87925,Healthy,155,516165
EE87925,Healthy,156,547765
EE87925,Healthy,157,604384
EE87925,Healthy,158,676119
EE87925,Healthy,159,749380
EE87925,Healthy,160,802745
EE87925,Healthy,161,836347
EE87925,Healthy,162,870468
EE87925,Healthy,163,936188
EE87925,Healthy,164,1047790
EE87925,Healthy,165,1146340
EE87925,Healthy,166,1190364
EE87925,Healthy,167,1184024
EE87925,Healthy,168,1157076
EE87925,Healthy,169,1112095
EE87925,Healthy,170,1048805
EE87925,Healthy,171,983689
EE87925,Healthy,172,929106
EE87925,Healthy,173,897496
EE87925,Healthy,174,877970
EE87925,Healthy,175,861667
EE87925,Healthy,176,837992
EE87925,Healthy,177,798151
EE87925,Healthy,178,744559
EE87925,Healthy,179,686090
EE87925,Healthy,180,628227
EE87925,Healthy,181,573638
EE87925,Healthy,182,523104
EE87925,Healthy,183,482737
EE87925,Healthy,184,447896
EE87925,Healthy,185,424336
EE87925,Healthy,186,404717
EE87925,Healthy,187,384852
EE87925,Healthy,188,365819
EE87925,Healthy,189,342392
EE87925,Healthy,190,314693
EE87925,Healthy,191,287950
EE87925,Healthy,192,261484
EE87925,Healthy,193,236842
EE87925,Healthy,194,217622
EE87925,Healthy,195,202168
EE87925,Healthy,196,189758
EE87925,Healthy,197,179319
EE87925,Healthy,198,171432
EE87925,Healthy,199,161064
EE87925,Healthy,200,151962
EE87925,Healthy,201,140856
EE87925,Healthy,202,130197
EE87925,Healthy,203,118105
EE87925,Healthy,204,108572
EE87925,Healthy,205,99765
EE87925,Healthy,206,92886
EE87925,Healthy,207,86541
EE87925,Healthy,208,81952
EE87925,Healthy,209,76962
EE87925,Healthy,210,72189
EE87925,Healthy,211,67041
EE87925,Healthy,212,61832
EE87925,Healthy,213,57248
EE87925,Healthy,214,52145
EE87925,Healthy,215,47714
EE87925,Healthy,216,43929
EE87925,Healthy,217,40666
EE87925,Healthy,218,37804
EE87925,Healthy,219,35481
EE87925,Healthy,220,33887
EE87925,Healthy,221,31688
EE87925,Healthy,222,28879
EE87925,Healthy,223,26360
EE87925,Healthy,224,24284
EE87925,Healthy,225,22472
EE87925,Healthy,226,20574
EE87925,Healthy,227,19053
EE87925,Healthy,228,17873
EE87925,Healthy,229,16812
EE87925,Healthy,230,15703
EE87925,Healthy,231,14967
EE87925,Healthy,232,13701
EE87925,Healthy,233,12985
EE87925,Healthy,234,11887
EE87925,Healthy,235,11057
EE87925,Healthy,236,10271
EE87925,Healthy,237,9707
EE87925,Healthy,238,9226
EE87925,Healthy,239,8976
EE87925,Healthy,240,8656
EE87925,Healthy,241,8353
EE87925,Healthy,242,7998
EE87925,Healthy,243,7282
EE87925,Healthy,244,7169
EE87925,Healthy,245,6851
EE87925,Healthy,246,6537
EE87925,Healthy,247,5694
EE87925,Healthy,248,5509
EE87925,Healthy,249,5239
EE87925,Healthy,250,124
EE87925,Healthy,251,105
EE87925,Healthy,252,102
EE87933,Healthy,79,6
EE87933,Healthy,80,1
EE87933,Healthy,81,9
EE87933,Healthy,82,302
EE87933,Healthy,83,320
EE87933,Healthy,84,324
EE87933,Healthy,85,356
EE87933,Healthy,86,438
EE87933,Healthy,87,439
EE87933,Healthy,88,429
EE87933,Healthy,89,497
EE87933,Healthy,90,540
EE87933,Healthy,91,554
EE87933,Healthy,92,687
EE87933,Healthy,93,617
EE87933,Healthy,94,675
EE87933,Healthy,95,778
EE87933,Healthy,96,816
EE87933,Healthy,97,770
EE87933,Healthy,98,964
EE87933,Healthy,99,15738
EE87933,Healthy,100,19215
EE87933,Healthy,101,21659
EE87933,Healthy,102,22983
EE87933,Healthy,103,23628
EE87933,Healthy,104,22655
EE87933,Healthy,105,22422
EE87933,Healthy,106,24461
EE87933,Healthy,107,27493
EE87933,Healthy,108,31415
EE87933,Healthy,109,36165
EE87933,Healthy,110,42930
EE87933,Healthy,111,49277
EE87933,Healthy,112,49713
EE87933,Healthy,113,44058
EE87933,Healthy,114,40010
EE87933,Healthy,115,40283
EE87933,Healthy,116,42841
EE87933,Healthy,117,47821
EE87933,Healthy,118,53064
EE87933,Healthy,119,59877
EE87933,Healthy,120,73009
EE87933,Healthy,121,93044
EE87933,Healthy,122,109035
EE87933,Healthy,123,105209
EE87933,Healthy,124,83994
EE87933,Healthy,125,68269
EE87933,Healthy,126,64654
EE87933,Healthy,127,69084
EE87933,Healthy,128,76409
EE87933,Healthy,129,87538
EE87933,Healthy,130,105767
EE87933,Healthy,131,134988
EE87933,Healthy,132,177080
EE87933,Healthy,133,217714
EE87933,Healthy,134,222855
EE87933,Healthy,135,196667
EE87933,Healthy,136,173203
EE87933,Healthy,137,178679
EE87933,Healthy,138,209425
EE87933,Healthy,139,258093
EE87933,Healthy,140,317292
EE87933,Healthy,141,364627
EE87933,Healthy,142,380616
EE87933,Healthy,143,380886
EE87933,Healthy,144,385672
EE87933,Healthy,145,391676
EE87933,Healthy,146,393082
EE87933,Healthy,147,398001
EE87933,Healthy,148,417022
EE87933,Healthy,149,445669
EE87933,Healthy,150,478783
EE87933,Healthy,151,522115
EE87933,Healthy,152,560363
EE87933,Healthy,153,563520
EE87933,Healthy,154,540253
EE87933,Healthy,155,536504
EE87933,Healthy,156,559774
EE87933,Healthy,157,611130
EE87933,Healthy,158,682402
EE87933,Healthy,159,756704
EE87933,Healthy,160,816560
EE87933,Healthy,161,856936
EE87933,Healthy,162,891622
EE87933,Healthy,163,957888
EE87933,Healthy,164,1057497
EE87933,Healthy,165,1153507
EE87933,Healthy,166,1205011
EE87933,Healthy,167,1212553
EE87933,Healthy,168,1204228
EE87933,Healthy,169,1174844
EE87933,Healthy,170,1130108
EE87933,Healthy,171,1072042
EE87933,Healthy,172,1024756
EE87933,Healthy,173,997302
EE87933,Healthy,174,982436
EE87933,Healthy,175,974437
EE87933,Healthy,176,950740
EE87933,Healthy,177,909138
EE87933,Healthy,178,852051
EE87933,Healthy,179,789787
EE87933,Healthy,180,727355
EE87933,Healthy,181,667321
EE87933,Healthy,182,614795
EE87933,Healthy,183,571017
EE87933,Healthy,184,536722
EE87933,Healthy,185,510781
EE87933,Healthy,186,487865
EE87933,Healthy,187,468096
EE87933,Healthy,188,445330
EE87933,Healthy,189,419083
EE87933,Healthy,190,389160
EE87933,Healthy,191,358520
EE87933,Healthy,192,327339
EE87933,Healthy,193,299330
EE87933,Healthy,194,277524
EE87933,Healthy,195,258825
EE87933,Healthy,196,244268
EE87933,Healthy,197,232927
EE87933,Healthy,198,222857
EE87933,Healthy,199,211792
EE87933,Healthy,200,200272
EE87933,Healthy,201,186842
EE87933,Healthy,202,172880
EE87933,Healthy,203,158636
EE87933,Healthy,204,146262
EE87933,Healthy,205,136155
EE87933,Healthy,206,126246
EE87933,Healthy,207,118819
EE87933,Healthy,208,112501
EE87933,Healthy,209,106810
EE87933,Healthy,210,100411
EE87933,Healthy,211,94204
EE87933,Healthy,212,87525
EE87933,Healthy,213,80100
EE87933,Healthy,214,73611
EE87933,Healthy,215,67774
EE87933,Healthy,216,62498
EE87933,Healthy,217,58710
EE87933,Healthy,218,54828
EE87933,Healthy,219,51826
EE87933,Healthy,220,48729
EE87933,Healthy,221,46032
EE87933,Healthy,222,42388
EE87933,Healthy,223,39550
EE87933,Healthy,224,36143
EE87933,Healthy,225,33088
EE87933,Healthy,226,30717
EE87933,Healthy,227,28370
EE87933,Healthy,228,26606
EE87933,Healthy,229,25154
EE87933,Healthy,230,23825
EE87933,Healthy,231,22003
EE87933,Healthy,232,20836
EE87933,Healthy,233,19411
EE87933,Healthy,234,18150
EE87933,Healthy,235,16563
EE87933,Healthy,236,15818
EE87933,Healthy,237,14451
EE87933,Healthy,238,13638
EE87933,Healthy,239,13134
EE87933,Healthy,240,12922
EE87933,Healthy,241,12308
EE87933,Healthy,242,11658
EE87933,Healthy,243,11058
EE87933,Healthy,244,10606
EE87933,Healthy,245,10251
EE87933,Healthy,246,9722
EE87933,Healthy,247,9335
EE87933,Healthy,248,9069
EE87933,Healthy,249,8754
EE87933,Healthy,250,8479
EE87933,Healthy,251,7273
EE87933,Healthy,252,7255
EE87933,Healthy,253,6979
EE87933,Healthy,254,6972
EE87933,Healthy,255,6784
EE87933,Healthy,256,6673
EE87933,Healthy,257,6499
EE87933,Healthy,258,6180
EE87933,Healthy,259,475
EE87933,Healthy,260,458
EE87933,Healthy,261,482
EE87934,Healthy,80,1
EE87934,Healthy,81,1
EE87934,Healthy,83,3
EE87934,Healthy,84,414
EE87934,Healthy,85,364
EE87934,Healthy,86,474
EE87934,Healthy,87,461
EE87934,Healthy,88,554
EE87934,Healthy,89,625
EE87934,Healthy,90,657
EE87934,Healthy,91,734
EE87934,Healthy,92,856
EE87934,Healthy,93,844
EE87934,Healthy,94,939
EE87934,Healthy,95,965
EE87934,Healthy,96,1015
EE87934,Healthy,97,1016
EE87934,Healthy,98,1225
EE87934,Healthy,99,20173
EE87934,Healthy,100,24851
EE87934,Healthy,101,27415
EE87934,Healthy,102,28734
EE87934,Healthy,103,29048
EE87934,Healthy,104,28513
EE87934,Healthy,105,28028
EE87934,Healthy,106,30166
EE87934,Healthy,107,33815
EE87934,Healthy,108,37660
EE87934,Healthy,109,44104
EE87934,Healthy,110,53420
EE87934,Healthy,111,60950
EE87934,Healthy,112,61551
EE87934,Healthy,113,54056
EE87934,Healthy,114,49408
EE87934,Healthy,115,50063
EE87934,Healthy,116,53352
EE87934,Healthy,117,59348
EE87934,Healthy,118,65617
EE87934,Healthy,119,75721
EE87934,Healthy,120,94616
EE87934,Healthy,121,122554
EE87934,Healthy,122,141211
EE87934,Healthy,123,134798
EE87934,Healthy,124,106117
EE87934,Healthy,125,85469
EE87934,Healthy,126,81360
EE87934,Healthy,127,87717
EE87934,Healthy,128,97048
EE87934,Healthy,129,110896
EE87934,Healthy,130,135394
EE87934,Healthy,131,174819
EE87934,Healthy,132,231047
EE87934,Healthy,133,283988
EE87934,Healthy,134,292862
EE87934,Healthy,135,256516
EE87934,Healthy,136,229783
EE87934,Healthy,137,241649
EE87934,Healthy,138,286343
EE87934,Healthy,139,350471
EE87934,Healthy,140,428616
EE87934,Healthy,141,487707
EE87934,Healthy,142,507331
EE87934,Healthy,143,507265
EE87934,Healthy,144,509685
EE87934,Healthy,145,518059
EE87934,Healthy,146,516405
EE87934,Healthy,147,522963
EE87934,Healthy,148,545704
EE87934,Healthy,149,580135
EE87934,Healthy,150,621703
EE87934,Healthy,151,673523
EE87934,Healthy,152,717076
EE87934,Healthy,153,716538
EE87934,Healthy,154,694940
EE87934,Healthy,155,695450
EE87934,Healthy,156,736281
EE87934,Healthy,157,806640
EE87934,Healthy,158,896451
EE87934,Healthy,159,988222
EE87934,Healthy,160,1058521
EE87934,Healthy,161,1109946
EE87934,Healthy,162,1168041
EE87934,Healthy,163,1272284
EE87934,Healthy,164,1429208
EE87934,Healthy,165,1567809
EE87934,Healthy,166,1619345
EE87934,Healthy,167,1604612
EE87934,Healthy,168,1561787
EE87934,Healthy,169,1503078
EE87934,Healthy,170,1421747
EE87934,Healthy,171,1336758
EE87934,Healthy,172,1261765
EE87934,Healthy,173,1216416
EE87934,Healthy,174,1193700
EE87934,Healthy,175,1169017
EE87934,Healthy,176,1131433
EE87934,Healthy,177,1069189
EE87934,Healthy,178,992373
EE87934,Healthy,179,911131
EE87934,Healthy,180,831433
EE87934,Healthy,181,756270
EE87934,Healthy,182,689846
EE87934,Healthy,183,637420
EE87934,Healthy,184,595193
EE87934,Healthy,185,564051
EE87934,Healthy,186,538509
EE87934,Healthy,187,513781
EE87934,Healthy,188,487491
EE87934,Healthy,189,455571
EE87934,Healthy,190,420059
EE87934,Healthy,191,384020
EE87934,Healthy,192,350416
EE87934,Healthy,193,320690
EE87934,Healthy,194,294998
EE87934,Healthy,195,274586
EE87934,Healthy,196,259689
EE87934,Healthy,197,245857
EE87934,Healthy,198,234072
EE87934,Healthy,199,222568
EE87934,Healthy,200,210219
EE87934,Healthy,201,195400
EE87934,Healthy,202,179528
EE87934,Healthy,203,164230
EE87934,Healthy,204,150815
EE87934,Healthy,205,138754
EE87934,Healthy,206,130029
EE87934,Healthy,207,122342
EE87934,Healthy,208,114342
EE87934,Healthy,209,108776
EE87934,Healthy,210,102001
EE87934,Healthy,211,95907
EE87934,Healthy,212,88601
EE87934,Healthy,213,80606
EE87934,Healthy,214,74664
EE87934,Healthy,215,68262
EE87934,Healthy,216,63175
EE87934,Healthy,217,58698
EE87934,Healthy,218,55140
EE87934,Healthy,219,52074
EE87934,Healthy,220,48813
EE87934,Healthy,221,45876
EE87934,Healthy,222,42691
EE87934,Healthy,223,39362
EE87934,Healthy,224,36164
EE87934,Healthy,225,32933
EE87934,Healthy,226,30333
EE87934,Healthy,227,28464
EE87934,Healthy,228,26340
EE87934,Healthy,229,24939
EE87934,Healthy,230,23520
EE87934,Healthy,231,21940
EE87934,Healthy,232,20536
EE87934,Healthy,233,19235
EE87934,Healthy,234,17728
EE87934,Healthy,235,16548
EE87934,Healthy,236,15250
EE87934,Healthy,237,14496
EE87934,Healthy,238,13760
EE87934,Healthy,239,13294
EE87934,Healthy,240,12634
EE87934,Healthy,241,12247
EE87934,Healthy,242,11664
EE87934,Healthy,243,11118
EE87934,Healthy,244,10585
EE87934,Healthy,245,10005
EE87934,Healthy,246,8659
EE87934,Healthy,247,8340
EE87934,Healthy,248,7847
EE87934,Healthy,249,7675
EE87934,Healthy,250,1895
EE87934,Healthy,251,1873
EE87934,Healthy,252,1928
EE87934,Healthy,253,129
EE87934,Healthy,254,112
EE87934,Healthy,255,129
EE87935,Healthy,72,1
EE87935,Healthy,73,2
EE87935,Healthy,76,5
EE87935,Healthy,77,4
EE87935,Healthy,78,218
EE87935,Healthy,79,246
EE87935,Healthy,80,251
EE87935,Healthy,81,241
EE87935,Healthy,82,322
EE87935,Healthy,83,359
EE87935,Healthy,84,402
EE87935,Healthy,85,383
EE87935,Healthy,86,432
EE87935,Healthy,87,434
EE87935,Healthy,88,510
EE87935,Healthy,89,547
EE87935,Healthy,90,536
EE87935,Healthy,91,589
EE87935,Healthy,92,609
EE87935,Healthy,93,656
EE87935,Healthy,94,717
EE87935,Healthy,95,805
EE87935,Healthy,96,882
EE87935,Healthy,97,877
EE87935,Healthy,98,889
EE87935,Healthy,99,16214
EE87935,Healthy,100,20245
EE87935,Healthy,101,22806
EE87935,Healthy,102,23789
EE87935,Healthy,103,24155
EE87935,Healthy,104,23478
EE87935,Healthy,105,22914
EE87935,Healthy,106,24524
EE87935,Healthy,107,27052
EE87935,Healthy,108,31002
EE87935,Healthy,109,36863
EE87935,Healthy,110,45175
EE87935,Healthy,111,51437
EE87935,Healthy,112,52324
EE87935,Healthy,113,46770
EE87935,Healthy,114,41979
EE87935,Healthy,115,42082
EE87935,Healthy,116,44851
EE87935,Healthy,117,49637
EE87935,Healthy,118,54743
EE87935,Healthy,119,63362
EE87935,Healthy,120,77613
EE87935,Healthy,121,97842
EE87935,Healthy,122,112352
EE87935,Healthy,123,107242
EE87935,Healthy,124,86688
EE87935,Healthy,125,71389
EE87935,Healthy,126,69206
EE87935,Healthy,127,74187
EE87935,Healthy,128,80947
EE87935,Healthy,129,91907
EE87935,Healthy,130,109282
EE87935,Healthy,131,135901
EE87935,Healthy,132,173876
EE87935,Healthy,133,208419
EE87935,Healthy,134,213719
EE87935,Healthy,135,190086
EE87935,Healthy,136,170168
EE87935,Healthy,137,174357
EE87935,Healthy,138,201002
EE87935,Healthy,139,243376
EE87935,Healthy,140,295524
EE87935,Healthy,141,336813
EE87935,Healthy,142,353006
EE87935,Healthy,143,355895
EE87935,Healthy,144,360939
EE87935,Healthy,145,369568
EE87935,Healthy,146,369354
EE87935,Healthy,147,374224
EE87935,Healthy,148,389374
EE87935,Healthy,149,409992
EE87935,Healthy,150,437180
EE87935,Healthy,151,470163
EE87935,Healthy,152,500582
EE87935,Healthy,153,499662
EE87935,Healthy,154,483044
EE87935,Healthy,155,481864
EE87935,Healthy,156,504914
EE87935,Healthy,157,548010
EE87935,Healthy,158,603032
EE87935,Healthy,159,666476
EE87935,Healthy,160,716234
EE87935,Healthy,161,752030
EE87935,Healthy,162,786698
EE87935,Healthy,163,842836
EE87935,Healthy,164,933169
EE87935,Healthy,165,1020392
EE87935,Healthy,166,1065828
EE87935,Healthy,167,1074896
EE87935,Healthy,168,1067958
EE87935,Healthy,169,1046251
EE87935,Healthy,170,1005825
EE87935,Healthy,171,962594
EE87935,Healthy,172,923074
EE87935,Healthy,173,904689
EE87935,Healthy,174,897226
EE87935,Healthy,175,892338
EE87935,Healthy,176,871282
EE87935,Healthy,177,831061
EE87935,Healthy,178,776308
EE87935,Healthy,179,714731
EE87935,Healthy,180,656947
EE87935,Healthy,181,603940
EE87935,Healthy,182,556013
EE87935,Healthy,183,517209
EE87935,Healthy,184,486523
EE87935,Healthy,185,463134
EE87935,Healthy,186,442173
EE87935,Healthy,187,421829
EE87935,Healthy,188,397472
EE87935,Healthy,189,373014
EE87935,Healthy,190,343481
EE87935,Healthy,191,315837
EE87935,Healthy,192,288147
EE87935,Healthy,193,265450
EE87935,Healthy,194,246359
EE87935,Healthy,195,229474
EE87935,Healthy,196,215529
EE87935,Healthy,197,205985
EE87935,Healthy,198,196371
EE87935,Healthy,199,185596
EE87935,Healthy,200,175225
EE87935,Healthy,201,162446
EE87935,Healthy,202,150069
EE87935,Healthy,203,137714
EE87935,Healthy,204,126972
EE87935,Healthy,205,117949
EE87935,Healthy,206,109587
EE87935,Healthy,207,103416
EE87935,Healthy,208,98266
EE87935,Healthy,209,92273
EE87935,Healthy,210,86889
EE87935,Healthy,211,81430
EE87935,Healthy,212,75565
EE87935,Healthy,213,69523
EE87935,Healthy,214,63561
EE87935,Healthy,215,58881
EE87935,Healthy,216,54972
EE87935,Healthy,217,50916
EE87935,Healthy,218,48067
EE87935,Healthy,219,45238
EE87935,Healthy,220,42786
EE87935,Healthy,221,39886
EE87935,Healthy,222,36930
EE87935,Healthy,223,34788
EE87935,Healthy,224,32031
EE87935,Healthy,225,29401
EE87935,Healthy,226,26909
EE87935,Healthy,227,25466
EE87935,Healthy,228,23403
EE87935,Healthy,229,22480
EE87935,Healthy,230,21305
EE87935,Healthy,231,19848
EE87935,Healthy,232,18583
EE87935,Healthy,233,17287
EE87935,Healthy,234,16480
EE87935,Healthy,235,15164
EE87935,Healthy,236,14367
EE87935,Healthy,237,13167
EE87935,Healthy,238,12669
EE87935,Healthy,239,12109
EE87935,Healthy,240,11720
EE87935,Healthy,241,11245
EE87935,Healthy,242,10826
EE87935,Healthy,243,10399
EE87935,Healthy,244,9745
EE87935,Healthy,245,9378
EE87935,Healthy,246,9085
EE87935,Healthy,247,8518
EE87935,Healthy,248,8317
EE87935,Healthy,249,8015
EE87935,Healthy,250,7923
EE87935,Healthy,251,7939
EE87935,Healthy,252,7846
EE87935,Healthy,253,7526
EE87935,Healthy,254,6608
EE87935,Healthy,255,6382
EE87935,Healthy,256,6310
EE87935,Healthy,257,6226
EE87935,Healthy,258,5885
EE87935,Healthy,259,3632
EE87935,Healthy,260,3620
EE87935,Healthy,261,3405
EE87935,Healthy,262,1242
EE87935,Healthy,263,781
EE87935,Healthy,264,885
EE87935,Healthy,265,826
EE87935,Healthy,266,120
EE87935,Healthy,267,150
EE87935,Healthy,268,111
EE87936,Healthy,88,3
EE87936,Healthy,89,396
EE87936,Healthy,90,377
EE87936,Healthy,91,404
EE87936,Healthy,92,525
EE87936,Healthy,93,521
EE87936,Healthy,94,622
EE87936,Healthy,95,675
EE87936,Healthy,96,788
EE87936,Healthy,97,662
EE87936,Healthy,98,786
EE87936,Healthy,99,5385
EE87936,Healthy,100,6518
EE87936,Healthy,101,7102
EE87936,Healthy,102,7480
EE87936,Healthy,103,7833
EE87936,Healthy,104,7865
EE87936,Healthy,105,8260
EE87936,Healthy,106,8922
EE87936,Healthy,107,10059
EE87936,Healthy,108,12147
EE87936,Healthy,109,14115
EE87936,Healthy,110,18142
EE87936,Healthy,111,21622
EE87936,Healthy,112,22744
EE87936,Healthy,113,21356
EE87936,Healthy,114,20508
EE87936,Healthy,115,21649
EE87936,Healthy,116,23900
EE87936,Healthy,117,27577
EE87936,Healthy,118,31740
EE87936,Healthy,119,38816
EE87936,Healthy,120,49888
EE87936,Healthy,121,66437
EE87936,Healthy,122,80520
EE87936,Healthy,123,79524
EE87936,Healthy,124,65498
EE87936,Healthy,125,56158
EE87936,Healthy,126,55286
EE87936,Healthy,127,60903
EE87936,Healthy,128,68867
EE87936,Healthy,129,80091
EE87936,Healthy,130,98423
EE87936,Healthy,131,127236
EE87936,Healthy,132,169978
EE87936,Healthy,133,211701
EE87936,Healthy,134,224072
EE87936,Healthy,135,202355
EE87936,Healthy,136,184711
EE87936,Healthy,137,195884
EE87936,Healthy,138,232778
EE87936,Healthy,139,289754
EE87936,Healthy,140,359809
EE87936,Healthy,141,416470
EE87936,Healthy,142,442323
EE87936,Healthy,143,448860
EE87936,Healthy,144,458960
EE87936,Healthy,145,470825
EE87936,Healthy,146,470327
EE87936,Healthy,147,478305
EE87936,Healthy,148,500166
EE87936,Healthy,149,532452
EE87936,Healthy,150,576502
EE87936,Healthy,151,623823
EE87936,Healthy,152,666432
EE87936,Healthy,153,672952
EE87936,Healthy,154,655374
EE87936,Healthy,155,657555
EE87936,Healthy,156,695625
EE87936,Healthy,157,757296
EE87936,Healthy,158,839002
EE87936,Healthy,159,923506
EE87936,Healthy,160,990809
EE87936,Healthy,161,1042850
EE87936,Healthy,162,1099558
EE87936,Healthy,163,1195220
EE87936,Healthy,164,1336028
EE87936,Healthy,165,1461500
EE87936,Healthy,166,1515645
EE87936,Healthy,167,1508849
EE87936,Healthy,168,1475571
EE87936,Healthy,169,1427876
EE87936,Healthy,170,1356406
EE87936,Healthy,171,1279907
EE87936,Healthy,172,1213231
EE87936,Healthy,173,1171889
EE87936,Healthy,174,1145087
EE87936,Healthy,175,1125730
EE87936,Healthy,176,1085142
EE87936,Healthy,177,1025579
EE87936,Healthy,178,950424
EE87936,Healthy,179,870727
EE87936,Healthy,180,792074
EE87936,Healthy,181,719793
EE87936,Healthy,182,657961
EE87936,Healthy,183,605358
EE87936,Healthy,184,565079
EE87936,Healthy,185,532797
EE87936,Healthy,186,504641
EE87936,Healthy,187,479290
EE87936,Healthy,188,451627
EE87936,Healthy,189,421105
EE87936,Healthy,190,386390
EE87936,Healthy,191,353412
EE87936,Healthy,192,321793
EE87936,Healthy,193,292905
EE87936,Healthy,194,268982
EE87936,Healthy,195,250673
EE87936,Healthy,196,234964
EE87936,Healthy,197,221826
EE87936,Healthy,198,211350
EE87936,Healthy,199,200241
EE87936,Healthy,200,187134
EE87936,Healthy,201,173993
EE87936,Healthy,202,159963
EE87936,Healthy,203,146857
EE87936,Healthy,204,135799
EE87936,Healthy,205,124439
EE87936,Healthy,206,115465
EE87936,Healthy,207,108000
EE87936,Healthy,208,101495
EE87936,Healthy,209,95874
EE87936,Healthy,210,90756
EE87936,Healthy,211,84298
EE87936,Healthy,212,77571
EE87936,Healthy,213,71659
EE87936,Healthy,214,65700
EE87936,Healthy,215,60689
EE87936,Healthy,216,55404
EE87936,Healthy,217,51537
EE87936,Healthy,218,48135
EE87936,Healthy,219,45153
EE87936,Healthy,220,42833
EE87936,Healthy,221,39825
EE87936,Healthy,222,36897
EE87936,Healthy,223,33661
EE87936,Healthy,224,31003
EE87936,Healthy,225,28890
EE87936,Healthy,226,26421
EE87936,Healthy,227,24573
EE87936,Healthy,228,22735
EE87936,Healthy,229,21846
EE87936,Healthy,230,20397
EE87936,Healthy,231,19174
EE87936,Healthy,232,17959
EE87936,Healthy,233,16372
EE87936,Healthy,234,15466
EE87936,Healthy,235,14317
EE87936,Healthy,236,13367
EE87936,Healthy,237,12661
EE87936,Healthy,238,12113
EE87936,Healthy,239,11419
EE87936,Healthy,240,11227
EE87936,Healthy,241,10693
EE87936,Healthy,242,10585
EE87936,Healthy,243,9995
EE87936,Healthy,244,8518
EE87936,Healthy,245,8250
EE87936,Healthy,246,7539
EE87936,Healthy,247,372
EE87936,Healthy,248,400
EE87936,Healthy,249,376
EE87937,Healthy,87,2
EE87937,Healthy,88,10
EE87937,Healthy,89,10
EE87937,Healthy,90,12
EE87937,Healthy,91,163
EE87937,Healthy,92,180
EE87937,Healthy,93,186
EE87937,Healthy,94,669
EE87937,Healthy,95,686
EE87937,Healthy,96,743
EE87937,Healthy,97,736
EE87937,Healthy,98,810
EE87937,Healthy,99,5069
EE87937,Healthy,100,5850
EE87937,Healthy,101,6240
EE87937,Healthy,102,7003
EE87937,Healthy,103,7137
EE87937,Healthy,104,7244
EE87937,Healthy,105,7573
EE87937,Healthy,106,8632
EE87937,Healthy,107,9684
EE87937,Healthy,108,11096
EE87937,Healthy,109,12919
EE87937,Healthy,110,15291
EE87937,Healthy,111,17959
EE87937,Healthy,112,18896
EE87937,Healthy,113,17982
EE87937,Healthy,114,17325
EE87937,Healthy,115,18397
EE87937,Healthy,116,20359
EE87937,Healthy,117,23035
EE87937,Healthy,118,26640
EE87937,Healthy,119,31424
EE87937,Healthy,120,39791
EE87937,Healthy,121,51879
EE87937,Healthy,122,62939
EE87937,Healthy,123,63954
EE87937,Healthy,124,54120
EE87937,Healthy,125,47184
EE87937,Healthy,126,47610
EE87937,Healthy,127,52773
EE87937,Healthy,128,59955
EE87937,Healthy,129,69101
EE87937,Healthy,130,84801
EE87937,Healthy,131,109432
EE87937,Healthy,132,146345
EE87937,Healthy,133,183087
EE87937,Healthy,134,193932
EE87937,Healthy,135,178640
EE87937,Healthy,136,164452
EE87937,Healthy,137,174509
EE87937,Healthy,138,205241
EE87937,Healthy,139,254093
EE87937,Healthy,140,313839
EE87937,Healthy,141,362241
EE87937,Healthy,142,385606
EE87937,Healthy,143,392743
EE87937,Healthy,144,407423
EE87937,Healthy,145,426249
EE87937,Healthy,146,438350
EE87937,Healthy,147,455030
EE87937,Healthy,148,482644
EE87937,Healthy,149,514038
EE87937,Healthy,150,547362
EE87937,Healthy,151,590560
EE87937,Healthy,152,628313
EE87937,Healthy,153,634609
EE87937,Healthy,154,615730
EE87937,Healthy,155,618274
EE87937,Healthy,156,655016
EE87937,Healthy,157,719523
EE87937,Healthy,158,801655
EE87937,Healthy,159,889641
EE87937,Healthy,160,963048
EE87937,Healthy,161,1014013
EE87937,Healthy,162,1073420
EE87937,Healthy,163,1169439
EE87937,Healthy,164,1316724
EE87937,Healthy,165,1454622
EE87937,Healthy,166,1520930
EE87937,Healthy,167,1523388
EE87937,Healthy,168,1499146
EE87937,Healthy,169,1458983
EE87937,Healthy,170,1393361
EE87937,Healthy,171,1325103
EE87937,Healthy,172,1267279
EE87937,Healthy,173,1238284
EE87937,Healthy,174,1224499
EE87937,Healthy,175,1211078
EE87937,Healthy,176,1180031
EE87937,Healthy,177,1118084
EE87937,Healthy,178,1039684
EE87937,Healthy,179,959029
EE87937,Healthy,180,875976
EE87937,Healthy,181,800710
EE87937,Healthy,182,736023
EE87937,Healthy,183,682486
EE87937,Healthy,184,641669
EE87937,Healthy,185,610977
EE87937,Healthy,186,584376
EE87937,Healthy,187,558646
EE87937,Healthy,188,528741
EE87937,Healthy,189,494336
EE87937,Healthy,190,456898
EE87937,Healthy,191,418894
EE87937,Healthy,192,382371
EE87937,Healthy,193,349191
EE87937,Healthy,194,323004
EE87937,Healthy,195,301927
EE87937,Healthy,196,285755
EE87937,Healthy,197,272235
EE87937,Healthy,198,260056
EE87937,Healthy,199,246427
EE87937,Healthy,200,232835
EE87937,Healthy,201,216964
EE87937,Healthy,202,198908
EE87937,Healthy,203,183761
EE87937,Healthy,204,168526
EE87937,Healthy,205,156400
EE87937,Healthy,206,146253
EE87937,Healthy,207,137260
EE87937,Healthy,208,130055
EE87937,Healthy,209,123190
EE87937,Healthy,210,116463
EE87937,Healthy,211,108290
EE87937,Healthy,212,101026
EE87937,Healthy,213,91892
EE87937,Healthy,214,84654
EE87937,Healthy,215,77624
EE87937,Healthy,216,72133
EE87937,Healthy,217,66997
EE87937,Healthy,218,62927
EE87937,Healthy,219,59432
EE87937,Healthy,220,55530
EE87937,Healthy,221,51967
EE87937,Healthy,222,48225
EE87937,Healthy,223,44284
EE87937,Healthy,224,40726
EE87937,Healthy,225,37554
EE87937,Healthy,226,34850
EE87937,Healthy,227,32320
EE87937,Healthy,228,30056
EE87937,Healthy,229,28472
EE87937,Healthy,230,26705
EE87937,Healthy,231,24689
EE87937,Healthy,232,23461
EE87937,Healthy,233,21654
EE87937,Healthy,234,20111
EE87937,Healthy,235,18619
EE87937,Healthy,236,17178
EE87937,Healthy,237,16058
EE87937,Healthy,238,15338
EE87937,Healthy,239,14667
EE87937,Healthy,240,14315
EE87937,Healthy,241,13246
EE87937,Healthy,242,11539
EE87937,Healthy,243,11011
EE87937,Healthy,244,10301
EE87937,Healthy,245,9941
EE87937,Healthy,246,9357
EE87937,Healthy,247,8818
EE87937,Healthy,248,8528
EE87937,Healthy,249,8353
EE87937,Healthy,250,7994
EE87937,Healthy,251,7799
EE87937,Healthy,252,7413
EE87937,Healthy,253,510
EE87937,Healthy,254,500
EE87937,Healthy,255,468
EE87938,Healthy,92,12
EE87938,Healthy,93,155
EE87938,Healthy,94,547
EE87938,Healthy,95,612
EE87938,Healthy,96,605
EE87938,Healthy,97,648
EE87938,Healthy,98,697
EE87938,Healthy,99,4815
EE87938,Healthy,100,5605
EE87938,Healthy,101,6449
EE87938,Healthy,102,6861
EE87938,Healthy,103,7343
EE87938,Healthy,104,7185
EE87938,Healthy,105,7497
EE87938,Healthy,106,8452
EE87938,Healthy,107,9922
EE87938,Healthy,108,11331
EE87938,Healthy,109,13215
EE87938,Healthy,110,15800
EE87938,Healthy,111,18674
EE87938,Healthy,112,19112
EE87938,Healthy,113,17977
EE87938,Healthy,114,16952
EE87938,Healthy,115,18098
EE87938,Healthy,116,20100
EE87938,Healthy,117,22970
EE87938,Healthy,118,26305
EE87938,Healthy,119,30353
EE87938,Healthy,120,37516
EE87938,Healthy,121,47916
EE87938,Healthy,122,56567
EE87938,Healthy,123,56268
EE87938,Healthy,124,47314
EE87938,Healthy,125,40448
EE87938,Healthy,126,40789
EE87938,Healthy,127,45096
EE87938,Healthy,128,51483
EE87938,Healthy,129,60363
EE87938,Healthy,130,74181
EE87938,Healthy,131,95036
EE87938,Healthy,132,124705
EE87938,Healthy,133,154501
EE87938,Healthy,134,161748
EE87938,Healthy,135,145681
EE87938,Healthy,136,134658
EE87938,Healthy,137,143756
EE87938,Healthy,138,171511
EE87938,Healthy,139,211349
EE87938,Healthy,140,260030
EE87938,Healthy,141,298691
EE87938,Healthy,142,317240
EE87938,Healthy,143,321329
EE87938,Healthy,144,330738
EE87938,Healthy,145,340799
EE87938,Healthy,146,346271
EE87938,Healthy,147,358868
EE87938,Healthy,148,380520
EE87938,Healthy,149,409931
EE87938,Healthy,150,442323
EE87938,Healthy,151,482685
EE87938,Healthy,152,518322
EE87938,Healthy,153,524025
EE87938,Healthy,154,510293
EE87938,Healthy,155,510876
EE87938,Healthy,156,539158
EE87938,Healthy,157,593749
EE87938,Healthy,158,665294
EE87938,Healthy,159,741516
EE87938,Healthy,160,802621
EE87938,Healthy,161,843569
EE87938,Healthy,162,885621
EE87938,Healthy,163,955608
EE87938,Healthy,164,1066678
EE87938,Healthy,165,1171893
EE87938,Healthy,166,1224678
EE87938,Healthy,167,1233456
EE87938,Healthy,168,1221770
EE87938,Healthy,169,1189560
EE87938,Healthy,170,1139891
EE87938,Healthy,171,1084208
EE87938,Healthy,172,1031952
EE87938,Healthy,173,1006551
EE87938,Healthy,174,991785
EE87938,Healthy,175,978062
EE87938,Healthy,176,947935
EE87938,Healthy,177,897437
EE87938,Healthy,178,835020
EE87938,Healthy,179,766707
EE87938,Healthy,180,700625
EE87938,Healthy,181,638335
EE87938,Healthy,182,585781
EE87938,Healthy,183,542210
EE87938,Healthy,184,505156
EE87938,Healthy,185,476712
EE87938,Healthy,186,453617
EE87938,Healthy,187,430422
EE87938,Healthy,188,404918
EE87938,Healthy,189,376138
EE87938,Healthy,190,346494
EE87938,Healthy,191,315852
EE87938,Healthy,192,285758
EE87938,Healthy,193,262146
EE87938,Healthy,194,240658
EE87938,Healthy,195,224379
EE87938,Healthy,196,210583
EE87938,Healthy,197,199508
EE87938,Healthy,198,189482
EE87938,Healthy,199,179323
EE87938,Healthy,200,168355
EE87938,Healthy,201,157106
EE87938,Healthy,202,144289
EE87938,Healthy,203,132451
EE87938,Healthy,204,121638
EE87938,Healthy,205,111925
EE87938,Healthy,206,104373
EE87938,Healthy,207,96983
EE87938,Healthy,208,91405
EE87938,Healthy,209,86311
EE87938,Healthy,210,81439
EE87938,Healthy,211,75918
EE87938,Healthy,212,69902
EE87938,Healthy,213,64299
EE87938,Healthy,214,58761
EE87938,Healthy,215,53500
EE87938,Healthy,216,49685
EE87938,Healthy,217,45929
EE87938,Healthy,218,43397
EE87938,Healthy,219,40581
EE87938,Healthy,220,38335
EE87938,Healthy,221,35514
EE87938,Healthy,222,32573
EE87938,Healthy,223,29738
EE87938,Healthy,224,28018
EE87938,Healthy,225,25349
EE87938,Healthy,226,23586
EE87938,Healthy,227,21570
EE87938,Healthy,228,20100
EE87938,Healthy,229,19086
EE87938,Healthy,230,17838
EE87938,Healthy,231,16807
EE87938,Healthy,232,15456
EE87938,Healthy,233,14599
EE87938,Healthy,234,13446
EE87938,Healthy,235,12172
EE87938,Healthy,236,11564
EE87938,Healthy,237,11006
EE87938,Healthy,238,10291
EE87938,Healthy,239,9939
EE87938,Healthy,240,9732
EE87938,Healthy,241,9150
EE87938,Healthy,242,8198
EE87938,Healthy,243,7674
EE87938,Healthy,244,7160
EE87938,Healthy,245,6686
EE87938,Healthy,246,6575
EE87938,Healthy,247,6088
EE87939,Healthy,91,34
EE87939,Healthy,92,37
EE87939,Healthy,93,50
EE87939,Healthy,94,142
EE87939,Healthy,95,221
EE87939,Healthy,96,263
EE87939,Healthy,97,283
EE87939,Healthy,98,799
EE87939,Healthy,99,4490
EE87939,Healthy,100,5034
EE87939,Healthy,101,5467
EE87939,Healthy,102,5462
EE87939,Healthy,103,5808
EE87939,Healthy,104,5857
EE87939,Healthy,105,6142
EE87939,Healthy,106,6781
EE87939,Healthy,107,7558
EE87939,Healthy,108,8297
EE87939,Healthy,109,9941
EE87939,Healthy,110,11798
EE87939,Healthy,111,13334
EE87939,Healthy,112,13995
EE87939,Healthy,113,13010
EE87939,Healthy,114,12442
EE87939,Healthy,115,13352
EE87939,Healthy,116,15054
EE87939,Healthy,117,17055
EE87939,Healthy,118,19636
EE87939,Healthy,119,23565
EE87939,Healthy,120,30582
EE87939,Healthy,121,41045
EE87939,Healthy,122,50051
EE87939,Healthy,123,50347
EE87939,Healthy,124,41628
EE87939,Healthy,125,34567
EE87939,Healthy,126,34978
EE87939,Healthy,127,39343
EE87939,Healthy,128,45600
EE87939,Healthy,129,54261
EE87939,Healthy,130,69843
EE87939,Healthy,131,93499
EE87939,Healthy,132,130112
EE87939,Healthy,133,166320
EE87939,Healthy,134,176510
EE87939,Healthy,135,158416
EE87939,Healthy,136,144423
EE87939,Healthy,137,156780
EE87939,Healthy,138,194155
EE87939,Healthy,139,250043
EE87939,Healthy,140,317808
EE87939,Healthy,141,370842
EE87939,Healthy,142,388570
EE87939,Healthy,143,385730
EE87939,Healthy,144,389795
EE87939,Healthy,145,398424
EE87939,Healthy,146,401078
EE87939,Healthy,147,414601
EE87939,Healthy,148,446952
EE87939,Healthy,149,489302
EE87939,Healthy,150,541504
EE87939,Healthy,151,605939
EE87939,Healthy,152,661231
EE87939,Healthy,153,664414
EE87939,Healthy,154,640161
EE87939,Healthy,155,641385
EE87939,Healthy,156,689925
EE87939,Healthy,157,770021
EE87939,Healthy,158,875180
EE87939,Healthy,159,987091
EE87939,Healthy,160,1071715
EE87939,Healthy,161,1126300
EE87939,Healthy,162,1183621
EE87939,Healthy,163,1292381
EE87939,Healthy,164,1461197
EE87939,Healthy,165,1613562
EE87939,Healthy,166,1673702
EE87939,Healthy,167,1670427
EE87939,Healthy,168,1634701
EE87939,Healthy,169,1568659
EE87939,Healthy,170,1483434
EE87939,Healthy,171,1387932
EE87939,Healthy,172,1309807
EE87939,Healthy,173,1263540
EE87939,Healthy,174,1241748
EE87939,Healthy,175,1225515
EE87939,Healthy,176,1197205
EE87939,Healthy,177,1144661
EE87939,Healthy,178,1077051
EE87939,Healthy,179,994077
EE87939,Healthy,180,917081
EE87939,Healthy,181,836273
EE87939,Healthy,182,763648
EE87939,Healthy,183,705250
EE87939,Healthy,184,660451
EE87939,Healthy,185,626813
EE87939,Healthy,186,601180
EE87939,Healthy,187,580029
EE87939,Healthy,188,554991
EE87939,Healthy,189,524623
EE87939,Healthy,190,488478
EE87939,Healthy,191,450046
EE87939,Healthy,192,410541
EE87939,Healthy,193,374875
EE87939,Healthy,194,344298
EE87939,Healthy,195,320554
EE87939,Healthy,196,302401
EE87939,Healthy,197,288564
EE87939,Healthy,198,276503
EE87939,Healthy,199,263479
EE87939,Healthy,200,249619
EE87939,Healthy,201,233638
EE87939,Healthy,202,214683
EE87939,Healthy,203,197348
EE87939,Healthy,204,181174
EE87939,Healthy,205,165897
EE87939,Healthy,206,154610
EE87939,Healthy,207,144992
EE87939,Healthy,208,137173
EE87939,Healthy,209,129732
EE87939,Healthy,210,122640
EE87939,Healthy,211,115459
EE87939,Healthy,212,107016
EE87939,Healthy,213,97849
EE87939,Healthy,214,88859
EE87939,Healthy,215,81430
EE87939,Healthy,216,75316
EE87939,Healthy,217,69403
EE87939,Healthy,218,65162
EE87939,Healthy,219,60861
EE87939,Healthy,220,57253
EE87939,Healthy,221,53500
EE87939,Healthy,222,49847
EE87939,Healthy,223,45873
EE87939,Healthy,224,42140
EE87939,Healthy,225,38073
EE87939,Healthy,226,35268
EE87939,Healthy,227,32396
EE87939,Healthy,228,30373
EE87939,Healthy,229,28464
EE87939,Healthy,230,26826
EE87939,Healthy,231,24934
EE87939,Healthy,232,23513
EE87939,Healthy,233,21711
EE87939,Healthy,234,19800
EE87939,Healthy,235,18336
EE87939,Healthy,236,16889
EE87939,Healthy,237,15763
EE87939,Healthy,238,14754
EE87939,Healthy,239,13126
EE87939,Healthy,240,12511
EE87939,Healthy,241,12012
EE87939,Healthy,242,11389
EE87939,Healthy,243,10498
EE87939,Healthy,244,9863
EE87939,Healthy,245,9636
EE87939,Healthy,246,9021
EE87939,Healthy,247,8781
EE87939,Healthy,248,8067
EE87939,Healthy,249,4340
EE87939,Healthy,250,1657
EE87939,Healthy,251,1604
EE87939,Healthy,252,1508
EE87941,Healthy,78,181
EE87941,Healthy,79,170
EE87941,Healthy,80,175
EE87941,Healthy,81,163
EE87941,Healthy,82,179
EE87941,Healthy,83,253
EE87941,Healthy,84,238
EE87941,Healthy,85,267
EE87941,Healthy,86,281
EE87941,Healthy,87,291
EE87941,Healthy,88,314
EE87941,Healthy,89,422
EE87941,Healthy,90,461
EE87941,Healthy,91,402
EE87941,Healthy,92,462
EE87941,Healthy,93,506
EE87941,Healthy,94,560
EE87941,Healthy,95,607
EE87941,Healthy,96,645
EE87941,Healthy,97,634
EE87941,Healthy,98,741
EE87941,Healthy,99,8407
EE87941,Healthy,100,10576
EE87941,Healthy,101,12209
EE87941,Healthy,102,13133
EE87941,Healthy,103,13418
EE87941,Healthy,104,12899
EE87941,Healthy,105,12449
EE87941,Healthy,106,13777
EE87941,Healthy,107,15352
EE87941,Healthy,108,18182
EE87941,Healthy,109,22394
EE87941,Healthy,110,27662
EE87941,Healthy,111,33094
EE87941,Healthy,112,34547
EE87941,Healthy,113,30147
EE87941,Healthy,114,27272
EE87941,Healthy,115,27663
EE87941,Healthy,116,29722
EE87941,Healthy,117,33025
EE87941,Healthy,118,37129
EE87941,Healthy,119,43958
EE87941,Healthy,120,54223
EE87941,Healthy,121,69785
EE87941,Healthy,122,82645
EE87941,Healthy,123,79715
EE87941,Healthy,124,64011
EE87941,Healthy,125,51237
EE87941,Healthy,126,48595
EE87941,Healthy,127,52260
EE87941,Healthy,128,57737
EE87941,Healthy,129,65525
EE87941,Healthy,130,78764
EE87941,Healthy,131,97526
EE87941,Healthy,132,127082
EE87941,Healthy,133,155423
EE87941,Healthy,134,160033
EE87941,Healthy,135,140871
EE87941,Healthy,136,124152
EE87941,Healthy,137,125100
EE87941,Healthy,138,143147
EE87941,Healthy,139,175823
EE87941,Healthy,140,213936
EE87941,Healthy,141,244551
EE87941,Healthy,142,253909
EE87941,Healthy,143,251595
EE87941,Healthy,144,253699
EE87941,Healthy,145,257055
EE87941,Healthy,146,255851
EE87941,Healthy,147,258633
EE87941,Healthy,148,269062
EE87941,Healthy,149,285303
EE87941,Healthy,150,304520
EE87941,Healthy,151,329797
EE87941,Healthy,152,351245
EE87941,Healthy,153,349373
EE87941,Healthy,154,335717
EE87941,Healthy,155,329768
EE87941,Healthy,156,343732
EE87941,Healthy,157,373802
EE87941,Healthy,158,412667
EE87941,Healthy,159,455437
EE87941,Healthy,160,490688
EE87941,Healthy,161,512665
EE87941,Healthy,162,532942
EE87941,Healthy,163,569000
EE87941,Healthy,164,630979
EE87941,Healthy,165,692612
EE87941,Healthy,166,723011
EE87941,Healthy,167,727121
EE87941,Healthy,168,715358
EE87941,Healthy,169,693954
EE87941,Healthy,170,666101
EE87941,Healthy,171,632141
EE87941,Healthy,172,605036
EE87941,Healthy,173,595197
EE87941,Healthy,174,591870
EE87941,Healthy,175,587001
EE87941,Healthy,176,574480
EE87941,Healthy,177,549249
EE87941,Healthy,178,512659
EE87941,Healthy,179,472566
EE87941,Healthy,180,433371
EE87941,Healthy,181,398162
EE87941,Healthy,182,364887
EE87941,Healthy,183,338595
EE87941,Healthy,184,318960
EE87941,Healthy,185,303906
EE87941,Healthy,186,291858
EE87941,Healthy,187,277641
EE87941,Healthy,188,263815
EE87941,Healthy,189,246326
EE87941,Healthy,190,228967
EE87941,Healthy,191,209235
EE87941,Healthy,192,192491
EE87941,Healthy,193,175689
EE87941,Healthy,194,162079
EE87941,Healthy,195,152134
EE87941,Healthy,196,143768
EE87941,Healthy,197,136867
EE87941,Healthy,198,130532
EE87941,Healthy,199,124438
EE87941,Healthy,200,117054
EE87941,Healthy,201,109517
EE87941,Healthy,202,101073
EE87941,Healthy,203,93216
EE87941,Healthy,204,84786
EE87941,Healthy,205,79197
EE87941,Healthy,206,73796
EE87941,Healthy,207,69559
EE87941,Healthy,208,65536
EE87941,Healthy,209,62182
EE87941,Healthy,210,58440
EE87941,Healthy,211,54812
EE87941,Healthy,212,51045
EE87941,Healthy,213,47255
EE87941,Healthy,214,43426
EE87941,Healthy,215,39673
EE87941,Healthy,216,36947
EE87941,Healthy,217,34339
EE87941,Healthy,218,32488
EE87941,Healthy,219,30862
EE87941,Healthy,220,28786
EE87941,Healthy,221,27193
EE87941,Healthy,222,25122
EE87941,Healthy,223,23038
EE87941,Healthy,224,21484
EE87941,Healthy,225,19584
EE87941,Healthy,226,18259
EE87941,Healthy,227,17016
EE87941,Healthy,228,15919
EE87941,Healthy,229,14970
EE87941,Healthy,230,14175
EE87941,Healthy,231,13232
EE87941,Healthy,232,12430
EE87941,Healthy,233,11579
EE87941,Healthy,234,10751
EE87941,Healthy,235,9937
EE87941,Healthy,236,9130
EE87941,Healthy,237,8659
EE87941,Healthy,238,8205
EE87941,Healthy,239,7869
EE87941,Healthy,240,7678
EE87941,Healthy,241,7119
EE87941,Healthy,242,6930
EE87941,Healthy,243,6618
EE87941,Healthy,244,6238
EE87941,Healthy,245,5908
EE87941,Healthy,246,5653
EE87941,Healthy,247,5348
EE87941,Healthy,248,4916
EE87941,Healthy,249,4984
EE87941,Healthy,250,4879
EE87941,Healthy,251,4688
EE87941,Healthy,252,4657
EE87941,Healthy,253,4461
EE87941,Healthy,254,3967
EE87941,Healthy,255,3780
EE87941,Healthy,256,3677
EE87941,Healthy,257,3638
EE87941,Healthy,258,3420
EE87941,Healthy,259,3536
EE87941,Healthy,260,3342
EE87942,Healthy,85,67
EE87942,Healthy,86,177
EE87942,Healthy,87,191
EE87942,Healthy,88,168
EE87942,Healthy,89,402
EE87942,Healthy,90,480
EE87942,Healthy,91,500
EE87942,Healthy,92,508
EE87942,Healthy,93,489
EE87942,Healthy,94,561
EE87942,Healthy,95,638
EE87942,Healthy,96,623
EE87942,Healthy,97,671
EE87942,Healthy,98,772
EE87942,Healthy,99,7365
EE87942,Healthy,100,8866
EE87942,Healthy,101,9955
EE87942,Healthy,102,10407
EE87942,Healthy,103,10778
EE87942,Healthy,104,10494
EE87942,Healthy,105,10807
EE87942,Healthy,106,11434
EE87942,Healthy,107,12699
EE87942,Healthy,108,14733
EE87942,Healthy,109,17822
EE87942,Healthy,110,21919
EE87942,Healthy,111,25327
EE87942,Healthy,112,26178
EE87942,Healthy,113,23609
EE87942,Healthy,114,21986
EE87942,Healthy,115,22128
EE87942,Healthy,116,23996
EE87942,Healthy,117,26710
EE87942,Healthy,118,30123
EE87942,Healthy,119,35795
EE87942,Healthy,120,45302
EE87942,Healthy,121,59867
EE87942,Healthy,122,71643
EE87942,Healthy,123,70568
EE87942,Healthy,124,56688
EE87942,Healthy,125,45484
EE87942,Healthy,126,43450
EE87942,Healthy,127,46602
EE87942,Healthy,128,52559
EE87942,Healthy,129,60141
EE87942,Healthy,130,73552
EE87942,Healthy,131,95790
EE87942,Healthy,132,128624
EE87942,Healthy,133,160200
EE87942,Healthy,134,168298
EE87942,Healthy,135,147709
EE87942,Healthy,136,128253
EE87942,Healthy,137,132530
EE87942,Healthy,138,155975
EE87942,Healthy,139,195572
EE87942,Healthy,140,244666
EE87942,Healthy,141,284201
EE87942,Healthy,142,296749
EE87942,Healthy,143,293819
EE87942,Healthy,144,297610
EE87942,Healthy,145,303180
EE87942,Healthy,146,302291
EE87942,Healthy,147,305644
EE87942,Healthy,148,319095
EE87942,Healthy,149,340061
EE87942,Healthy,150,370036
EE87942,Healthy,151,405380
EE87942,Healthy,152,436242
EE87942,Healthy,153,436762
EE87942,Healthy,154,415692
EE87942,Healthy,155,410718
EE87942,Healthy,156,430482
EE87942,Healthy,157,473246
EE87942,Healthy,158,524456
EE87942,Healthy,159,584551
EE87942,Healthy,160,629141
EE87942,Healthy,161,657205
EE87942,Healthy,162,682412
EE87942,Healthy,163,731927
EE87942,Healthy,164,810242
EE87942,Healthy,165,889491
EE87942,Healthy,166,926893
EE87942,Healthy,167,933614
EE87942,Healthy,168,921337
EE87942,Healthy,169,893011
EE87942,Healthy,170,851120
EE87942,Healthy,171,802918
EE87942,Healthy,172,763403
EE87942,Healthy,173,743232
EE87942,Healthy,174,735826
EE87942,Healthy,175,730023
EE87942,Healthy,176,711230
EE87942,Healthy,177,681805
EE87942,Healthy,178,638405
EE87942,Healthy,179,588701
EE87942,Healthy,180,540478
EE87942,Healthy,181,492746
EE87942,Healthy,182,453956
EE87942,Healthy,183,418897
EE87942,Healthy,184,394648
EE87942,Healthy,185,374022
EE87942,Healthy,186,357752
EE87942,Healthy,187,343662
EE87942,Healthy,188,326584
EE87942,Healthy,189,305772
EE87942,Healthy,190,282526
EE87942,Healthy,191,259607
EE87942,Healthy,192,235080
EE87942,Healthy,193,214378
EE87942,Healthy,194,197245
EE87942,Healthy,195,184155
EE87942,Healthy,196,171951
EE87942,Healthy,197,164687
EE87942,Healthy,198,156776
EE87942,Healthy,199,148909
EE87942,Healthy,200,139396
EE87942,Healthy,201,129077
EE87942,Healthy,202,119127
EE87942,Healthy,203,109003
EE87942,Healthy,204,99552
EE87942,Healthy,205,92031
EE87942,Healthy,206,85796
EE87942,Healthy,207,80528
EE87942,Healthy,208,75774
EE87942,Healthy,209,71100
EE87942,Healthy,210,67516
EE87942,Healthy,211,62566
EE87942,Healthy,212,57793
EE87942,Healthy,213,53045
EE87942,Healthy,214,48539
EE87942,Healthy,215,44881
EE87942,Healthy,216,40798
EE87942,Healthy,217,38113
EE87942,Healthy,218,35627
EE87942,Healthy,219,33666
EE87942,Healthy,220,31645
EE87942,Healthy,221,29400
EE87942,Healthy,222,27386
EE87942,Healthy,223,25067
EE87942,Healthy,224,23515
EE87942,Healthy,225,21159
EE87942,Healthy,226,19269
EE87942,Healthy,227,17982
EE87942,Healthy,228,17013
EE87942,Healthy,229,15418
EE87942,Healthy,230,14584
EE87942,Healthy,231,13868
EE87942,Healthy,232,12723
EE87942,Healthy,233,11978
EE87942,Healthy,234,11143
EE87942,Healthy,235,10359
EE87942,Healthy,236,9470
EE87942,Healthy,237,8827
EE87942,Healthy,238,8316
EE87942,Healthy,239,8158
EE87942,Healthy,240,7809
EE87942,Healthy,241,7306
EE87942,Healthy,242,7094
EE87942,Healthy,243,6533
EE87942,Healthy,244,5971
EE87942,Healthy,245,5717
EE87942,Healthy,246,5507
EE87942,Healthy,247,5054
EE87942,Healthy,248,4568
EE87942,Healthy,249,4370
EE87942,Healthy,250,4261
EE87942,Healthy,251,1436
EE87942,Healthy,252,1485
EE87942,Healthy,253,1337
EE87943,Healthy,85,7
EE87943,Healthy,86,360
EE87943,Healthy,87,313
EE87943,Healthy,88,322
EE87943,Healthy,89,579
EE87943,Healthy,90,578
EE87943,Healthy,91,590
EE87943,Healthy,92,667
EE87943,Healthy,93,654
EE87943,Healthy,94,745
EE87943,Healthy,95,818
EE87943,Healthy,96,823
EE87943,Healthy,97,911
EE87943,Healthy,98,947
EE87943,Healthy,99,11568
EE87943,Healthy,100,14568
EE87943,Healthy,101,16165
EE87943,Healthy,102,17460
EE87943,Healthy,103,17685
EE87943,Healthy,104,16848
EE87943,Healthy,105,16652
EE87943,Healthy,106,18058
EE87943,Healthy,107,20271
EE87943,Healthy,108,23691
EE87943,Healthy,109,28434
EE87943,Healthy,110,35805
EE87943,Healthy,111,42085
EE87943,Healthy,112,43661
EE87943,Healthy,113,38943
EE87943,Healthy,114,36271
EE87943,Healthy,115,36614
EE87943,Healthy,116,39044
EE87943,Healthy,117,43956
EE87943,Healthy,118,49356
EE87943,Healthy,119,58059
EE87943,Healthy,120,72629
EE87943,Healthy,121,93415
EE87943,Healthy,122,108637
EE87943,Healthy,123,105527
EE87943,Healthy,124,84577
EE87943,Healthy,125,68646
EE87943,Healthy,126,65608
EE87943,Healthy,127,69074
EE87943,Healthy,128,76583
EE87943,Healthy,129,86636
EE87943,Healthy,130,104023
EE87943,Healthy,131,130343
EE87943,Healthy,132,170577
EE87943,Healthy,133,209855
EE87943,Healthy,134,216587
EE87943,Healthy,135,192817
EE87943,Healthy,136,170366
EE87943,Healthy,137,175354
EE87943,Healthy,138,204716
EE87943,Healthy,139,253404
EE87943,Healthy,140,312718
EE87943,Healthy,141,359071
EE87943,Healthy,142,374338
EE87943,Healthy,143,374790
EE87943,Healthy,144,379868
EE87943,Healthy,145,387842
EE87943,Healthy,146,386422
EE87943,Healthy,147,391868
EE87943,Healthy,148,408527
EE87943,Healthy,149,436074
EE87943,Healthy,150,467693
EE87943,Healthy,151,507215
EE87943,Healthy,152,540001
EE87943,Healthy,153,541982
EE87943,Healthy,154,523947
EE87943,Healthy,155,521980
EE87943,Healthy,156,550601
EE87943,Healthy,157,606232
EE87943,Healthy,158,672157
EE87943,Healthy,159,744816
EE87943,Healthy,160,801877
EE87943,Healthy,161,838847
EE87943,Healthy,162,877053
EE87943,Healthy,163,945340
EE87943,Healthy,164,1053957
EE87943,Healthy,165,1159990
EE87943,Healthy,166,1215138
EE87943,Healthy,167,1226996
EE87943,Healthy,168,1217635
EE87943,Healthy,169,1185221
EE87943,Healthy,170,1137426
EE87943,Healthy,171,1081465
EE87943,Healthy,172,1036839
EE87943,Healthy,173,1012786
EE87943,Healthy,174,1008599
EE87943,Healthy,175,1004393
EE87943,Healthy,176,990026
EE87943,Healthy,177,948385
EE87943,Healthy,178,888306
EE87943,Healthy,179,822385
EE87943,Healthy,180,753530
EE87943,Healthy,181,689406
EE87943,Healthy,182,636043
EE87943,Healthy,183,592929
EE87943,Healthy,184,558356
EE87943,Healthy,185,535225
EE87943,Healthy,186,515112
EE87943,Healthy,187,495057
EE87943,Healthy,188,469914
EE87943,Healthy,189,439406
EE87943,Healthy,190,403588
EE87943,Healthy,191,367655
EE87943,Healthy,192,333888
EE87943,Healthy,193,305084
EE87943,Healthy,194,280784
EE87943,Healthy,195,261272
EE87943,Healthy,196,245539
EE87943,Healthy,197,233697
EE87943,Healthy,198,220349
EE87943,Healthy,199,207170
EE87943,Healthy,200,194214
EE87943,Healthy,201,178932
EE87943,Healthy,202,161793
EE87943,Healthy,203,148567
EE87943,Healthy,204,134684
EE87943,Healthy,205,123514
EE87943,Healthy,206,113966
EE87943,Healthy,207,106877
EE87943,Healthy,208,99958
EE87943,Healthy,209,93783
EE87943,Healthy,210,87197
EE87943,Healthy,211,80544
EE87943,Healthy,212,74229
EE87943,Healthy,213,66881
EE87943,Healthy,214,60792
EE87943,Healthy,215,55768
EE87943,Healthy,216,51234
EE87943,Healthy,217,47145
EE87943,Healthy,218,43789
EE87943,Healthy,219,41192
EE87943,Healthy,220,38320
EE87943,Healthy,221,35555
EE87943,Healthy,222,33019
EE87943,Healthy,223,29542
EE87943,Healthy,224,27487
EE87943,Healthy,225,24710
EE87943,Healthy,226,22499
EE87943,Healthy,227,20888
EE87943,Healthy,228,19337
EE87943,Healthy,229,17919
EE87943,Healthy,230,16961
EE87943,Healthy,231,15562
EE87943,Healthy,232,14485
EE87943,Healthy,233,13291
EE87943,Healthy,234,12346
EE87943,Healthy,235,11212
EE87943,Healthy,236,10312
EE87943,Healthy,237,9798
EE87943,Healthy,238,9048
EE87943,Healthy,239,8535
EE87943,Healthy,240,8334
EE87943,Healthy,241,7866
EE87943,Healthy,242,7441
EE87943,Healthy,243,6985
EE87943,Healthy,244,6787
EE87943,Healthy,245,6130
EE87943,Healthy,246,5995
EE87943,Healthy,247,5519
EE87943,Healthy,248,5014
EE87943,Healthy,249,4837
EE87943,Healthy,250,4574
EE87943,Healthy,251,312
EE87943,Healthy,252,335
EE87943,Healthy,253,308
EE87944,Healthy,82,219
EE87944,Healthy,83,269
EE87944,Healthy,84,338
EE87944,Healthy,85,333
EE87944,Healthy,86,451
EE87944,Healthy,87,476
EE87944,Healthy,88,537
EE87944,Healthy,89,582
EE87944,Healthy,90,623
EE87944,Healthy,91,673
EE87944,Healthy,92,728
EE87944,Healthy,93,903
EE87944,Healthy,94,886
EE87944,Healthy,95,987
EE87944,Healthy,96,1028
EE87944,Healthy,97,1054
EE87944,Healthy,98,1256
EE87944,Healthy,99,13819
EE87944,Healthy,100,17163
EE87944,Healthy,101,19574
EE87944,Healthy,102,20779
EE87944,Healthy,103,21453
EE87944,Healthy,104,20849
EE87944,Healthy,105,20516
EE87944,Healthy,106,22322
EE87944,Healthy,107,25497
EE87944,Healthy,108,29006
EE87944,Healthy,109,34648
EE87944,Healthy,110,42266
EE87944,Healthy,111,49331
EE87944,Healthy,112,50909
EE87944,Healthy,113,46474
EE87944,Healthy,114,42740
EE87944,Healthy,115,43332
EE87944,Healthy,116,47372
EE87944,Healthy,117,52764
EE87944,Healthy,118,58983
EE87944,Healthy,119,68204
EE87944,Healthy,120,84706
EE87944,Healthy,121,109325
EE87944,Healthy,122,127633
EE87944,Healthy,123,124009
EE87944,Healthy,124,100140
EE87944,Healthy,125,82929
EE87944,Healthy,126,80277
EE87944,Healthy,127,87257
EE87944,Healthy,128,97548
EE87944,Healthy,129,110543
EE87944,Healthy,130,133922
EE87944,Healthy,131,168565
EE87944,Healthy,132,217544
EE87944,Healthy,133,264591
EE87944,Healthy,134,273729
EE87944,Healthy,135,246002
EE87944,Healthy,136,224897
EE87944,Healthy,137,238718
EE87944,Healthy,138,283035
EE87944,Healthy,139,346008
EE87944,Healthy,140,414410
EE87944,Healthy,141,466468
EE87944,Healthy,142,486032
EE87944,Healthy,143,486009
EE87944,Healthy,144,489824
EE87944,Healthy,145,493881
EE87944,Healthy,146,490606
EE87944,Healthy,147,498784
EE87944,Healthy,148,521539
EE87944,Healthy,149,552966
EE87944,Healthy,150,584664
EE87944,Healthy,151,622756
EE87944,Healthy,152,656333
EE87944,Healthy,153,654843
EE87944,Healthy,154,632542
EE87944,Healthy,155,633835
EE87944,Healthy,156,666507
EE87944,Healthy,157,727464
EE87944,Healthy,158,801705
EE87944,Healthy,159,877265
EE87944,Healthy,160,936572
EE87944,Healthy,161,978754
EE87944,Healthy,162,1027537
EE87944,Healthy,163,1120853
EE87944,Healthy,164,1255371
EE87944,Healthy,165,1371139
EE87944,Healthy,166,1403064
EE87944,Healthy,167,1372261
EE87944,Healthy,168,1319598
EE87944,Healthy,169,1250273
EE87944,Healthy,170,1167520
EE87944,Healthy,171,1081830
EE87944,Healthy,172,1010984
EE87944,Healthy,173,963855
EE87944,Healthy,174,928552
EE87944,Healthy,175,898145
EE87944,Healthy,176,857748
EE87944,Healthy,177,799075
EE87944,Healthy,178,728372
EE87944,Healthy,179,656788
EE87944,Healthy,180,591076
EE87944,Healthy,181,529718
EE87944,Healthy,182,477486
EE87944,Healthy,183,434021
EE87944,Healthy,184,400752
EE87944,Healthy,185,374356
EE87944,Healthy,186,353081
EE87944,Healthy,187,332273
EE87944,Healthy,188,309906
EE87944,Healthy,189,285202
EE87944,Healthy,190,260877
EE87944,Healthy,191,235404
EE87944,Healthy,192,212047
EE87944,Healthy,193,192286
EE87944,Healthy,194,174783
EE87944,Healthy,195,160540
EE87944,Healthy,196,149456
EE87944,Healthy,197,140409
EE87944,Healthy,198,131397
EE87944,Healthy,199,123205
EE87944,Healthy,200,115561
EE87944,Healthy,201,105177
EE87944,Healthy,202,95568
EE87944,Healthy,203,86194
EE87944,Healthy,204,78735
EE87944,Healthy,205,71939
EE87944,Healthy,206,66493
EE87944,Healthy,207,61750
EE87944,Healthy,208,58092
EE87944,Healthy,209,53996
EE87944,Healthy,210,50554
EE87944,Healthy,211,46511
EE87944,Healthy,212,42568
EE87944,Healthy,213,39182
EE87944,Healthy,214,35083
EE87944,Healthy,215,32125
EE87944,Healthy,216,29503
EE87944,Healthy,217,26999
EE87944,Healthy,218,25406
EE87944,Healthy,219,23697
EE87944,Healthy,220,22057
EE87944,Healthy,221,20647
EE87944,Healthy,222,18968
EE87944,Healthy,223,17121
EE87944,Healthy,224,15899
EE87944,Healthy,225,14428
EE87944,Healthy,226,13283
EE87944,Healthy,227,12246
EE87944,Healthy,228,11531
EE87944,Healthy,229,11062
EE87944,Healthy,230,10252
EE87944,Healthy,231,9610
EE87944,Healthy,232,9055
EE87944,Healthy,233,8311
EE87944,Healthy,234,7689
EE87944,Healthy,235,7221
EE87944,Healthy,236,6781
EE87944,Healthy,237,6286
EE87944,Healthy,238,6095
EE87944,Healthy,239,5908
EE87944,Healthy,240,5730
EE87944,Healthy,241,5600
EE87944,Healthy,242,5381
EE87944,Healthy,243,4643
EE87944,Healthy,244,4320
EE87944,Healthy,245,3957
EE87945,Healthy,80,2
EE87945,Healthy,81,1
EE87945,Healthy,82,2
EE87945,Healthy,83,25
EE87945,Healthy,84,291
EE87945,Healthy,85,302
EE87945,Healthy,86,402
EE87945,Healthy,87,403
EE87945,Healthy,88,400
EE87945,Healthy,89,480
EE87945,Healthy,90,510
EE87945,Healthy,91,506
EE87945,Healthy,92,569
EE87945,Healthy,93,607
EE87945,Healthy,94,626
EE87945,Healthy,95,710
EE87945,Healthy,96,780
EE87945,Healthy,97,738
EE87945,Healthy,98,964
EE87945,Healthy,99,12462
EE87945,Healthy,100,15332
EE87945,Healthy,101,17321
EE87945,Healthy,102,18168
EE87945,Healthy,103,18814
EE87945,Healthy,104,18442
EE87945,Healthy,105,18227
EE87945,Healthy,106,19659
EE87945,Healthy,107,22157
EE87945,Healthy,108,25891
EE87945,Healthy,109,30945
EE87945,Healthy,110,38970
EE87945,Healthy,111,45869
EE87945,Healthy,112,47006
EE87945,Healthy,113,41710
EE87945,Healthy,114,37857
EE87945,Healthy,115,38038
EE87945,Healthy,116,40961
EE87945,Healthy,117,45341
EE87945,Healthy,118,51449
EE87945,Healthy,119,59635
EE87945,Healthy,120,75524
EE87945,Healthy,121,97975
EE87945,Healthy,122,116065
EE87945,Healthy,123,111676
EE87945,Healthy,124,88430
EE87945,Healthy,125,70409
EE87945,Healthy,126,66461
EE87945,Healthy,127,70737
EE87945,Healthy,128,79179
EE87945,Healthy,129,89834
EE87945,Healthy,130,109299
EE87945,Healthy,131,138711
EE87945,Healthy,132,185110
EE87945,Healthy,133,229762
EE87945,Healthy,134,237190
EE87945,Healthy,135,207559
EE87945,Healthy,136,180497
EE87945,Healthy,137,184534
EE87945,Healthy,138,218907
EE87945,Healthy,139,272505
EE87945,Healthy,140,336994
EE87945,Healthy,141,385946
EE87945,Healthy,142,399131
EE87945,Healthy,143,392812
EE87945,Healthy,144,395775
EE87945,Healthy,145,401329
EE87945,Healthy,146,396021
EE87945,Healthy,147,398046
EE87945,Healthy,148,413928
EE87945,Healthy,149,441080
EE87945,Healthy,150,473820
EE87945,Healthy,151,515098
EE87945,Healthy,152,549633
EE87945,Healthy,153,547478
EE87945,Healthy,154,520787
EE87945,Healthy,155,511555
EE87945,Healthy,156,537685
EE87945,Healthy,157,588531
EE87945,Healthy,158,656313
EE87945,Healthy,159,724772
EE87945,Healthy,160,777744
EE87945,Healthy,161,808098
EE87945,Healthy,162,840701
EE87945,Healthy,163,903831
EE87945,Healthy,164,1009026
EE87945,Healthy,165,1106990
EE87945,Healthy,166,1152942
EE87945,Healthy,167,1151796
EE87945,Healthy,168,1128895
EE87945,Healthy,169,1085300
EE87945,Healthy,170,1025897
EE87945,Healthy,171,961049
EE87945,Healthy,172,909847
EE87945,Healthy,173,880597
EE87945,Healthy,174,867987
EE87945,Healthy,175,857046
EE87945,Healthy,176,834470
EE87945,Healthy,177,795695
EE87945,Healthy,178,742020
EE87945,Healthy,179,681629
EE87945,Healthy,180,622242
EE87945,Healthy,181,565897
EE87945,Healthy,182,516478
EE87945,Healthy,183,478162
EE87945,Healthy,184,446892
EE87945,Healthy,185,422887
EE87945,Healthy,186,404721
EE87945,Healthy,187,387157
EE87945,Healthy,188,366588
EE87945,Healthy,189,342001
EE87945,Healthy,190,314979
EE87945,Healthy,191,287932
EE87945,Healthy,192,260595
EE87945,Healthy,193,238062
EE87945,Healthy,194,218310
EE87945,Healthy,195,202452
EE87945,Healthy,196,190962
EE87945,Healthy,197,180098
EE87945,Healthy,198,171436
EE87945,Healthy,199,163536
EE87945,Healthy,200,152384
EE87945,Healthy,201,141777
EE87945,Healthy,202,129421
EE87945,Healthy,203,118136
EE87945,Healthy,204,108784
EE87945,Healthy,205,99469
EE87945,Healthy,206,92721
EE87945,Healthy,207,86709
EE87945,Healthy,208,81246
EE87945,Healthy,209,76666
EE87945,Healthy,210,72478
EE87945,Healthy,211,67426
EE87945,Healthy,212,62322
EE87945,Healthy,213,56859
EE87945,Healthy,214,51440
EE87945,Healthy,215,47278
EE87945,Healthy,216,43628
EE87945,Healthy,217,40546
EE87945,Healthy,218,37617
EE87945,Healthy,219,35418
EE87945,Healthy,220,33311
EE87945,Healthy,221,30748
EE87945,Healthy,222,28958
EE87945,Healthy,223,26115
EE87945,Healthy,224,23889
EE87945,Healthy,225,21854
EE87945,Healthy,226,20062
EE87945,Healthy,227,18571
EE87945,Healthy,228,17342
EE87945,Healthy,229,16103
EE87945,Healthy,230,15181
EE87945,Healthy,231,14036
EE87945,Healthy,232,13344
EE87945,Healthy,233,12432
EE87945,Healthy,234,11291
EE87945,Healthy,235,10304
EE87945,Healthy,236,9544
EE87945,Healthy,237,9169
EE87945,Healthy,238,8538
EE87945,Healthy,239,8184
EE87945,Healthy,240,8063
EE87945,Healthy,241,7590
EE87945,Healthy,242,7212
EE87945,Healthy,243,6696
EE87945,Healthy,244,6480
EE87945,Healthy,245,6006
EE87945,Healthy,246,5360
EE87945,Healthy,247,5054
EE87945,Healthy,248,4837
EE87945,Healthy,249,3306
EE87945,Healthy,250,3366
EE87945,Healthy,251,3149
EE87945,Healthy,252,270
EE87945,Healthy,253,250
EE87945,Healthy,254,272
EE87945,Healthy,255,250
EE87946,Healthy,81,6
EE87946,Healthy,82,7
EE87946,Healthy,83,8
EE87946,Healthy,84,25
EE87946,Healthy,85,279
EE87946,Healthy,86,337
EE87946,Healthy,87,326
EE87946,Healthy,88,417
EE87946,Healthy,89,560
EE87946,Healthy,90,492
EE87946,Healthy,91,599
EE87946,Healthy,92,559
EE87946,Healthy,93,654
EE87946,Healthy,94,727
EE87946,Healthy,95,774
EE87946,Healthy,96,736
EE87946,Healthy,97,813
EE87946,Healthy,98,888
EE87946,Healthy,99,10650
EE87946,Healthy,100,12918
EE87946,Healthy,101,14143
EE87946,Healthy,102,14988
EE87946,Healthy,103,15421
EE87946,Healthy,104,14989
EE87946,Healthy,105,15198
EE87946,Healthy,106,16481
EE87946,Healthy,107,18627
EE87946,Healthy,108,21250
EE87946,Healthy,109,25687
EE87946,Healthy,110,31304
EE87946,Healthy,111,36616
EE87946,Healthy,112,37435
EE87946,Healthy,113,33193
EE87946,Healthy,114,29986
EE87946,Healthy,115,30776
EE87946,Healthy,116,33575
EE87946,Healthy,117,37148
EE87946,Healthy,118,42052
EE87946,Healthy,119,49588
EE87946,Healthy,120,62821
EE87946,Healthy,121,83317
EE87946,Healthy,122,99862
EE87946,Healthy,123,97392
EE87946,Healthy,124,76850
EE87946,Healthy,125,59894
EE87946,Healthy,126,56500
EE87946,Healthy,127,61047
EE87946,Healthy,128,68266
EE87946,Healthy,129,78530
EE87946,Healthy,130,98255
EE87946,Healthy,131,128038
EE87946,Healthy,132,172502
EE87946,Healthy,133,216135
EE87946,Healthy,134,224301
EE87946,Healthy,135,195840
EE87946,Healthy,136,172155
EE87946,Healthy,137,177805
EE87946,Healthy,138,210422
EE87946,Healthy,139,263175
EE87946,Healthy,140,328790
EE87946,Healthy,141,377343
EE87946,Healthy,142,391614
EE87946,Healthy,143,384379
EE87946,Healthy,144,386598
EE87946,Healthy,145,391942
EE87946,Healthy,146,391286
EE87946,Healthy,147,395092
EE87946,Healthy,148,415487
EE87946,Healthy,149,442864
EE87946,Healthy,150,477056
EE87946,Healthy,151,522056
EE87946,Healthy,152,561930
EE87946,Healthy,153,559571
EE87946,Healthy,154,531883
EE87946,Healthy,155,527377
EE87946,Healthy,156,556720
EE87946,Healthy,157,611864
EE87946,Healthy,158,683809
EE87946,Healthy,159,757148
EE87946,Healthy,160,809864
EE87946,Healthy,161,839039
EE87946,Healthy,162,869137
EE87946,Healthy,163,931964
EE87946,Healthy,164,1036593
EE87946,Healthy,165,1134960
EE87946,Healthy,166,1177081
EE87946,Healthy,167,1176217
EE87946,Healthy,168,1154375
EE87946,Healthy,169,1114104
EE87946,Healthy,170,1055590
EE87946,Healthy,171,988155
EE87946,Healthy,172,934782
EE87946,Healthy,173,901445
EE87946,Healthy,174,886648
EE87946,Healthy,175,876280
EE87946,Healthy,176,855371
EE87946,Healthy,177,818544
EE87946,Healthy,178,772017
EE87946,Healthy,179,713992
EE87946,Healthy,180,654850
EE87946,Healthy,181,598228
EE87946,Healthy,182,546209
EE87946,Healthy,183,504554
EE87946,Healthy,184,472702
EE87946,Healthy,185,448945
EE87946,Healthy,186,431458
EE87946,Healthy,187,413739
EE87946,Healthy,188,394359
EE87946,Healthy,189,371354
EE87946,Healthy,190,342536
EE87946,Healthy,191,314976
EE87946,Healthy,192,285679
EE87946,Healthy,193,260718
EE87946,Healthy,194,239345
EE87946,Healthy,195,222694
EE87946,Healthy,196,209260
EE87946,Healthy,197,197570
EE87946,Healthy,198,188958
EE87946,Healthy,199,179611
EE87946,Healthy,200,169193
EE87946,Healthy,201,157566
EE87946,Healthy,202,144190
EE87946,Healthy,203,132058
EE87946,Healthy,204,120002
EE87946,Healthy,205,109779
EE87946,Healthy,206,102146
EE87946,Healthy,207,96200
EE87946,Healthy,208,89885
EE87946,Healthy,209,85264
EE87946,Healthy,210,80113
EE87946,Healthy,211,74965
EE87946,Healthy,212,69246
EE87946,Healthy,213,62925
EE87946,Healthy,214,57127
EE87946,Healthy,215,52655
EE87946,Healthy,216,47987
EE87946,Healthy,217,44933
EE87946,Healthy,218,41710
EE87946,Healthy,219,39012
EE87946,Healthy,220,36959
EE87946,Healthy,221,34149
EE87946,Healthy,222,31784
EE87946,Healthy,223,29054
EE87946,Healthy,224,26451
EE87946,Healthy,225,24293
EE87946,Healthy,226,22393
EE87946,Healthy,227,20439
EE87946,Healthy,228,19302
EE87946,Healthy,229,17987
EE87946,Healthy,230,16700
EE87946,Healthy,231,15688
EE87946,Healthy,232,14572
EE87946,Healthy,233,13507
EE87946,Healthy,234,12385
EE87946,Healthy,235,11488
EE87946,Healthy,236,10461
EE87946,Healthy,237,9774
EE87946,Healthy,238,9109
EE87946,Healthy,239,8739
EE87946,Healthy,240,8546
EE87946,Healthy,241,8271
EE87946,Healthy,242,7682
EE87946,Healthy,243,7287
EE87946,Healthy,244,6860
EE87946,Healthy,245,6609
EE87946,Healthy,246,6160
EE87946,Healthy,247,5425
EE87946,Healthy,248,5138
EE87946,Healthy,249,4941
EE87946,Healthy,250,1248
EE87946,Healthy,251,1237
EE87946,Healthy,252,1206
EE87947,Healthy,81,2
EE87947,Healthy,83,32
EE87947,Healthy,84,53
EE87947,Healthy,85,61
EE87947,Healthy,86,570
EE87947,Healthy,87,508
EE87947,Healthy,88,577
EE87947,Healthy,89,666
EE87947,Healthy,90,691
EE87947,Healthy,91,757
EE87947,Healthy,92,737
EE87947,Healthy,93,844
EE87947,Healthy,94,888
EE87947,Healthy,95,1042
EE87947,Healthy,96,1010
EE87947,Healthy,97,1078
EE87947,Healthy,98,1159
EE87947,Healthy,99,13175
EE87947,Healthy,100,16138
EE87947,Healthy,101,17968
EE87947,Healthy,102,19054
EE87947,Healthy,103,19542
EE87947,Healthy,104,19137
EE87947,Healthy,105,18978
EE87947,Healthy,106,20917
EE87947,Healthy,107,23371
EE87947,Healthy,108,27259
EE87947,Healthy,109,32708
EE87947,Healthy,110,40174
EE87947,Healthy,111,47050
EE87947,Healthy,112,47282
EE87947,Healthy,113,42535
EE87947,Healthy,114,38540
EE87947,Healthy,115,39332
EE87947,Healthy,116,42830
EE87947,Healthy,117,48182
EE87947,Healthy,118,54191
EE87947,Healthy,119,63366
EE87947,Healthy,120,80694
EE87947,Healthy,121,106408
EE87947,Healthy,122,129068
EE87947,Healthy,123,125002
EE87947,Healthy,124,98544
EE87947,Healthy,125,77949
EE87947,Healthy,126,73152
EE87947,Healthy,127,78887
EE87947,Healthy,128,88200
EE87947,Healthy,129,102015
EE87947,Healthy,130,127275
EE87947,Healthy,131,165438
EE87947,Healthy,132,223523
EE87947,Healthy,133,279461
EE87947,Healthy,134,290960
EE87947,Healthy,135,253060
EE87947,Healthy,136,224352
EE87947,Healthy,137,231297
EE87947,Healthy,138,273321
EE87947,Healthy,139,344506
EE87947,Healthy,140,429252
EE87947,Healthy,141,494827
EE87947,Healthy,142,512455
EE87947,Healthy,143,506343
EE87947,Healthy,144,510370
EE87947,Healthy,145,518399
EE87947,Healthy,146,516761
EE87947,Healthy,147,524762
EE87947,Healthy,148,549937
EE87947,Healthy,149,590558
EE87947,Healthy,150,636494
EE87947,Healthy,151,699709
EE87947,Healthy,152,750837
EE87947,Healthy,153,749787
EE87947,Healthy,154,715685
EE87947,Healthy,155,710461
EE87947,Healthy,156,750930
EE87947,Healthy,157,826208
EE87947,Healthy,158,923398
EE87947,Healthy,159,1024504
EE87947,Healthy,160,1102074
EE87947,Healthy,161,1146615
EE87947,Healthy,162,1188776
EE87947,Healthy,163,1276965
EE87947,Healthy,164,1422942
EE87947,Healthy,165,1559592
EE87947,Healthy,166,1623665
EE87947,Healthy,167,1624408
EE87947,Healthy,168,1598794
EE87947,Healthy,169,1544628
EE87947,Healthy,170,1469671
EE87947,Healthy,171,1381552
EE87947,Healthy,172,1306787
EE87947,Healthy,173,1265807
EE87947,Healthy,174,1244864
EE87947,Healthy,175,1231020
EE87947,Healthy,176,1209393
EE87947,Healthy,177,1161793
EE87947,Healthy,178,1094820
EE87947,Healthy,179,1017884
EE87947,Healthy,180,939576
EE87947,Healthy,181,856961
EE87947,Healthy,182,788271
EE87947,Healthy,183,728307
EE87947,Healthy,184,682889
EE87947,Healthy,185,653570
EE87947,Healthy,186,627314
EE87947,Healthy,187,604352
EE87947,Healthy,188,577782
EE87947,Healthy,189,545573
EE87947,Healthy,190,506497
EE87947,Healthy,191,465327
EE87947,Healthy,192,424254
EE87947,Healthy,193,388888
EE87947,Healthy,194,357152
EE87947,Healthy,195,332277
EE87947,Healthy,196,314232
EE87947,Healthy,197,298323
EE87947,Healthy,198,284846
EE87947,Healthy,199,271833
EE87947,Healthy,200,256221
EE87947,Healthy,201,239275
EE87947,Healthy,202,220147
EE87947,Healthy,203,201301
EE87947,Healthy,204,184772
EE87947,Healthy,205,169502
EE87947,Healthy,206,158592
EE87947,Healthy,207,147923
EE87947,Healthy,208,140058
EE87947,Healthy,209,132471
EE87947,Healthy,210,125353
EE87947,Healthy,211,117135
EE87947,Healthy,212,108068
EE87947,Healthy,213,99273
EE87947,Healthy,214,90725
EE87947,Healthy,215,83206
EE87947,Healthy,216,76263
EE87947,Healthy,217,70677
EE87947,Healthy,218,66492
EE87947,Healthy,219,62787
EE87947,Healthy,220,58662
EE87947,Healthy,221,55039
EE87947,Healthy,222,50672
EE87947,Healthy,223,46932
EE87947,Healthy,224,42941
EE87947,Healthy,225,39149
EE87947,Healthy,226,36075
EE87947,Healthy,227,33238
EE87947,Healthy,228,31320
EE87947,Healthy,229,29192
EE87947,Healthy,230,27859
EE87947,Healthy,231,26187
EE87947,Healthy,232,24211
EE87947,Healthy,233,22095
EE87947,Healthy,234,20697
EE87947,Healthy,235,18868
EE87947,Healthy,236,17556
EE87947,Healthy,237,16633
EE87947,Healthy,238,15483
EE87947,Healthy,239,14813
EE87947,Healthy,240,14501
EE87947,Healthy,241,13827
EE87947,Healthy,242,13241
EE87947,Healthy,243,12706
EE87947,Healthy,244,11712
EE87947,Healthy,245,11223
EE87947,Healthy,246,10754
EE87947,Healthy,247,10250
EE87947,Healthy,248,9007
EE87947,Healthy,249,8749
EE87947,Healthy,250,8563
EE87947,Healthy,251,8327
EE87947,Healthy,252,8219
EE87947,Healthy,253,8118
EE87947,Healthy,254,8073
EE87947,Healthy,255,3433
EE87947,Healthy,256,3308
EE87947,Healthy,257,3362
EE87947,Healthy,258,3175
EE87947,Healthy,259,93
EE87947,Healthy,260,111
EE87947,Healthy,261,99
EE87948,Healthy,89,92
EE87948,Healthy,90,87
EE87948,Healthy,91,94
EE87948,Healthy,92,380
EE87948,Healthy,93,371
EE87948,Healthy,94,456
EE87948,Healthy,95,640
EE87948,Healthy,96,637
EE87948,Healthy,97,662
EE87948,Healthy,98,738
EE87948,Healthy,99,6812
EE87948,Healthy,100,8199
EE87948,Healthy,101,8826
EE87948,Healthy,102,9600
EE87948,Healthy,103,9916
EE87948,Healthy,104,9810
EE87948,Healthy,105,10164
EE87948,Healthy,106,11191
EE87948,Healthy,107,12641
EE87948,Healthy,108,14390
EE87948,Healthy,109,16700
EE87948,Healthy,110,19650
EE87948,Healthy,111,22987
EE87948,Healthy,112,23298
EE87948,Healthy,113,21509
EE87948,Healthy,114,20308
EE87948,Healthy,115,20744
EE87948,Healthy,116,22876
EE87948,Healthy,117,25099
EE87948,Healthy,118,28803
EE87948,Healthy,119,33338
EE87948,Healthy,120,42593
EE87948,Healthy,121,54851
EE87948,Healthy,122,66067
EE87948,Healthy,123,65502
EE87948,Healthy,124,52878
EE87948,Healthy,125,43290
EE87948,Healthy,126,41328
EE87948,Healthy,127,45002
EE87948,Healthy,128,49934
EE87948,Healthy,129,58263
EE87948,Healthy,130,72382
EE87948,Healthy,131,94342
EE87948,Healthy,132,127374
EE87948,Healthy,133,162283
EE87948,Healthy,134,169803
EE87948,Healthy,135,151643
EE87948,Healthy,136,136275
EE87948,Healthy,137,143169
EE87948,Healthy,138,171443
EE87948,Healthy,139,216345
EE87948,Healthy,140,270052
EE87948,Healthy,141,312835
EE87948,Healthy,142,330016
EE87948,Healthy,143,331068
EE87948,Healthy,144,339331
EE87948,Healthy,145,349986
EE87948,Healthy,146,352265
EE87948,Healthy,147,360474
EE87948,Healthy,148,380548
EE87948,Healthy,149,407657
EE87948,Healthy,150,441608
EE87948,Healthy,151,482429
EE87948,Healthy,152,516759
EE87948,Healthy,153,516921
EE87948,Healthy,154,494217
EE87948,Healthy,155,490198
EE87948,Healthy,156,517473
EE87948,Healthy,157,568486
EE87948,Healthy,158,635961
EE87948,Healthy,159,704037
EE87948,Healthy,160,756944
EE87948,Healthy,161,791103
EE87948,Healthy,162,824668
EE87948,Healthy,163,890485
EE87948,Healthy,164,995071
EE87948,Healthy,165,1093611
EE87948,Healthy,166,1139839
EE87948,Healthy,167,1146478
EE87948,Healthy,168,1132567
EE87948,Healthy,169,1092875
EE87948,Healthy,170,1038816
EE87948,Healthy,171,976329
EE87948,Healthy,172,921270
EE87948,Healthy,173,886750
EE87948,Healthy,174,871240
EE87948,Healthy,175,859588
EE87948,Healthy,176,833074
EE87948,Healthy,177,792417
EE87948,Healthy,178,733503
EE87948,Healthy,179,669809
EE87948,Healthy,180,606438
EE87948,Healthy,181,547154
EE87948,Healthy,182,494254
EE87948,Healthy,183,451609
EE87948,Healthy,184,419303
EE87948,Healthy,185,393736
EE87948,Healthy,186,373166
EE87948,Healthy,187,352739
EE87948,Healthy,188,332213
EE87948,Healthy,189,307531
EE87948,Healthy,190,281283
EE87948,Healthy,191,253070
EE87948,Healthy,192,230023
EE87948,Healthy,193,207480
EE87948,Healthy,194,188622
EE87948,Healthy,195,173825
EE87948,Healthy,196,161890
EE87948,Healthy,197,153139
EE87948,Healthy,198,144612
EE87948,Healthy,199,136626
EE87948,Healthy,200,128263
EE87948,Healthy,201,118704
EE87948,Healthy,202,108345
EE87948,Healthy,203,98821
EE87948,Healthy,204,90699
EE87948,Healthy,205,82732
EE87948,Healthy,206,76843
EE87948,Healthy,207,71944
EE87948,Healthy,208,67566
EE87948,Healthy,209,63926
EE87948,Healthy,210,60344
EE87948,Healthy,211,55937
EE87948,Healthy,212,52176
EE87948,Healthy,213,47269
EE87948,Healthy,214,43231
EE87948,Healthy,215,39509
EE87948,Healthy,216,36500
EE87948,Healthy,217,33970
EE87948,Healthy,218,31442
EE87948,Healthy,219,29846
EE87948,Healthy,220,27846
EE87948,Healthy,221,26138
EE87948,Healthy,222,23981
EE87948,Healthy,223,22030
EE87948,Healthy,224,20256
EE87948,Healthy,225,18562
EE87948,Healthy,226,16825
EE87948,Healthy,227,15595
EE87948,Healthy,228,14659
EE87948,Healthy,229,13842
EE87948,Healthy,230,13153
EE87948,Healthy,231,12315
EE87948,Healthy,232,11556
EE87948,Healthy,233,10644
EE87948,Healthy,234,9939
EE87948,Healthy,235,9054
EE87948,Healthy,236,8595
EE87948,Healthy,237,8051
EE87948,Healthy,238,7717
EE87948,Healthy,239,7433
EE87948,Healthy,240,6715
EE87948,Healthy,241,6667
EE87948,Healthy,242,6104
EE87948,Healthy,243,1121
EE87948,Healthy,244,973
EE87948,Healthy,245,875
EE87948,Healthy,246,221
EE87949,Healthy,85,573
EE87949,Healthy,86,674
EE87949,Healthy,87,696
EE87949,Healthy,88,725
EE87949,Healthy,89,783
EE87949,Healthy,90,785
EE87949,Healthy,91,1144
EE87949,Healthy,92,1188
EE87949,Healthy,93,1260
EE87949,Healthy,94,1323
EE87949,Healthy,95,1428
EE87949,Healthy,96,1404
EE87949,Healthy,97,1534
EE87949,Healthy,98,1597
EE87949,Healthy,99,11180
EE87949,Healthy,100,13058
EE87949,Healthy,101,14325
EE87949,Healthy,102,15212
EE87949,Healthy,103,15624
EE87949,Healthy,104,15295
EE87949,Healthy,105,15501
EE87949,Healthy,106,16756
EE87949,Healthy,107,18991
EE87949,Healthy,108,21480
EE87949,Healthy,109,24936
EE87949,Healthy,110,29534
EE87949,Healthy,111,34055
EE87949,Healthy,112,35197
EE87949,Healthy,113,32348
EE87949,Healthy,114,30310
EE87949,Healthy,115,31492
EE87949,Healthy,116,34093
EE87949,Healthy,117,37648
EE87949,Healthy,118,42192
EE87949,Healthy,119,49004
EE87949,Healthy,120,61791
EE87949,Healthy,121,81579
EE87949,Healthy,122,98656
EE87949,Healthy,123,97132
EE87949,Healthy,124,79180
EE87949,Healthy,125,65162
EE87949,Healthy,126,64442
EE87949,Healthy,127,70674
EE87949,Healthy,128,80127
EE87949,Healthy,129,93025
EE87949,Healthy,130,114756
EE87949,Healthy,131,150164
EE87949,Healthy,132,201941
EE87949,Healthy,133,251171
EE87949,Healthy,134,264141
EE87949,Healthy,135,235503
EE87949,Healthy,136,210592
EE87949,Healthy,137,220849
EE87949,Healthy,138,260164
EE87949,Healthy,139,319887
EE87949,Healthy,140,390120
EE87949,Healthy,141,442839
EE87949,Healthy,142,457451
EE87949,Healthy,143,452094
EE87949,Healthy,144,453641
EE87949,Healthy,145,455398
EE87949,Healthy,146,451881
EE87949,Healthy,147,453435
EE87949,Healthy,148,472299
EE87949,Healthy,149,503309
EE87949,Healthy,150,542715
EE87949,Healthy,151,588925
EE87949,Healthy,152,628672
EE87949,Healthy,153,625918
EE87949,Healthy,154,605329
EE87949,Healthy,155,604988
EE87949,Healthy,156,641640
EE87949,Healthy,157,704878
EE87949,Healthy,158,781361
EE87949,Healthy,159,856292
EE87949,Healthy,160,912684
EE87949,Healthy,161,947859
EE87949,Healthy,162,994846
EE87949,Healthy,163,1084331
EE87949,Healthy,164,1220192
EE87949,Healthy,165,1333323
EE87949,Healthy,166,1357885
EE87949,Healthy,167,1321088
EE87949,Healthy,168,1256210
EE87949,Healthy,169,1174460
EE87949,Healthy,170,1083682
EE87949,Healthy,171,994898
EE87949,Healthy,172,919729
EE87949,Healthy,173,869042
EE87949,Healthy,174,832549
EE87949,Healthy,175,796670
EE87949,Healthy,176,752917
EE87949,Healthy,177,696595
EE87949,Healthy,178,633912
EE87949,Healthy,179,571234
EE87949,Healthy,180,512859
EE87949,Healthy,181,456552
EE87949,Healthy,182,409565
EE87949,Healthy,183,371872
EE87949,Healthy,184,341898
EE87949,Healthy,185,318696
EE87949,Healthy,186,297562
EE87949,Healthy,187,279435
EE87949,Healthy,188,260924
EE87949,Healthy,189,241943
EE87949,Healthy,190,220227
EE87949,Healthy,191,200906
EE87949,Healthy,192,181809
EE87949,Healthy,193,164969
EE87949,Healthy,194,150885
EE87949,Healthy,195,139276
EE87949,Healthy,196,130344
EE87949,Healthy,197,123681
EE87949,Healthy,198,118090
EE87949,Healthy,199,111920
EE87949,Healthy,200,105870
EE87949,Healthy,201,98426
EE87949,Healthy,202,91015
EE87949,Healthy,203,83623
EE87949,Healthy,204,77000
EE87949,Healthy,205,70159
EE87949,Healthy,206,65724
EE87949,Healthy,207,61228
EE87949,Healthy,208,57816
EE87949,Healthy,209,54925
EE87949,Healthy,210,51194
EE87949,Healthy,211,48154
EE87949,Healthy,212,44404
EE87949,Healthy,213,40012
EE87949,Healthy,214,36950
EE87949,Healthy,215,34074
EE87949,Healthy,216,30949
EE87949,Healthy,217,28799
EE87949,Healthy,218,26891
EE87949,Healthy,219,25247
EE87949,Healthy,220,23430
EE87949,Healthy,221,22031
EE87949,Healthy,222,20322
EE87949,Healthy,223,18841
EE87949,Healthy,224,17324
EE87949,Healthy,225,15649
EE87949,Healthy,226,14236
EE87949,Healthy,227,13124
EE87949,Healthy,228,12277
EE87949,Healthy,229,11711
EE87949,Healthy,230,10951
EE87949,Healthy,231,10336
EE87949,Healthy,232,9572
EE87949,Healthy,233,8924
EE87949,Healthy,234,8384
EE87949,Healthy,235,7751
EE87949,Healthy,236,7242
EE87949,Healthy,237,6669
EE87949,Healthy,238,6361
EE87949,Healthy,239,1698
EE87949,Healthy,240,1252
EE87949,Healthy,241,1156
EE87950,Healthy,78,2
EE87950,Healthy,79,30
EE87950,Healthy,80,30
EE87950,Healthy,81,46
EE87950,Healthy,82,61
EE87950,Healthy,83,402
EE87950,Healthy,84,450
EE87950,Healthy,85,458
EE87950,Healthy,86,482
EE87950,Healthy,87,466
EE87950,Healthy,88,589
EE87950,Healthy,89,616
EE87950,Healthy,90,612
EE87950,Healthy,91,760
EE87950,Healthy,92,690
EE87950,Healthy,93,713
EE87950,Healthy,94,853
EE87950,Healthy,95,780
EE87950,Healthy,96,892
EE87950,Healthy,97,936
EE87950,Healthy,98,1013
EE87950,Healthy,99,8143
EE87950,Healthy,100,9893
EE87950,Healthy,101,10974
EE87950,Healthy,102,11863
EE87950,Healthy,103,12046
EE87950,Healthy,104,12249
EE87950,Healthy,105,12266
EE87950,Healthy,106,13262
EE87950,Healthy,107,14780
EE87950,Healthy,108,16974
EE87950,Healthy,109,20111
EE87950,Healthy,110,24206
EE87950,Healthy,111,28338
EE87950,Healthy,112,29111
EE87950,Healthy,113,26586
EE87950,Healthy,114,25318
EE87950,Healthy,115,25559
EE87950,Healthy,116,27229
EE87950,Healthy,117,29978
EE87950,Healthy,118,33207
EE87950,Healthy,119,38565
EE87950,Healthy,120,48492
EE87950,Healthy,121,61611
EE87950,Healthy,122,72607
EE87950,Healthy,123,70431
EE87950,Healthy,124,57195
EE87950,Healthy,125,47486
EE87950,Healthy,126,45134
EE87950,Healthy,127,48191
EE87950,Healthy,128,53619
EE87950,Healthy,129,60237
EE87950,Healthy,130,73393
EE87950,Healthy,131,92566
EE87950,Healthy,132,120764
EE87950,Healthy,133,149616
EE87950,Healthy,134,155510
EE87950,Healthy,135,136937
EE87950,Healthy,136,121011
EE87950,Healthy,137,122078
EE87950,Healthy,138,141577
EE87950,Healthy,139,174620
EE87950,Healthy,140,216573
EE87950,Healthy,141,251826
EE87950,Healthy,142,266649
EE87950,Healthy,143,265642
EE87950,Healthy,144,268572
EE87950,Healthy,145,273751
EE87950,Healthy,146,271715
EE87950,Healthy,147,274162
EE87950,Healthy,148,284948
EE87950,Healthy,149,301389
EE87950,Healthy,150,325510
EE87950,Healthy,151,355161
EE87950,Healthy,152,382868
EE87950,Healthy,153,384062
EE87950,Healthy,154,365231
EE87950,Healthy,155,358731
EE87950,Healthy,156,371611
EE87950,Healthy,157,403218
EE87950,Healthy,158,447474
EE87950,Healthy,159,499868
EE87950,Healthy,160,545414
EE87950,Healthy,161,575980
EE87950,Healthy,162,600144
EE87950,Healthy,163,639839
EE87950,Healthy,164,699689
EE87950,Healthy,165,761535
EE87950,Healthy,166,793283
EE87950,Healthy,167,806179
EE87950,Healthy,168,804948
EE87950,Healthy,169,794638
EE87950,Healthy,170,765703
EE87950,Healthy,171,733741
EE87950,Healthy,172,702806
EE87950,Healthy,173,689811
EE87950,Healthy,174,683245
EE87950,Healthy,175,679274
EE87950,Healthy,176,668488
EE87950,Healthy,177,647267
EE87950,Healthy,178,614959
EE87950,Healthy,179,577139
EE87950,Healthy,180,540155
EE87950,Healthy,181,500511
EE87950,Healthy,182,466755
EE87950,Healthy,183,435883
EE87950,Healthy,184,414350
EE87950,Healthy,185,397949
EE87950,Healthy,186,386057
EE87950,Healthy,187,372834
EE87950,Healthy,188,360922
EE87950,Healthy,189,344282
EE87950,Healthy,190,323098
EE87950,Healthy,191,299804
EE87950,Healthy,192,277697
EE87950,Healthy,193,256064
EE87950,Healthy,194,238852
EE87950,Healthy,195,224196
EE87950,Healthy,196,214362
EE87950,Healthy,197,205357
EE87950,Healthy,198,197794
EE87950,Healthy,199,188659
EE87950,Healthy,200,179672
EE87950,Healthy,201,167989
EE87950,Healthy,202,157636
EE87950,Healthy,203,145053
EE87950,Healthy,204,133662
EE87950,Healthy,205,123741
EE87950,Healthy,206,116622
EE87950,Healthy,207,109172
EE87950,Healthy,208,103507
EE87950,Healthy,209,99262
EE87950,Healthy,210,94169
EE87950,Healthy,211,88293
EE87950,Healthy,212,82011
EE87950,Healthy,213,75852
EE87950,Healthy,214,69532
EE87950,Healthy,215,64016
EE87950,Healthy,216,59520
EE87950,Healthy,217,55252
EE87950,Healthy,218,52234
EE87950,Healthy,219,49301
EE87950,Healthy,220,46117
EE87950,Healthy,221,44104
EE87950,Healthy,222,40624
EE87950,Healthy,223,37716
EE87950,Healthy,224,34581
EE87950,Healthy,225,31702
EE87950,Healthy,226,29073
EE87950,Healthy,227,27037
EE87950,Healthy,228,25767
EE87950,Healthy,229,23762
EE87950,Healthy,230,22405
EE87950,Healthy,231,20835
EE87950,Healthy,232,19392
EE87950,Healthy,233,18187
EE87950,Healthy,234,16650
EE87950,Healthy,235,15480
EE87950,Healthy,236,14169
EE87950,Healthy,237,12944
EE87950,Healthy,238,12537
EE87950,Healthy,239,11771
EE87950,Healthy,240,11003
EE87950,Healthy,241,10418
EE87950,Healthy,242,9907
EE87950,Healthy,243,9160
EE87950,Healthy,244,8777
EE87950,Healthy,245,8298
EE87950,Healthy,246,7718
EE87950,Healthy,247,7380
EE87950,Healthy,248,6831
EE87950,Healthy,249,6553
EE87950,Healthy,250,6445
EE87950,Healthy,251,5809
EE87950,Healthy,252,5219
EE87950,Healthy,253,5093
EE87950,Healthy,254,4935
EE87950,Healthy,255,4545
EE87950,Healthy,256,4374
EE87950,Healthy,257,4339
EE87950,Healthy,258,4173
EE87950,Healthy,259,4107
EE87950,Healthy,260,3906
EE87950,Healthy,261,3777
EE87950,Healthy,262,3760
EE87950,Healthy,263,3648
EE87950,Healthy,264,493
EE87950,Healthy,265,455
EE87950,Healthy,266,488
EE87951,Healthy,80,2
EE87951,Healthy,81,203
EE87951,Healthy,82,189
EE87951,Healthy,83,230
EE87951,Healthy,84,275
EE87951,Healthy,85,282
EE87951,Healthy,86,334
EE87951,Healthy,87,345
EE87951,Healthy,88,350
EE87951,Healthy,89,445
EE87951,Healthy,90,443
EE87951,Healthy,91,472
EE87951,Healthy,92,531
EE87951,Healthy,93,571
EE87951,Healthy,94,619
EE87951,Healthy,95,668
EE87951,Healthy,96,634
EE87951,Healthy,97,731
EE87951,Healthy,98,756
EE87951,Healthy,99,11251
EE87951,Healthy,100,13734
EE87951,Healthy,101,15356
EE87951,Healthy,102,16145
EE87951,Healthy,103,16738
EE87951,Healthy,104,16096
EE87951,Healthy,105,16046
EE87951,Healthy,106,17548
EE87951,Healthy,107,19660
EE87951,Healthy,108,22884
EE87951,Healthy,109,27452
EE87951,Healthy,110,33594
EE87951,Healthy,111,39507
EE87951,Healthy,112,40205
EE87951,Healthy,113,35995
EE87951,Healthy,114,33066
EE87951,Healthy,115,33363
EE87951,Healthy,116,35851
EE87951,Healthy,117,39977
EE87951,Healthy,118,45641
EE87951,Healthy,119,52245
EE87951,Healthy,120,64943
EE87951,Healthy,121,82247
EE87951,Healthy,122,95810
EE87951,Healthy,123,92961
EE87951,Healthy,124,74448
EE87951,Healthy,125,61159
EE87951,Healthy,126,57938
EE87951,Healthy,127,61953
EE87951,Healthy,128,68696
EE87951,Healthy,129,77258
EE87951,Healthy,130,92530
EE87951,Healthy,131,116537
EE87951,Healthy,132,150109
EE87951,Healthy,133,183272
EE87951,Healthy,134,189632
EE87951,Healthy,135,165683
EE87951,Healthy,136,146397
EE87951,Healthy,137,151245
EE87951,Healthy,138,177240
EE87951,Healthy,139,217888
EE87951,Healthy,140,266961
EE87951,Healthy,141,303063
EE87951,Healthy,142,314872
EE87951,Healthy,143,311523
EE87951,Healthy,144,313800
EE87951,Healthy,145,315719
EE87951,Healthy,146,312859
EE87951,Healthy,147,315321
EE87951,Healthy,148,330519
EE87951,Healthy,149,351769
EE87951,Healthy,150,378383
EE87951,Healthy,151,410077
EE87951,Healthy,152,437832
EE87951,Healthy,153,435141
EE87951,Healthy,154,417826
EE87951,Healthy,155,411573
EE87951,Healthy,156,430651
EE87951,Healthy,157,469230
EE87951,Healthy,158,524171
EE87951,Healthy,159,578663
EE87951,Healthy,160,623690
EE87951,Healthy,161,650450
EE87951,Healthy,162,677262
EE87951,Healthy,163,727827
EE87951,Healthy,164,809581
EE87951,Healthy,165,886749
EE87951,Healthy,166,919007
EE87951,Healthy,167,919971
EE87951,Healthy,168,901736
EE87951,Healthy,169,872607
EE87951,Healthy,170,829248
EE87951,Healthy,171,782613
EE87951,Healthy,172,743556
EE87951,Healthy,173,720369
EE87951,Healthy,174,711367
EE87951,Healthy,175,704803
EE87951,Healthy,176,688342
EE87951,Healthy,177,657975
EE87951,Healthy,178,617137
EE87951,Healthy,179,568233
EE87951,Healthy,180,522745
EE87951,Healthy,181,478379
EE87951,Healthy,182,439986
EE87951,Healthy,183,408140
EE87951,Healthy,184,382946
EE87951,Healthy,185,366843
EE87951,Healthy,186,350425
EE87951,Healthy,187,336527
EE87951,Healthy,188,320218
EE87951,Healthy,189,301351
EE87951,Healthy,190,278542
EE87951,Healthy,191,255709
EE87951,Healthy,192,233102
EE87951,Healthy,193,212988
EE87951,Healthy,194,196698
EE87951,Healthy,195,183270
EE87951,Healthy,196,172697
EE87951,Healthy,197,163394
EE87951,Healthy,198,157251
EE87951,Healthy,199,147756
EE87951,Healthy,200,138907
EE87951,Healthy,201,129677
EE87951,Healthy,202,118496
EE87951,Healthy,203,108908
EE87951,Healthy,204,99398
EE87951,Healthy,205,91434
EE87951,Healthy,206,85144
EE87951,Healthy,207,79919
EE87951,Healthy,208,75706
EE87951,Healthy,209,70730
EE87951,Healthy,210,66308
EE87951,Healthy,211,62382
EE87951,Healthy,212,57451
EE87951,Healthy,213,52912
EE87951,Healthy,214,47972
EE87951,Healthy,215,44116
EE87951,Healthy,216,40924
EE87951,Healthy,217,38017
EE87951,Healthy,218,35572
EE87951,Healthy,219,33254
EE87951,Healthy,220,31317
EE87951,Healthy,221,29567
EE87951,Healthy,222,27278
EE87951,Healthy,223,25004
EE87951,Healthy,224,23073
EE87951,Healthy,225,21135
EE87951,Healthy,226,19197
EE87951,Healthy,227,17884
EE87951,Healthy,228,16833
EE87951,Healthy,229,15646
EE87951,Healthy,230,14798
EE87951,Healthy,231,13799
EE87951,Healthy,232,12911
EE87951,Healthy,233,11982
EE87951,Healthy,234,10880
EE87951,Healthy,235,10075
EE87951,Healthy,236,9488
EE87951,Healthy,237,8946
EE87951,Healthy,238,8376
EE87951,Healthy,239,8005
EE87951,Healthy,240,7667
EE87951,Healthy,241,7273
EE87951,Healthy,242,6913
EE87951,Healthy,243,6647
EE87951,Healthy,244,6123
EE87951,Healthy,245,5834
EE87951,Healthy,246,5497
EE87951,Healthy,247,5382
EE87951,Healthy,248,5180
EE87951,Healthy,249,4929
EE87951,Healthy,250,4409
EE87951,Healthy,251,4332
EE87951,Healthy,252,4076
EE87951,Healthy,253,855
EE87951,Healthy,254,828
EE87951,Healthy,255,762
EE87951,Healthy,256,583
EE87952,Healthy,73,38
EE87952,Healthy,74,149
EE87952,Healthy,75,138
EE87952,Healthy,76,142
EE87952,Healthy,77,198
EE87952,Healthy,78,206
EE87952,Healthy,79,252
EE87952,Healthy,80,295
EE87952,Healthy,81,249
EE87952,Healthy,82,257
EE87952,Healthy,83,266
EE87952,Healthy,84,332
EE87952,Healthy,85,388
EE87952,Healthy,86,406
EE87952,Healthy,87,393
EE87952,Healthy,88,431
EE87952,Healthy,89,517
EE87952,Healthy,90,560
EE87952,Healthy,91,596
EE87952,Healthy,92,615
EE87952,Healthy,93,672
EE87952,Healthy,94,683
EE87952,Healthy,95,798
EE87952,Healthy,96,773
EE87952,Healthy,97,876
EE87952,Healthy,98,1024
EE87952,Healthy,99,15499
EE87952,Healthy,100,18879
EE87952,Healthy,101,21832
EE87952,Healthy,102,23997
EE87952,Healthy,103,25553
EE87952,Healthy,104,25229
EE87952,Healthy,105,25595
EE87952,Healthy,106,27095
EE87952,Healthy,107,29747
EE87952,Healthy,108,33643
EE87952,Healthy,109,39610
EE87952,Healthy,110,48401
EE87952,Healthy,111,56436
EE87952,Healthy,112,57736
EE87952,Healthy,113,53475
EE87952,Healthy,114,49926
EE87952,Healthy,115,51226
EE87952,Healthy,116,55800
EE87952,Healthy,117,60894
EE87952,Healthy,118,67185
EE87952,Healthy,119,76553
EE87952,Healthy,120,92389
EE87952,Healthy,121,117417
EE87952,Healthy,122,134441
EE87952,Healthy,123,130683
EE87952,Healthy,124,107771
EE87952,Healthy,125,91761
EE87952,Healthy,126,89624
EE87952,Healthy,127,96532
EE87952,Healthy,128,105607
EE87952,Healthy,129,116172
EE87952,Healthy,130,136167
EE87952,Healthy,131,168058
EE87952,Healthy,132,216146
EE87952,Healthy,133,260853
EE87952,Healthy,134,269650
EE87952,Healthy,135,241657
EE87952,Healthy,136,215839
EE87952,Healthy,137,221782
EE87952,Healthy,138,252667
EE87952,Healthy,139,300135
EE87952,Healthy,140,355638
EE87952,Healthy,141,398035
EE87952,Healthy,142,409984
EE87952,Healthy,143,407122
EE87952,Healthy,144,408573
EE87952,Healthy,145,413863
EE87952,Healthy,146,409184
EE87952,Healthy,147,409788
EE87952,Healthy,148,423094
EE87952,Healthy,149,444137
EE87952,Healthy,150,467187
EE87952,Healthy,151,497458
EE87952,Healthy,152,519355
EE87952,Healthy,153,514051
EE87952,Healthy,154,490158
EE87952,Healthy,155,482521
EE87952,Healthy,156,499017
EE87952,Healthy,157,537487
EE87952,Healthy,158,585227
EE87952,Healthy,159,639471
EE87952,Healthy,160,679415
EE87952,Healthy,161,703725
EE87952,Healthy,162,733730
EE87952,Healthy,163,789079
EE87952,Healthy,164,877496
EE87952,Healthy,165,955546
EE87952,Healthy,166,976276
EE87952,Healthy,167,963948
EE87952,Healthy,168,933136
EE87952,Healthy,169,888328
EE87952,Healthy,170,836403
EE87952,Healthy,171,777448
EE87952,Healthy,172,729139
EE87952,Healthy,173,696020
EE87952,Healthy,174,677289
EE87952,Healthy,175,658621
EE87952,Healthy,176,632966
EE87952,Healthy,177,593201
EE87952,Healthy,178,544590
EE87952,Healthy,179,493030
EE87952,Healthy,180,443163
EE87952,Healthy,181,398177
EE87952,Healthy,182,361373
EE87952,Healthy,183,329288
EE87952,Healthy,184,304873
EE87952,Healthy,185,284821
EE87952,Healthy,186,270056
EE87952,Healthy,187,254615
EE87952,Healthy,188,238742
EE87952,Healthy,189,220313
EE87952,Healthy,190,201673
EE87952,Healthy,191,182955
EE87952,Healthy,192,164755
EE87952,Healthy,193,149146
EE87952,Healthy,194,136450
EE87952,Healthy,195,125662
EE87952,Healthy,196,117628
EE87952,Healthy,197,110028
EE87952,Healthy,198,104187
EE87952,Healthy,199,97540
EE87952,Healthy,200,89984
EE87952,Healthy,201,83403
EE87952,Healthy,202,75963
EE87952,Healthy,203,68749
EE87952,Healthy,204,62990
EE87952,Healthy,205,57406
EE87952,Healthy,206,53412
EE87952,Healthy,207,49736
EE87952,Healthy,208,46388
EE87952,Healthy,209,43465
EE87952,Healthy,210,41007
EE87952,Healthy,211,37703
EE87952,Healthy,212,34861
EE87952,Healthy,213,31702
EE87952,Healthy,214,28813
EE87952,Healthy,215,26153
EE87952,Healthy,216,24328
EE87952,Healthy,217,22525
EE87952,Healthy,218,21076
EE87952,Healthy,219,19445
EE87952,Healthy,220,18212
EE87952,Healthy,221,17274
EE87952,Healthy,222,15873
EE87952,Healthy,223,14505
EE87952,Healthy,224,13190
EE87952,Healthy,225,12235
EE87952,Healthy,226,10955
EE87952,Healthy,227,10337
EE87952,Healthy,228,9773
EE87952,Healthy,229,8999
EE87952,Healthy,230,8657
EE87952,Healthy,231,8250
EE87952,Healthy,232,7553
EE87952,Healthy,233,6868
EE87952,Healthy,234,6575
EE87952,Healthy,235,5968
EE87952,Healthy,236,5664
EE87952,Healthy,237,5428
EE87952,Healthy,238,5050
EE87952,Healthy,239,4981
EE87952,Healthy,240,4749
EE87952,Healthy,241,4746
EE87952,Healthy,242,4391
EE87952,Healthy,243,4228
EE87952,Healthy,244,3976
EE87952,Healthy,245,3990
EE87952,Healthy,246,3721
EE87952,Healthy,247,3717
EE87952,Healthy,248,3584
EE87952,Healthy,249,3394
EE87952,Healthy,250,3112
EE87952,Healthy,251,2916
EE87952,Healthy,252,263
EE87952,Healthy,253,254
EE87952,Healthy,254,217
EE87953,Healthy,80,242
EE87953,Healthy,81,199
EE87953,Healthy,82,185
EE87953,Healthy,83,264
EE87953,Healthy,84,323
EE87953,Healthy,85,341
EE87953,Healthy,86,393
EE87953,Healthy,87,376
EE87953,Healthy,88,447
EE87953,Healthy,89,510
EE87953,Healthy,90,490
EE87953,Healthy,91,570
EE87953,Healthy,92,662
EE87953,Healthy,93,657
EE87953,Healthy,94,731
EE87953,Healthy,95,781
EE87953,Healthy,96,839
EE87953,Healthy,97,890
EE87953,Healthy,98,1003
EE87953,Healthy,99,11979
EE87953,Healthy,100,14400
EE87953,Healthy,101,16297
EE87953,Healthy,102,17567
EE87953,Healthy,103,17977
EE87953,Healthy,104,17506
EE87953,Healthy,105,17332
EE87953,Healthy,106,18817
EE87953,Healthy,107,20877
EE87953,Healthy,108,24434
EE87953,Healthy,109,29204
EE87953,Healthy,110,36149
EE87953,Healthy,111,42590
EE87953,Healthy,112,43991
EE87953,Healthy,113,39558
EE87953,Healthy,114,35698
EE87953,Healthy,115,36162
EE87953,Healthy,116,39086
EE87953,Healthy,117,43578
EE87953,Healthy,118,49150
EE87953,Healthy,119,57377
EE87953,Healthy,120,72633
EE87953,Healthy,121,94236
EE87953,Healthy,122,111763
EE87953,Healthy,123,107774
EE87953,Healthy,124,85710
EE87953,Healthy,125,68547
EE87953,Healthy,126,63927
EE87953,Healthy,127,68687
EE87953,Healthy,128,75892
EE87953,Healthy,129,87015
EE87953,Healthy,130,106798
EE87953,Healthy,131,137042
EE87953,Healthy,132,180157
EE87953,Healthy,133,222044
EE87953,Healthy,134,228703
EE87953,Healthy,135,201365
EE87953,Healthy,136,178424
EE87953,Healthy,137,184622
EE87953,Healthy,138,217714
EE87953,Healthy,139,269667
EE87953,Healthy,140,330235
EE87953,Healthy,141,375379
EE87953,Healthy,142,388501
EE87953,Healthy,143,383684
EE87953,Healthy,144,385192
EE87953,Healthy,145,388625
EE87953,Healthy,146,386866
EE87953,Healthy,147,391996
EE87953,Healthy,148,409317
EE87953,Healthy,149,435134
EE87953,Healthy,150,464001
EE87953,Healthy,151,498447
EE87953,Healthy,152,530054
EE87953,Healthy,153,525128
EE87953,Healthy,154,502533
EE87953,Healthy,155,500361
EE87953,Healthy,156,527756
EE87953,Healthy,157,577612
EE87953,Healthy,158,641005
EE87953,Healthy,159,706122
EE87953,Healthy,160,751359
EE87953,Healthy,161,780501
EE87953,Healthy,162,808489
EE87953,Healthy,163,870865
EE87953,Healthy,164,972271
EE87953,Healthy,165,1065858
EE87953,Healthy,166,1102735
EE87953,Healthy,167,1097751
EE87953,Healthy,168,1070614
EE87953,Healthy,169,1028520
EE87953,Healthy,170,966758
EE87953,Healthy,171,907843
EE87953,Healthy,172,857046
EE87953,Healthy,173,827595
EE87953,Healthy,174,811924
EE87953,Healthy,175,803572
EE87953,Healthy,176,782138
EE87953,Healthy,177,746030
EE87953,Healthy,178,696466
EE87953,Healthy,179,636775
EE87953,Healthy,180,581576
EE87953,Healthy,181,527114
EE87953,Healthy,182,481796
EE87953,Healthy,183,442013
EE87953,Healthy,184,413445
EE87953,Healthy,185,392830
EE87953,Healthy,186,374282
EE87953,Healthy,187,357290
EE87953,Healthy,188,339043
EE87953,Healthy,189,317387
EE87953,Healthy,190,290937
EE87953,Healthy,191,264977
EE87953,Healthy,192,239429
EE87953,Healthy,193,218148
EE87953,Healthy,194,198018
EE87953,Healthy,195,183808
EE87953,Healthy,196,172431
EE87953,Healthy,197,163155
EE87953,Healthy,198,154737
EE87953,Healthy,199,146079
EE87953,Healthy,200,136615
EE87953,Healthy,201,126620
EE87953,Healthy,202,114593
EE87953,Healthy,203,105461
EE87953,Healthy,204,95658
EE87953,Healthy,205,86950
EE87953,Healthy,206,80756
EE87953,Healthy,207,75587
EE87953,Healthy,208,70744
EE87953,Healthy,209,66494
EE87953,Healthy,210,62473
EE87953,Healthy,211,57981
EE87953,Healthy,212,53722
EE87953,Healthy,213,49288
EE87953,Healthy,214,44197
EE87953,Healthy,215,40571
EE87953,Healthy,216,36707
EE87953,Healthy,217,34068
EE87953,Healthy,218,32287
EE87953,Healthy,219,30093
EE87953,Healthy,220,28272
EE87953,Healthy,221,26512
EE87953,Healthy,222,24485
EE87953,Healthy,223,22673
EE87953,Healthy,224,20588
EE87953,Healthy,225,18583
EE87953,Healthy,226,17260
EE87953,Healthy,227,15812
EE87953,Healthy,228,14736
EE87953,Healthy,229,14097
EE87953,Healthy,230,13152
EE87953,Healthy,231,12372
EE87953,Healthy,232,11443
EE87953,Healthy,233,10706
EE87953,Healthy,234,9765
EE87953,Healthy,235,9029
EE87953,Healthy,236,8362
EE87953,Healthy,237,7896
EE87953,Healthy,238,7492
EE87953,Healthy,239,7236
EE87953,Healthy,240,6967
EE87953,Healthy,241,6767
EE87953,Healthy,242,6511
EE87953,Healthy,243,6099
EE87953,Healthy,244,5852
EE87953,Healthy,245,5515
EE87953,Healthy,246,5398
EE87953,Healthy,247,5038
EE87953,Healthy,248,4533
EE87953,Healthy,249,3807
EE87953,Healthy,250,3949
EE87953,Healthy,251,3713
EE87953,Healthy,252,98
EE87953,Healthy,253,78
EE87953,Healthy,254,123
EE87954,Healthy,82,135
EE87954,Healthy,83,168
EE87954,Healthy,84,219
EE87954,Healthy,85,220
EE87954,Healthy,86,227
EE87954,Healthy,87,227
EE87954,Healthy,88,252
EE87954,Healthy,89,295
EE87954,Healthy,90,291
EE87954,Healthy,91,320
EE87954,Healthy,92,336
EE87954,Healthy,93,356
EE87954,Healthy,94,381
EE87954,Healthy,95,405
EE87954,Healthy,96,410
EE87954,Healthy,97,482
EE87954,Healthy,98,483
EE87954,Healthy,99,4795
EE87954,Healthy,100,5866
EE87954,Healthy,101,6691
EE87954,Healthy,102,7270
EE87954,Healthy,103,7414
EE87954,Healthy,104,7520
EE87954,Healthy,105,7595
EE87954,Healthy,106,8291
EE87954,Healthy,107,9318
EE87954,Healthy,108,10924
EE87954,Healthy,109,13652
EE87954,Healthy,110,17297
EE87954,Healthy,111,20485
EE87954,Healthy,112,21433
EE87954,Healthy,113,19805
EE87954,Healthy,114,18697
EE87954,Healthy,115,18936
EE87954,Healthy,116,20507
EE87954,Healthy,117,23223
EE87954,Healthy,118,26860
EE87954,Healthy,119,31817
EE87954,Healthy,120,40337
EE87954,Healthy,121,51879
EE87954,Healthy,122,60532
EE87954,Healthy,123,59375
EE87954,Healthy,124,48828
EE87954,Healthy,125,40489
EE87954,Healthy,126,38896
EE87954,Healthy,127,41917
EE87954,Healthy,128,46881
EE87954,Healthy,129,53288
EE87954,Healthy,130,64453
EE87954,Healthy,131,81597
EE87954,Healthy,132,106810
EE87954,Healthy,133,132093
EE87954,Healthy,134,136755
EE87954,Healthy,135,121426
EE87954,Healthy,136,107880
EE87954,Healthy,137,109589
EE87954,Healthy,138,126915
EE87954,Healthy,139,156290
EE87954,Healthy,140,193440
EE87954,Healthy,141,223765
EE87954,Healthy,142,235826
EE87954,Healthy,143,237517
EE87954,Healthy,144,241234
EE87954,Healthy,145,245318
EE87954,Healthy,146,244643
EE87954,Healthy,147,245914
EE87954,Healthy,148,255025
EE87954,Healthy,149,270097
EE87954,Healthy,150,291438
EE87954,Healthy,151,313747
EE87954,Healthy,152,338261
EE87954,Healthy,153,339437
EE87954,Healthy,154,326585
EE87954,Healthy,155,322176
EE87954,Healthy,156,335652
EE87954,Healthy,157,363758
EE87954,Healthy,158,402239
EE87954,Healthy,159,447211
EE87954,Healthy,160,485442
EE87954,Healthy,161,509600
EE87954,Healthy,162,529842
EE87954,Healthy,163,567261
EE87954,Healthy,164,624368
EE87954,Healthy,165,679240
EE87954,Healthy,166,709090
EE87954,Healthy,167,720082
EE87954,Healthy,168,715556
EE87954,Healthy,169,701698
EE87954,Healthy,170,676811
EE87954,Healthy,171,644556
EE87954,Healthy,172,618548
EE87954,Healthy,173,604412
EE87954,Healthy,174,596719
EE87954,Healthy,175,592508
EE87954,Healthy,176,580621
EE87954,Healthy,177,556319
EE87954,Healthy,178,523324
EE87954,Healthy,179,485087
EE87954,Healthy,180,446596
EE87954,Healthy,181,411424
EE87954,Healthy,182,378701
EE87954,Healthy,183,353368
EE87954,Healthy,184,330729
EE87954,Healthy,185,315372
EE87954,Healthy,186,302544
EE87954,Healthy,187,289476
EE87954,Healthy,188,275304
EE87954,Healthy,189,259949
EE87954,Healthy,190,241695
EE87954,Healthy,191,221578
EE87954,Healthy,192,202819
EE87954,Healthy,193,186270
EE87954,Healthy,194,173497
EE87954,Healthy,195,161515
EE87954,Healthy,196,152750
EE87954,Healthy,197,145883
EE87954,Healthy,198,139021
EE87954,Healthy,199,131790
EE87954,Healthy,200,124761
EE87954,Healthy,201,116344
EE87954,Healthy,202,107934
EE87954,Healthy,203,99583
EE87954,Healthy,204,91061
EE87954,Healthy,205,84402
EE87954,Healthy,206,79261
EE87954,Healthy,207,74019
EE87954,Healthy,208,70297
EE87954,Healthy,209,66443
EE87954,Healthy,210,63070
EE87954,Healthy,211,59229
EE87954,Healthy,212,54516
EE87954,Healthy,213,50046
EE87954,Healthy,214,46670
EE87954,Healthy,215,42707
EE87954,Healthy,216,39533
EE87954,Healthy,217,36652
EE87954,Healthy,218,34816
EE87954,Healthy,219,32717
EE87954,Healthy,220,30898
EE87954,Healthy,221,28966
EE87954,Healthy,222,26980
EE87954,Healthy,223,24685
EE87954,Healthy,224,22983
EE87954,Healthy,225,21207
EE87954,Healthy,226,19394
EE87954,Healthy,227,18090
EE87954,Healthy,228,17104
EE87954,Healthy,229,16032
EE87954,Healthy,230,15159
EE87954,Healthy,231,14162
EE87954,Healthy,232,13095
EE87954,Healthy,233,12221
EE87954,Healthy,234,11282
EE87954,Healthy,235,10521
EE87954,Healthy,236,9871
EE87954,Healthy,237,8999
EE87954,Healthy,238,8600
EE87954,Healthy,239,8359
EE87954,Healthy,240,7940
EE87954,Healthy,241,7409
EE87954,Healthy,242,7022
EE87954,Healthy,243,6753
EE87954,Healthy,244,6383
EE87954,Healthy,245,6030
EE87954,Healthy,246,5751
EE87954,Healthy,247,5464
EE87954,Healthy,248,5165
EE87954,Healthy,249,5223
EE87954,Healthy,250,4919
EE87954,Healthy,251,4276
EE87954,Healthy,252,4291
EE87954,Healthy,253,4092
EE87954,Healthy,254,3895
EE87954,Healthy,255,3851
EE87954,Healthy,256,3849
EE87954,Healthy,257,3790
EE87954,Healthy,258,3437
EE87955,Healthy,80,252
EE87955,Healthy,81,259
EE87955,Healthy,82,220
EE87955,Healthy,83,224
EE87955,Healthy,84,331
EE87955,Healthy,85,340
EE87955,Healthy,86,373
EE87955,Healthy,87,349
EE87955,Healthy,88,377
EE87955,Healthy,89,454
EE87955,Healthy,90,473
EE87955,Healthy,91,516
EE87955,Healthy,92,569
EE87955,Healthy,93,584
EE87955,Healthy,94,599
EE87955,Healthy,95,669
EE87955,Healthy,96,715
EE87955,Healthy,97,812
EE87955,Healthy,98,777
EE87955,Healthy,99,8968
EE87955,Healthy,100,10927
EE87955,Healthy,101,12363
EE87955,Healthy,102,13338
EE87955,Healthy,103,14117
EE87955,Healthy,104,13900
EE87955,Healthy,105,13887
EE87955,Healthy,106,15218
EE87955,Healthy,107,17280
EE87955,Healthy,108,19611
EE87955,Healthy,109,23345
EE87955,Healthy,110,28597
EE87955,Healthy,111,33156
EE87955,Healthy,112,33756
EE87955,Healthy,113,30527
EE87955,Healthy,114,28306
EE87955,Healthy,115,28437
EE87955,Healthy,116,31184
EE87955,Healthy,117,34373
EE87955,Healthy,118,38484
EE87955,Healthy,119,44054
EE87955,Healthy,120,55013
EE87955,Healthy,121,71557
EE87955,Healthy,122,85238
EE87955,Healthy,123,82963
EE87955,Healthy,124,66894
EE87955,Healthy,125,53753
EE87955,Healthy,126,51131
EE87955,Healthy,127,55213
EE87955,Healthy,128,61455
EE87955,Healthy,129,70144
EE87955,Healthy,130,85406
EE87955,Healthy,131,108614
EE87955,Healthy,132,142689
EE87955,Healthy,133,174761
EE87955,Healthy,134,180191
EE87955,Healthy,135,159761
EE87955,Healthy,136,140696
EE87955,Healthy,137,145606
EE87955,Healthy,138,170551
EE87955,Healthy,139,210318
EE87955,Healthy,140,257929
EE87955,Healthy,141,295316
EE87955,Healthy,142,306721
EE87955,Healthy,143,305533
EE87955,Healthy,144,305575
EE87955,Healthy,145,310570
EE87955,Healthy,146,308761
EE87955,Healthy,147,312255
EE87955,Healthy,148,326056
EE87955,Healthy,149,344532
EE87955,Healthy,150,369403
EE87955,Healthy,151,398463
EE87955,Healthy,152,423518
EE87955,Healthy,153,423395
EE87955,Healthy,154,403814
EE87955,Healthy,155,399938
EE87955,Healthy,156,417984
EE87955,Healthy,157,457297
EE87955,Healthy,158,505668
EE87955,Healthy,159,559274
EE87955,Healthy,160,600186
EE87955,Healthy,161,623495
EE87955,Healthy,162,647117
EE87955,Healthy,163,695024
EE87955,Healthy,164,770170
EE87955,Healthy,165,843234
EE87955,Healthy,166,875476
EE87955,Healthy,167,876388
EE87955,Healthy,168,856983
EE87955,Healthy,169,826905
EE87955,Healthy,170,782125
EE87955,Healthy,171,735039
EE87955,Healthy,172,696602
EE87955,Healthy,173,671290
EE87955,Healthy,174,660642
EE87955,Healthy,175,648599
EE87955,Healthy,176,629659
EE87955,Healthy,177,597332
EE87955,Healthy,178,557875
EE87955,Healthy,179,512669
EE87955,Healthy,180,468969
EE87955,Healthy,181,426127
EE87955,Healthy,182,388724
EE87955,Healthy,183,359120
EE87955,Healthy,184,334443
EE87955,Healthy,185,314674
EE87955,Healthy,186,299050
EE87955,Healthy,187,285181
EE87955,Healthy,188,268087
EE87955,Healthy,189,250139
EE87955,Healthy,190,230230
EE87955,Healthy,191,210224
EE87955,Healthy,192,190834
EE87955,Healthy,193,173970
EE87955,Healthy,194,159157
EE87955,Healthy,195,148228
EE87955,Healthy,196,138777
EE87955,Healthy,197,130807
EE87955,Healthy,198,125025
EE87955,Healthy,199,118492
EE87955,Healthy,200,111155
EE87955,Healthy,201,103357
EE87955,Healthy,202,94523
EE87955,Healthy,203,87038
EE87955,Healthy,204,79743
EE87955,Healthy,205,73382
EE87955,Healthy,206,68205
EE87955,Healthy,207,63638
EE87955,Healthy,208,60018
EE87955,Healthy,209,56678
EE87955,Healthy,210,53525
EE87955,Healthy,211,49395
EE87955,Healthy,212,45809
EE87955,Healthy,213,42303
EE87955,Healthy,214,38683
EE87955,Healthy,215,35824
EE87955,Healthy,216,32616
EE87955,Healthy,217,30308
EE87955,Healthy,218,28664
EE87955,Healthy,219,26582
EE87955,Healthy,220,25197
EE87955,Healthy,221,23453
EE87955,Healthy,222,21863
EE87955,Healthy,223,20202
EE87955,Healthy,224,18772
EE87955,Healthy,225,16989
EE87955,Healthy,226,15695
EE87955,Healthy,227,14430
EE87955,Healthy,228,13737
EE87955,Healthy,229,12850
EE87955,Healthy,230,12164
EE87955,Healthy,231,11642
EE87955,Healthy,232,10678
EE87955,Healthy,233,9960
EE87955,Healthy,234,9416
EE87955,Healthy,235,8474
EE87955,Healthy,236,8165
EE87955,Healthy,237,7494
EE87955,Healthy,238,7233
EE87955,Healthy,239,7030
EE87955,Healthy,240,6866
EE87955,Healthy,241,6585
EE87955,Healthy,242,6524
EE87955,Healthy,243,5880
EE87955,Healthy,244,5695
EE87955,Healthy,245,5568
EE87955,Healthy,246,5328
EE87955,Healthy,247,5200
EE87955,Healthy,248,4966
EE87955,Healthy,249,4389
EE87955,Healthy,250,4518
EE87955,Healthy,251,4382
EE87955,Healthy,252,4078
EE87955,Healthy,253,2219
EE87955,Healthy,254,2259
EE87955,Healthy,255,2162
EE87956,Healthy,79,127
EE87956,Healthy,80,138
EE87956,Healthy,81,114
EE87956,Healthy,82,143
EE87956,Healthy,83,301
EE87956,Healthy,84,372
EE87956,Healthy,85,346
EE87956,Healthy,86,436
EE87956,Healthy,87,459
EE87956,Healthy,88,483
EE87956,Healthy,89,544
EE87956,Healthy,90,543
EE87956,Healthy,91,658
EE87956,Healthy,92,694
EE87956,Healthy,93,681
EE87956,Healthy,94,738
EE87956,Healthy,95,817
EE87956,Healthy,96,893
EE87956,Healthy,97,901
EE87956,Healthy,98,982
EE87956,Healthy,99,9006
EE87956,Healthy,100,11217
EE87956,Healthy,101,12410
EE87956,Healthy,102,13481
EE87956,Healthy,103,14122
EE87956,Healthy,104,13748
EE87956,Healthy,105,13864
EE87956,Healthy,106,15058
EE87956,Healthy,107,16922
EE87956,Healthy,108,19190
EE87956,Healthy,109,23250
EE87956,Healthy,110,28791
EE87956,Healthy,111,33388
EE87956,Healthy,112,34473
EE87956,Healthy,113,31602
EE87956,Healthy,114,28971
EE87956,Healthy,115,29625
EE87956,Healthy,116,31968
EE87956,Healthy,117,36005
EE87956,Healthy,118,40144
EE87956,Healthy,119,47156
EE87956,Healthy,120,59616
EE87956,Healthy,121,78890
EE87956,Healthy,122,93433
EE87956,Healthy,123,91291
EE87956,Healthy,124,73985
EE87956,Healthy,125,60663
EE87956,Healthy,126,59156
EE87956,Healthy,127,64308
EE87956,Healthy,128,73058
EE87956,Healthy,129,84182
EE87956,Healthy,130,104177
EE87956,Healthy,131,134940
EE87956,Healthy,132,179292
EE87956,Healthy,133,222936
EE87956,Healthy,134,231147
EE87956,Healthy,135,204374
EE87956,Healthy,136,181742
EE87956,Healthy,137,190588
EE87956,Healthy,138,225574
EE87956,Healthy,139,277833
EE87956,Healthy,140,340313
EE87956,Healthy,141,388681
EE87956,Healthy,142,404603
EE87956,Healthy,143,398521
EE87956,Healthy,144,399783
EE87956,Healthy,145,400850
EE87956,Healthy,146,395427
EE87956,Healthy,147,396189
EE87956,Healthy,148,411551
EE87956,Healthy,149,437326
EE87956,Healthy,150,470143
EE87956,Healthy,151,509885
EE87956,Healthy,152,545212
EE87956,Healthy,153,541145
EE87956,Healthy,154,516442
EE87956,Healthy,155,509497
EE87956,Healthy,156,534285
EE87956,Healthy,157,581193
EE87956,Healthy,158,644747
EE87956,Healthy,159,711245
EE87956,Healthy,160,764351
EE87956,Healthy,161,795716
EE87956,Healthy,162,831234
EE87956,Healthy,163,896754
EE87956,Healthy,164,993216
EE87956,Healthy,165,1077506
EE87956,Healthy,166,1101101
EE87956,Healthy,167,1084000
EE87956,Healthy,168,1049119
EE87956,Healthy,169,997659
EE87956,Healthy,170,937531
EE87956,Healthy,171,872258
EE87956,Healthy,172,813993
EE87956,Healthy,173,773512
EE87956,Healthy,174,747333
EE87956,Healthy,175,720484
EE87956,Healthy,176,686661
EE87956,Healthy,177,645482
EE87956,Healthy,178,596679
EE87956,Healthy,179,546137
EE87956,Healthy,180,498206
EE87956,Healthy,181,452711
EE87956,Healthy,182,410973
EE87956,Healthy,183,377887
EE87956,Healthy,184,349635
EE87956,Healthy,185,329239
EE87956,Healthy,186,310999
EE87956,Healthy,187,295950
EE87956,Healthy,188,280429
EE87956,Healthy,189,263727
EE87956,Healthy,190,244980
EE87956,Healthy,191,225949
EE87956,Healthy,192,206778
EE87956,Healthy,193,190347
EE87956,Healthy,194,174717
EE87956,Healthy,195,162715
EE87956,Healthy,196,152620
EE87956,Healthy,197,145334
EE87956,Healthy,198,138753
EE87956,Healthy,199,132495
EE87956,Healthy,200,126112
EE87956,Healthy,201,118554
EE87956,Healthy,202,109602
EE87956,Healthy,203,101155
EE87956,Healthy,204,93291
EE87956,Healthy,205,86366
EE87956,Healthy,206,80366
EE87956,Healthy,207,74824
EE87956,Healthy,208,71270
EE87956,Healthy,209,67562
EE87956,Healthy,210,64233
EE87956,Healthy,211,60505
EE87956,Healthy,212,56067
EE87956,Healthy,213,51925
EE87956,Healthy,214,47815
EE87956,Healthy,215,43856
EE87956,Healthy,216,40540
EE87956,Healthy,217,37939
EE87956,Healthy,218,35079
EE87956,Healthy,219,33648
EE87956,Healthy,220,31774
EE87956,Healthy,221,29503
EE87956,Healthy,222,27742
EE87956,Healthy,223,25713
EE87956,Healthy,224,23930
EE87956,Healthy,225,21543
EE87956,Healthy,226,20105
EE87956,Healthy,227,18469
EE87956,Healthy,228,17318
EE87956,Healthy,229,16518
EE87956,Healthy,230,15750
EE87956,Healthy,231,14684
EE87956,Healthy,232,13840
EE87956,Healthy,233,13038
EE87956,Healthy,234,11711
EE87956,Healthy,235,11095
EE87956,Healthy,236,10266
EE87956,Healthy,237,9742
EE87956,Healthy,238,9081
EE87956,Healthy,239,8939
EE87956,Healthy,240,8655
EE87956,Healthy,241,8247
EE87956,Healthy,242,7833
EE87956,Healthy,243,7441
EE87956,Healthy,244,6969
EE87956,Healthy,245,6549
EE87956,Healthy,246,6375
EE87956,Healthy,247,6006
EE87956,Healthy,248,3170
EE87956,Healthy,249,3176
EE87956,Healthy,250,3107
EE87956,Healthy,251,227
EE87957,Healthy,81,187
EE87957,Healthy,82,200
EE87957,Healthy,83,240
EE87957,Healthy,84,263
EE87957,Healthy,85,325
EE87957,Healthy,86,334
EE87957,Healthy,87,297
EE87957,Healthy,88,321
EE87957,Healthy,89,417
EE87957,Healthy,90,429
EE87957,Healthy,91,486
EE87957,Healthy,92,468
EE87957,Healthy,93,520
EE87957,Healthy,94,533
EE87957,Healthy,95,590
EE87957,Healthy,96,644
EE87957,Healthy,97,654
EE87957,Healthy,98,736
EE87957,Healthy,99,7389
EE87957,Healthy,100,9735
EE87957,Healthy,101,10840
EE87957,Healthy,102,11600
EE87957,Healthy,103,12190
EE87957,Healthy,104,12107
EE87957,Healthy,105,12123
EE87957,Healthy,106,13352
EE87957,Healthy,107,14945
EE87957,Healthy,108,17499
EE87957,Healthy,109,21433
EE87957,Healthy,110,26963
EE87957,Healthy,111,31535
EE87957,Healthy,112,33041
EE87957,Healthy,113,30069
EE87957,Healthy,114,27574
EE87957,Healthy,115,28326
EE87957,Healthy,116,30400
EE87957,Healthy,117,34326
EE87957,Healthy,118,38337
EE87957,Healthy,119,45198
EE87957,Healthy,120,56996
EE87957,Healthy,121,72807
EE87957,Healthy,122,85475
EE87957,Healthy,123,84495
EE87957,Healthy,124,68436
EE87957,Healthy,125,57151
EE87957,Healthy,126,55436
EE87957,Healthy,127,59585
EE87957,Healthy,128,66145
EE87957,Healthy,129,74265
EE87957,Healthy,130,89450
EE87957,Healthy,131,111495
EE87957,Healthy,132,144489
EE87957,Healthy,133,178805
EE87957,Healthy,134,185990
EE87957,Healthy,135,164014
EE87957,Healthy,136,144423
EE87957,Healthy,137,146047
EE87957,Healthy,138,168298
EE87957,Healthy,139,206619
EE87957,Healthy,140,253903
EE87957,Healthy,141,290346
EE87957,Healthy,142,301892
EE87957,Healthy,143,299054
EE87957,Healthy,144,301437
EE87957,Healthy,145,306679
EE87957,Healthy,146,305420
EE87957,Healthy,147,307101
EE87957,Healthy,148,319646
EE87957,Healthy,149,337822
EE87957,Healthy,150,361620
EE87957,Healthy,151,392472
EE87957,Healthy,152,418826
EE87957,Healthy,153,415409
EE87957,Healthy,154,396303
EE87957,Healthy,155,389855
EE87957,Healthy,156,406248
EE87957,Healthy,157,444284
EE87957,Healthy,158,493492
EE87957,Healthy,159,547715
EE87957,Healthy,160,591164
EE87957,Healthy,161,615984
EE87957,Healthy,162,642851
EE87957,Healthy,163,692811
EE87957,Healthy,164,772053
EE87957,Healthy,165,850652
EE87957,Healthy,166,884419
EE87957,Healthy,167,886069
EE87957,Healthy,168,869270
EE87957,Healthy,169,838972
EE87957,Healthy,170,800227
EE87957,Healthy,171,754400
EE87957,Healthy,172,720252
EE87957,Healthy,173,699687
EE87957,Healthy,174,691915
EE87957,Healthy,175,685087
EE87957,Healthy,176,666590
EE87957,Healthy,177,636076
EE87957,Healthy,178,594399
EE87957,Healthy,179,547941
EE87957,Healthy,180,503535
EE87957,Healthy,181,460085
EE87957,Healthy,182,423552
EE87957,Healthy,183,392067
EE87957,Healthy,184,369185
EE87957,Healthy,185,350047
EE87957,Healthy,186,337104
EE87957,Healthy,187,320300
EE87957,Healthy,188,305463
EE87957,Healthy,189,287347
EE87957,Healthy,190,266473
EE87957,Healthy,191,245097
EE87957,Healthy,192,223948
EE87957,Healthy,193,205761
EE87957,Healthy,194,189655
EE87957,Healthy,195,177093
EE87957,Healthy,196,167043
EE87957,Healthy,197,159062
EE87957,Healthy,198,152427
EE87957,Healthy,199,145371
EE87957,Healthy,200,137692
EE87957,Healthy,201,128681
EE87957,Healthy,202,119429
EE87957,Healthy,203,109542
EE87957,Healthy,204,100835
EE87957,Healthy,205,93085
EE87957,Healthy,206,86625
EE87957,Healthy,207,81205
EE87957,Healthy,208,77550
EE87957,Healthy,209,73526
EE87957,Healthy,210,69571
EE87957,Healthy,211,64989
EE87957,Healthy,212,60269
EE87957,Healthy,213,55543
EE87957,Healthy,214,50994
EE87957,Healthy,215,47157
EE87957,Healthy,216,43118
EE87957,Healthy,217,40671
EE87957,Healthy,218,38058
EE87957,Healthy,219,35741
EE87957,Healthy,220,33720
EE87957,Healthy,221,32080
EE87957,Healthy,222,29553
EE87957,Healthy,223,27004
EE87957,Healthy,224,25136
EE87957,Healthy,225,22930
EE87957,Healthy,226,21174
EE87957,Healthy,227,19733
EE87957,Healthy,228,18216
EE87957,Healthy,229,17131
EE87957,Healthy,230,16379
EE87957,Healthy,231,15372
EE87957,Healthy,232,14301
EE87957,Healthy,233,13371
EE87957,Healthy,234,12286
EE87957,Healthy,235,11517
EE87957,Healthy,236,10612
EE87957,Healthy,237,10111
EE87957,Healthy,238,9546
EE87957,Healthy,239,9100
EE87957,Healthy,240,8545
EE87957,Healthy,241,8365
EE87957,Healthy,242,7933
EE87957,Healthy,243,7337
EE87957,Healthy,244,7066
EE87957,Healthy,245,6652
EE87957,Healthy,246,6136
EE87957,Healthy,247,5964
EE87957,Healthy,248,5958
EE87957,Healthy,249,5677
EE87957,Healthy,250,5004
EE87957,Healthy,251,4904
EE87957,Healthy,252,4750
EE87957,Healthy,253,4767
EE87957,Healthy,254,2720
EE87957,Healthy,255,2652
EE87957,Healthy,256,2568
EE87957,Healthy,257,773
EE87958,Healthy,82,205
EE87958,Healthy,83,236
EE87958,Healthy,84,302
EE87958,Healthy,85,309
EE87958,Healthy,86,370
EE87958,Healthy,87,404
EE87958,Healthy,88,392
EE87958,Healthy,89,467
EE87958,Healthy,90,442
EE87958,Healthy,91,464
EE87958,Healthy,92,512
EE87958,Healthy,93,604
EE87958,Healthy,94,643
EE87958,Healthy,95,703
EE87958,Healthy,96,750
EE87958,Healthy,97,713
EE87958,Healthy,98,828
EE87958,Healthy,99,8217
EE87958,Healthy,100,10051
EE87958,Healthy,101,11203
EE87958,Healthy,102,12012
EE87958,Healthy,103,12475
EE87958,Healthy,104,12652
EE87958,Healthy,105,12921
EE87958,Healthy,106,14261
EE87958,Healthy,107,15974
EE87958,Healthy,108,18058
EE87958,Healthy,109,21197
EE87958,Healthy,110,25434
EE87958,Healthy,111,29570
EE87958,Healthy,112,30219
EE87958,Healthy,113,27870
EE87958,Healthy,114,25646
EE87958,Healthy,115,26156
EE87958,Healthy,116,28812
EE87958,Healthy,117,31796
EE87958,Healthy,118,35223
EE87958,Healthy,119,40549
EE87958,Healthy,120,50400
EE87958,Healthy,121,63578
EE87958,Healthy,122,73718
EE87958,Healthy,123,71486
EE87958,Healthy,124,58677
EE87958,Healthy,125,49032
EE87958,Healthy,126,48032
EE87958,Healthy,127,51906
EE87958,Healthy,128,58085
EE87958,Healthy,129,65557
EE87958,Healthy,130,79009
EE87958,Healthy,131,100109
EE87958,Healthy,132,130270
EE87958,Healthy,133,160706
EE87958,Healthy,134,165582
EE87958,Healthy,135,148126
EE87958,Healthy,136,133518
EE87958,Healthy,137,140471
EE87958,Healthy,138,165599
EE87958,Healthy,139,202797
EE87958,Healthy,140,243581
EE87958,Healthy,141,275598
EE87958,Healthy,142,284494
EE87958,Healthy,143,283090
EE87958,Healthy,144,284388
EE87958,Healthy,145,286226
EE87958,Healthy,146,283955
EE87958,Healthy,147,288250
EE87958,Healthy,148,300698
EE87958,Healthy,149,321127
EE87958,Healthy,150,344862
EE87958,Healthy,151,371648
EE87958,Healthy,152,395100
EE87958,Healthy,153,393512
EE87958,Healthy,154,380287
EE87958,Healthy,155,381144
EE87958,Healthy,156,401540
EE87958,Healthy,157,440393
EE87958,Healthy,158,488124
EE87958,Healthy,159,537846
EE87958,Healthy,160,574943
EE87958,Healthy,161,601931
EE87958,Healthy,162,631115
EE87958,Healthy,163,687667
EE87958,Healthy,164,773881
EE87958,Healthy,165,844439
EE87958,Healthy,166,864055
EE87958,Healthy,167,844501
EE87958,Healthy,168,810922
EE87958,Healthy,169,768366
EE87958,Healthy,170,717906
EE87958,Healthy,171,665353
EE87958,Healthy,172,622537
EE87958,Healthy,173,592333
EE87958,Healthy,174,573614
EE87958,Healthy,175,554585
EE87958,Healthy,176,527747
EE87958,Healthy,177,494776
EE87958,Healthy,178,454283
EE87958,Healthy,179,411720
EE87958,Healthy,180,371343
EE87958,Healthy,181,336426
EE87958,Healthy,182,304645
EE87958,Healthy,183,280085
EE87958,Healthy,184,258326
EE87958,Healthy,185,242348
EE87958,Healthy,186,227893
EE87958,Healthy,187,215643
EE87958,Healthy,188,202467
EE87958,Healthy,189,188399
EE87958,Healthy,190,172403
EE87958,Healthy,191,157022
EE87958,Healthy,192,141731
EE87958,Healthy,193,128792
EE87958,Healthy,194,117552
EE87958,Healthy,195,108444
EE87958,Healthy,196,101237
EE87958,Healthy,197,95802
EE87958,Healthy,198,89900
EE87958,Healthy,199,84922
EE87958,Healthy,200,79643
EE87958,Healthy,201,73757
EE87958,Healthy,202,67945
EE87958,Healthy,203,61881
EE87958,Healthy,204,56581
EE87958,Healthy,205,51267
EE87958,Healthy,206,47723
EE87958,Healthy,207,44332
EE87958,Healthy,208,41671
EE87958,Healthy,209,39353
EE87958,Healthy,210,37184
EE87958,Healthy,211,34601
EE87958,Healthy,212,31695
EE87958,Healthy,213,28999
EE87958,Healthy,214,26535
EE87958,Healthy,215,24332
EE87958,Healthy,216,22455
EE87958,Healthy,217,20524
EE87958,Healthy,218,19282
EE87958,Healthy,219,18246
EE87958,Healthy,220,17076
EE87958,Healthy,221,15946
EE87958,Healthy,222,14880
EE87958,Healthy,223,13355
EE87958,Healthy,224,12470
EE87958,Healthy,225,11265
EE87958,Healthy,226,10320
EE87958,Healthy,227,9750
EE87958,Healthy,228,9055
EE87958,Healthy,229,8497
EE87958,Healthy,230,8253
EE87958,Healthy,231,7703
EE87958,Healthy,232,6995
EE87958,Healthy,233,6596
EE87958,Healthy,234,6103
EE87958,Healthy,235,5739
EE87958,Healthy,236,5330
EE87958,Healthy,237,5071
EE87958,Healthy,238,4893
EE87958,Healthy,239,4790
EE87958,Healthy,240,4599
EE87958,Healthy,241,4459
EE87958,Healthy,242,4231
EE87958,Healthy,243,3939
EE87958,Healthy,244,2922
EE87958,Healthy,245,2942
EE87958,Healthy,246,2743
EE87959,Healthy,82,160
EE87959,Healthy,83,172
EE87959,Healthy,84,188
EE87959,Healthy,85,202
EE87959,Healthy,86,211
EE87959,Healthy,87,225
EE87959,Healthy,88,312
EE87959,Healthy,89,345
EE87959,Healthy,90,364
EE87959,Healthy,91,415
EE87959,Healthy,92,439
EE87959,Healthy,93,475
EE87959,Healthy,94,514
EE87959,Healthy,95,568
EE87959,Healthy,96,583
EE87959,Healthy,97,613
EE87959,Healthy,98,720
EE87959,Healthy,99,9459
EE87959,Healthy,100,11511
EE87959,Healthy,101,12957
EE87959,Healthy,102,13655
EE87959,Healthy,103,14221
EE87959,Healthy,104,14211
EE87959,Healthy,105,14241
EE87959,Healthy,106,15631
EE87959,Healthy,107,17688
EE87959,Healthy,108,20301
EE87959,Healthy,109,24003
EE87959,Healthy,110,29687
EE87959,Healthy,111,33908
EE87959,Healthy,112,34774
EE87959,Healthy,113,31672
EE87959,Healthy,114,29617
EE87959,Healthy,115,29978
EE87959,Healthy,116,32346
EE87959,Healthy,117,36217
EE87959,Healthy,118,40162
EE87959,Healthy,119,46429
EE87959,Healthy,120,58047
EE87959,Healthy,121,74598
EE87959,Healthy,122,87665
EE87959,Healthy,123,85386
EE87959,Healthy,124,68858
EE87959,Healthy,125,56667
EE87959,Healthy,126,55278
EE87959,Healthy,127,59930
EE87959,Healthy,128,66948
EE87959,Healthy,129,76402
EE87959,Healthy,130,92538
EE87959,Healthy,131,118423
EE87959,Healthy,132,154920
EE87959,Healthy,133,191509
EE87959,Healthy,134,198955
EE87959,Healthy,135,176440
EE87959,Healthy,136,157645
EE87959,Healthy,137,164798
EE87959,Healthy,138,194978
EE87959,Healthy,139,238483
EE87959,Healthy,140,289221
EE87959,Healthy,141,326016
EE87959,Healthy,142,337159
EE87959,Healthy,143,334951
EE87959,Healthy,144,336267
EE87959,Healthy,145,338378
EE87959,Healthy,146,334089
EE87959,Healthy,147,336652
EE87959,Healthy,148,352096
EE87959,Healthy,149,375355
EE87959,Healthy,150,403663
EE87959,Healthy,151,434542
EE87959,Healthy,152,461758
EE87959,Healthy,153,458721
EE87959,Healthy,154,441919
EE87959,Healthy,155,441388
EE87959,Healthy,156,466953
EE87959,Healthy,157,509793
EE87959,Healthy,158,565181
EE87959,Healthy,159,619558
EE87959,Healthy,160,661218
EE87959,Healthy,161,691325
EE87959,Healthy,162,725091
EE87959,Healthy,163,788472
EE87959,Healthy,164,886483
EE87959,Healthy,165,966638
EE87959,Healthy,166,987267
EE87959,Healthy,167,963769
EE87959,Healthy,168,923544
EE87959,Healthy,169,873109
EE87959,Healthy,170,812196
EE87959,Healthy,171,752365
EE87959,Healthy,172,701480
EE87959,Healthy,173,669761
EE87959,Healthy,174,644136
EE87959,Healthy,175,622729
EE87959,Healthy,176,594875
EE87959,Healthy,177,554913
EE87959,Healthy,178,509086
EE87959,Healthy,179,462374
EE87959,Healthy,180,416555
EE87959,Healthy,181,376508
EE87959,Healthy,182,340207
EE87959,Healthy,183,310699
EE87959,Healthy,184,288821
EE87959,Healthy,185,270534
EE87959,Healthy,186,253576
EE87959,Healthy,187,239736
EE87959,Healthy,188,224747
EE87959,Healthy,189,208522
EE87959,Healthy,190,190913
EE87959,Healthy,191,173152
EE87959,Healthy,192,156432
EE87959,Healthy,193,141882
EE87959,Healthy,194,130434
EE87959,Healthy,195,119152
EE87959,Healthy,196,111108
EE87959,Healthy,197,104124
EE87959,Healthy,198,98417
EE87959,Healthy,199,93487
EE87959,Healthy,200,86382
EE87959,Healthy,201,79946
EE87959,Healthy,202,73365
EE87959,Healthy,203,66983
EE87959,Healthy,204,60704
EE87959,Healthy,205,55907
EE87959,Healthy,206,51532
EE87959,Healthy,207,47973
EE87959,Healthy,208,45566
EE87959,Healthy,209,42225
EE87959,Healthy,210,39629
EE87959,Healthy,211,36802
EE87959,Healthy,212,34071
EE87959,Healthy,213,30677
EE87959,Healthy,214,28061
EE87959,Healthy,215,25765
EE87959,Healthy,216,23607
EE87959,Healthy,217,21995
EE87959,Healthy,218,20377
EE87959,Healthy,219,19048
EE87959,Healthy,220,17858
EE87959,Healthy,221,16865
EE87959,Healthy,222,15540
EE87959,Healthy,223,14133
EE87959,Healthy,224,12907
EE87959,Healthy,225,11781
EE87959,Healthy,226,10779
EE87959,Healthy,227,9994
EE87959,Healthy,228,9197
EE87959,Healthy,229,8832
EE87959,Healthy,230,8547
EE87959,Healthy,231,7711
EE87959,Healthy,232,7334
EE87959,Healthy,233,6720
EE87959,Healthy,234,6161
EE87959,Healthy,235,5782
EE87959,Healthy,236,5447
EE87959,Healthy,237,5140
EE87959,Healthy,238,4716
EE87959,Healthy,239,4594
EE87959,Healthy,240,4570
EE87959,Healthy,241,4424
EE87959,Healthy,242,4298
EE87959,Healthy,243,1000
EE87959,Healthy,244,720
EE87959,Healthy,245,687
EE87960,Healthy,83,22
EE87960,Healthy,84,37
EE87960,Healthy,85,35
EE87960,Healthy,86,33
EE87960,Healthy,87,437
EE87960,Healthy,88,503
EE87960,Healthy,89,541
EE87960,Healthy,90,550
EE87960,Healthy,91,583
EE87960,Healthy,92,630
EE87960,Healthy,93,655
EE87960,Healthy,94,757
EE87960,Healthy,95,795
EE87960,Healthy,96,878
EE87960,Healthy,97,812
EE87960,Healthy,98,952
EE87960,Healthy,99,8701
EE87960,Healthy,100,10610
EE87960,Healthy,101,11956
EE87960,Healthy,102,12726
EE87960,Healthy,103,13092
EE87960,Healthy,104,13309
EE87960,Healthy,105,13183
EE87960,Healthy,106,14762
EE87960,Healthy,107,16607
EE87960,Healthy,108,18830
EE87960,Healthy,109,22278
EE87960,Healthy,110,26776
EE87960,Healthy,111,30866
EE87960,Healthy,112,32120
EE87960,Healthy,113,29029
EE87960,Healthy,114,27675
EE87960,Healthy,115,28034
EE87960,Healthy,116,30178
EE87960,Healthy,117,33839
EE87960,Healthy,118,37340
EE87960,Healthy,119,43630
EE87960,Healthy,120,54280
EE87960,Healthy,121,68627
EE87960,Healthy,122,80788
EE87960,Healthy,123,78084
EE87960,Healthy,124,64029
EE87960,Healthy,125,53035
EE87960,Healthy,126,50943
EE87960,Healthy,127,55518
EE87960,Healthy,128,60899
EE87960,Healthy,129,69556
EE87960,Healthy,130,83060
EE87960,Healthy,131,105406
EE87960,Healthy,132,138672
EE87960,Healthy,133,171330
EE87960,Healthy,134,177415
EE87960,Healthy,135,159432
EE87960,Healthy,136,143915
EE87960,Healthy,137,150398
EE87960,Healthy,138,177891
EE87960,Healthy,139,218057
EE87960,Healthy,140,266872
EE87960,Healthy,141,303446
EE87960,Healthy,142,317239
EE87960,Healthy,143,316405
EE87960,Healthy,144,321889
EE87960,Healthy,145,329310
EE87960,Healthy,146,331597
EE87960,Healthy,147,336714
EE87960,Healthy,148,352290
EE87960,Healthy,149,374780
EE87960,Healthy,150,398596
EE87960,Healthy,151,430380
EE87960,Healthy,152,456916
EE87960,Healthy,153,456273
EE87960,Healthy,154,441472
EE87960,Healthy,155,441385
EE87960,Healthy,156,465763
EE87960,Healthy,157,508903
EE87960,Healthy,158,563781
EE87960,Healthy,159,618915
EE87960,Healthy,160,662506
EE87960,Healthy,161,691763
EE87960,Healthy,162,730751
EE87960,Healthy,163,797040
EE87960,Healthy,164,898100
EE87960,Healthy,165,990737
EE87960,Healthy,166,1022097
EE87960,Healthy,167,1010325
EE87960,Healthy,168,976259
EE87960,Healthy,169,932652
EE87960,Healthy,170,878265
EE87960,Healthy,171,822085
EE87960,Healthy,172,776758
EE87960,Healthy,173,747862
EE87960,Healthy,174,731413
EE87960,Healthy,175,709894
EE87960,Healthy,176,682360
EE87960,Healthy,177,637692
EE87960,Healthy,178,586270
EE87960,Healthy,179,532347
EE87960,Healthy,180,481371
EE87960,Healthy,181,435283
EE87960,Healthy,182,396384
EE87960,Healthy,183,363917
EE87960,Healthy,184,337908
EE87960,Healthy,185,318866
EE87960,Healthy,186,301449
EE87960,Healthy,187,285382
EE87960,Healthy,188,270080
EE87960,Healthy,189,251952
EE87960,Healthy,190,232397
EE87960,Healthy,191,211609
EE87960,Healthy,192,193471
EE87960,Healthy,193,176033
EE87960,Healthy,194,162009
EE87960,Healthy,195,150769
EE87960,Healthy,196,142662
EE87960,Healthy,197,134186
EE87960,Healthy,198,128405
EE87960,Healthy,199,122491
EE87960,Healthy,200,115396
EE87960,Healthy,201,107797
EE87960,Healthy,202,99686
EE87960,Healthy,203,91553
EE87960,Healthy,204,83635
EE87960,Healthy,205,77589
EE87960,Healthy,206,71608
EE87960,Healthy,207,67428
EE87960,Healthy,208,63438
EE87960,Healthy,209,60358
EE87960,Healthy,210,57126
EE87960,Healthy,211,53367
EE87960,Healthy,212,49348
EE87960,Healthy,213,45275
EE87960,Healthy,214,41560
EE87960,Healthy,215,37807
EE87960,Healthy,216,34891
EE87960,Healthy,217,32659
EE87960,Healthy,218,30423
EE87960,Healthy,219,28968
EE87960,Healthy,220,27321
EE87960,Healthy,221,25525
EE87960,Healthy,222,23706
EE87960,Healthy,223,22033
EE87960,Healthy,224,20124
EE87960,Healthy,225,18160
EE87960,Healthy,226,16994
EE87960,Healthy,227,15817
EE87960,Healthy,228,14862
EE87960,Healthy,229,13537
EE87960,Healthy,230,13084
EE87960,Healthy,231,12532
EE87960,Healthy,232,11603
EE87960,Healthy,233,10793
EE87960,Healthy,234,10198
EE87960,Healthy,235,9127
EE87960,Healthy,236,8457
EE87960,Healthy,237,8239
EE87960,Healthy,238,7669
EE87960,Healthy,239,7366
EE87960,Healthy,240,7159
EE87960,Healthy,241,6653
EE87960,Healthy,242,6073
EE87960,Healthy,243,5704
EE87960,Healthy,244,5485
EE87960,Healthy,245,5296
EE87960,Healthy,246,5006
EE87960,Healthy,247,4855
EE87960,Healthy,248,4658
EE87961,Healthy,84,473
EE87961,Healthy,85,475
EE87961,Healthy,86,520
EE87961,Healthy,87,475
EE87961,Healthy,88,565
EE87961,Healthy,89,621
EE87961,Healthy,90,663
EE87961,Healthy,91,830
EE87961,Healthy,92,899
EE87961,Healthy,93,954
EE87961,Healthy,94,1021
EE87961,Healthy,95,1220
EE87961,Healthy,96,1163
EE87961,Healthy,97,1211
EE87961,Healthy,98,1343
EE87961,Healthy,99,11599
EE87961,Healthy,100,14226
EE87961,Healthy,101,15850
EE87961,Healthy,102,16727
EE87961,Healthy,103,17256
EE87961,Healthy,104,17187
EE87961,Healthy,105,17659
EE87961,Healthy,106,19846
EE87961,Healthy,107,22373
EE87961,Healthy,108,25608
EE87961,Healthy,109,29407
EE87961,Healthy,110,35765
EE87961,Healthy,111,41465
EE87961,Healthy,112,41515
EE87961,Healthy,113,37949
EE87961,Healthy,114,35292
EE87961,Healthy,115,36374
EE87961,Healthy,116,39772
EE87961,Healthy,117,44733
EE87961,Healthy,118,50014
EE87961,Healthy,119,56644
EE87961,Healthy,120,69210
EE87961,Healthy,121,87306
EE87961,Healthy,122,102373
EE87961,Healthy,123,99943
EE87961,Healthy,124,80741
EE87961,Healthy,125,66609
EE87961,Healthy,126,64218
EE87961,Healthy,127,68866
EE87961,Healthy,128,76085
EE87961,Healthy,129,87102
EE87961,Healthy,130,105116
EE87961,Healthy,131,134285
EE87961,Healthy,132,174455
EE87961,Healthy,133,213993
EE87961,Healthy,134,222132
EE87961,Healthy,135,196418
EE87961,Healthy,136,177516
EE87961,Healthy,137,186146
EE87961,Healthy,138,221022
EE87961,Healthy,139,271546
EE87961,Healthy,140,332792
EE87961,Healthy,141,376075
EE87961,Healthy,142,389958
EE87961,Healthy,143,388558
EE87961,Healthy,144,393289
EE87961,Healthy,145,401040
EE87961,Healthy,146,402490
EE87961,Healthy,147,411152
EE87961,Healthy,148,434707
EE87961,Healthy,149,467384
EE87961,Healthy,150,500469
EE87961,Healthy,151,541832
EE87961,Healthy,152,577714
EE87961,Healthy,153,574579
EE87961,Healthy,154,554611
EE87961,Healthy,155,555036
EE87961,Healthy,156,586364
EE87961,Healthy,157,646668
EE87961,Healthy,158,723848
EE87961,Healthy,159,798493
EE87961,Healthy,160,852145
EE87961,Healthy,161,887441
EE87961,Healthy,162,928121
EE87961,Healthy,163,1004376
EE87961,Healthy,164,1128876
EE87961,Healthy,165,1245156
EE87961,Healthy,166,1294147
EE87961,Healthy,167,1286693
EE87961,Healthy,168,1258265
EE87961,Healthy,169,1208620
EE87961,Healthy,170,1142228
EE87961,Healthy,171,1069725
EE87961,Healthy,172,1012755
EE87961,Healthy,173,980877
EE87961,Healthy,174,965428
EE87961,Healthy,175,950762
EE87961,Healthy,176,923601
EE87961,Healthy,177,872498
EE87961,Healthy,178,805367
EE87961,Healthy,179,732890
EE87961,Healthy,180,665074
EE87961,Healthy,181,602407
EE87961,Healthy,182,547232
EE87961,Healthy,183,503218
EE87961,Healthy,184,468830
EE87961,Healthy,185,442195
EE87961,Healthy,186,419203
EE87961,Healthy,187,397374
EE87961,Healthy,188,373178
EE87961,Healthy,189,346420
EE87961,Healthy,190,315719
EE87961,Healthy,191,285378
EE87961,Healthy,192,257046
EE87961,Healthy,193,233287
EE87961,Healthy,194,213499
EE87961,Healthy,195,197631
EE87961,Healthy,196,185412
EE87961,Healthy,197,174599
EE87961,Healthy,198,166427
EE87961,Healthy,199,156495
EE87961,Healthy,200,146709
EE87961,Healthy,201,136255
EE87961,Healthy,202,124747
EE87961,Healthy,203,113849
EE87961,Healthy,204,104488
EE87961,Healthy,205,95494
EE87961,Healthy,206,88363
EE87961,Healthy,207,82749
EE87961,Healthy,208,77850
EE87961,Healthy,209,73626
EE87961,Healthy,210,68520
EE87961,Healthy,211,63922
EE87961,Healthy,212,58775
EE87961,Healthy,213,53788
EE87961,Healthy,214,49449
EE87961,Healthy,215,44778
EE87961,Healthy,216,41485
EE87961,Healthy,217,38648
EE87961,Healthy,218,35812
EE87961,Healthy,219,34030
EE87961,Healthy,220,31616
EE87961,Healthy,221,29257
EE87961,Healthy,222,27043
EE87961,Healthy,223,24882
EE87961,Healthy,224,23093
EE87961,Healthy,225,20737
EE87961,Healthy,226,19292
EE87961,Healthy,227,17641
EE87961,Healthy,228,16595
EE87961,Healthy,229,15923
EE87961,Healthy,230,14739
EE87961,Healthy,231,13831
EE87961,Healthy,232,13132
EE87961,Healthy,233,12224
EE87961,Healthy,234,11360
EE87961,Healthy,235,10521
EE87961,Healthy,236,9685
EE87961,Healthy,237,8979
EE87961,Healthy,238,8699
EE87961,Healthy,239,8376
EE87961,Healthy,240,8255
EE87961,Healthy,241,7980
EE87961,Healthy,242,7631
EE87961,Healthy,243,7393
EE87961,Healthy,244,6993
EE87961,Healthy,245,6516
EE87961,Healthy,246,1767
EE87961,Healthy,247,1858
EE87961,Healthy,248,1622
EE87962,Healthy,82,1
EE87962,Healthy,83,195
EE87962,Healthy,84,228
EE87962,Healthy,85,223
EE87962,Healthy,86,331
EE87962,Healthy,87,369
EE87962,Healthy,88,417
EE87962,Healthy,89,486
EE87962,Healthy,90,433
EE87962,Healthy,91,495
EE87962,Healthy,92,469
EE87962,Healthy,93,550
EE87962,Healthy,94,620
EE87962,Healthy,95,633
EE87962,Healthy,96,693
EE87962,Healthy,97,719
EE87962,Healthy,98,775
EE87962,Healthy,99,10222
EE87962,Healthy,100,12414
EE87962,Healthy,101,14019
EE87962,Healthy,102,14860
EE87962,Healthy,103,15139
EE87962,Healthy,104,15241
EE87962,Healthy,105,14865
EE87962,Healthy,106,16362
EE87962,Healthy,107,18679
EE87962,Healthy,108,21173
EE87962,Healthy,109,25100
EE87962,Healthy,110,30825
EE87962,Healthy,111,35608
EE87962,Healthy,112,36452
EE87962,Healthy,113,32570
EE87962,Healthy,114,29894
EE87962,Healthy,115,29958
EE87962,Healthy,116,32453
EE87962,Healthy,117,35717
EE87962,Healthy,118,40392
EE87962,Healthy,119,46812
EE87962,Healthy,120,59795
EE87962,Healthy,121,77574
EE87962,Healthy,122,92160
EE87962,Healthy,123,89390
EE87962,Healthy,124,71166
EE87962,Healthy,125,56550
EE87962,Healthy,126,53704
EE87962,Healthy,127,57970
EE87962,Healthy,128,64693
EE87962,Healthy,129,73662
EE87962,Healthy,130,90681
EE87962,Healthy,131,116890
EE87962,Healthy,132,155209
EE87962,Healthy,133,192519
EE87962,Healthy,134,199362
EE87962,Healthy,135,175031
EE87962,Healthy,136,153701
EE87962,Healthy,137,158727
EE87962,Healthy,138,187206
EE87962,Healthy,139,231794
EE87962,Healthy,140,284232
EE87962,Healthy,141,324358
EE87962,Healthy,142,336256
EE87962,Healthy,143,332491
EE87962,Healthy,144,333278
EE87962,Healthy,145,335573
EE87962,Healthy,146,331691
EE87962,Healthy,147,334398
EE87962,Healthy,148,351206
EE87962,Healthy,149,374299
EE87962,Healthy,150,405242
EE87962,Healthy,151,438652
EE87962,Healthy,152,467274
EE87962,Healthy,153,466471
EE87962,Healthy,154,447364
EE87962,Healthy,155,445180
EE87962,Healthy,156,468575
EE87962,Healthy,157,515030
EE87962,Healthy,158,573095
EE87962,Healthy,159,631927
EE87962,Healthy,160,674773
EE87962,Healthy,161,703423
EE87962,Healthy,162,735569
EE87962,Healthy,163,796410
EE87962,Healthy,164,894369
EE87962,Healthy,165,980234
EE87962,Healthy,166,1010960
EE87962,Healthy,167,1002327
EE87962,Healthy,168,971008
EE87962,Healthy,169,927776
EE87962,Healthy,170,869655
EE87962,Healthy,171,811978
EE87962,Healthy,172,762256
EE87962,Healthy,173,732590
EE87962,Healthy,174,715991
EE87962,Healthy,175,698889
EE87962,Healthy,176,672275
EE87962,Healthy,177,634227
EE87962,Healthy,178,584967
EE87962,Healthy,179,531592
EE87962,Healthy,180,484364
EE87962,Healthy,181,437229
EE87962,Healthy,182,397047
EE87962,Healthy,183,363391
EE87962,Healthy,184,337019
EE87962,Healthy,185,316626
EE87962,Healthy,186,297383
EE87962,Healthy,187,281922
EE87962,Healthy,188,264688
EE87962,Healthy,189,246612
EE87962,Healthy,190,225179
EE87962,Healthy,191,204181
EE87962,Healthy,192,186007
EE87962,Healthy,193,168558
EE87962,Healthy,194,154215
EE87962,Healthy,195,142326
EE87962,Healthy,196,133601
EE87962,Healthy,197,125706
EE87962,Healthy,198,119067
EE87962,Healthy,199,112255
EE87962,Healthy,200,105412
EE87962,Healthy,201,97458
EE87962,Healthy,202,90248
EE87962,Healthy,203,82632
EE87962,Healthy,204,75340
EE87962,Healthy,205,69511
EE87962,Healthy,206,64197
EE87962,Healthy,207,60189
EE87962,Healthy,208,56896
EE87962,Healthy,209,53382
EE87962,Healthy,210,50000
EE87962,Healthy,211,47123
EE87962,Healthy,212,43528
EE87962,Healthy,213,39679
EE87962,Healthy,214,36847
EE87962,Healthy,215,33611
EE87962,Healthy,216,30776
EE87962,Healthy,217,28943
EE87962,Healthy,218,26957
EE87962,Healthy,219,25479
EE87962,Healthy,220,23832
EE87962,Healthy,221,22594
EE87962,Healthy,222,20767
EE87962,Healthy,223,19395
EE87962,Healthy,224,17459
EE87962,Healthy,225,15906
EE87962,Healthy,226,14908
EE87962,Healthy,227,13906
EE87962,Healthy,228,12856
EE87962,Healthy,229,12361
EE87962,Healthy,230,11783
EE87962,Healthy,231,11065
EE87962,Healthy,232,10247
EE87962,Healthy,233,9712
EE87962,Healthy,234,8909
EE87962,Healthy,235,8363
EE87962,Healthy,236,7685
EE87962,Healthy,237,7445
EE87962,Healthy,238,7144
EE87962,Healthy,239,6890
EE87962,Healthy,240,6737
EE87962,Healthy,241,6454
EE87962,Healthy,242,6267
EE87962,Healthy,243,5956
EE87962,Healthy,244,5734
EE87962,Healthy,245,4954
EE87962,Healthy,246,4760
EE87962,Healthy,247,4638
EE87962,Healthy,248,150
EE87962,Healthy,249,113
EE87962,Healthy,250,111
EE87963,Healthy,82,5
EE87963,Healthy,83,242
EE87963,Healthy,84,220
EE87963,Healthy,85,279
EE87963,Healthy,86,381
EE87963,Healthy,87,379
EE87963,Healthy,88,390
EE87963,Healthy,89,471
EE87963,Healthy,90,449
EE87963,Healthy,91,461
EE87963,Healthy,92,573
EE87963,Healthy,93,622
EE87963,Healthy,94,644
EE87963,Healthy,95,645
EE87963,Healthy,96,762
EE87963,Healthy,97,638
EE87963,Healthy,98,854
EE87963,Healthy,99,11368
EE87963,Healthy,100,13840
EE87963,Healthy,101,15238
EE87963,Healthy,102,16376
EE87963,Healthy,103,16962
EE87963,Healthy,104,16396
EE87963,Healthy,105,16442
EE87963,Healthy,106,18014
EE87963,Healthy,107,20030
EE87963,Healthy,108,22886
EE87963,Healthy,109,27254
EE87963,Healthy,110,33395
EE87963,Healthy,111,39081
EE87963,Healthy,112,39883
EE87963,Healthy,113,35382
EE87963,Healthy,114,32043
EE87963,Healthy,115,32599
EE87963,Healthy,116,34938
EE87963,Healthy,117,38870
EE87963,Healthy,118,43859
EE87963,Healthy,119,51611
EE87963,Healthy,120,64861
EE87963,Healthy,121,85098
EE87963,Healthy,122,100873
EE87963,Healthy,123,98062
EE87963,Healthy,124,78105
EE87963,Healthy,125,61671
EE87963,Healthy,126,59083
EE87963,Healthy,127,63513
EE87963,Healthy,128,70840
EE87963,Healthy,129,81693
EE87963,Healthy,130,99431
EE87963,Healthy,131,129292
EE87963,Healthy,132,171767
EE87963,Healthy,133,213907
EE87963,Healthy,134,220610
EE87963,Healthy,135,192738
EE87963,Healthy,136,169402
EE87963,Healthy,137,174738
EE87963,Healthy,138,205754
EE87963,Healthy,139,255599
EE87963,Healthy,140,314463
EE87963,Healthy,141,358002
EE87963,Healthy,142,370675
EE87963,Healthy,143,366726
EE87963,Healthy,144,367034
EE87963,Healthy,145,368220
EE87963,Healthy,146,364304
EE87963,Healthy,147,366708
EE87963,Healthy,148,383262
EE87963,Healthy,149,410081
EE87963,Healthy,150,442577
EE87963,Healthy,151,480317
EE87963,Healthy,152,512382
EE87963,Healthy,153,509052
EE87963,Healthy,154,487327
EE87963,Healthy,155,486374
EE87963,Healthy,156,511582
EE87963,Healthy,157,559153
EE87963,Healthy,158,623609
EE87963,Healthy,159,684860
EE87963,Healthy,160,733209
EE87963,Healthy,161,763707
EE87963,Healthy,162,794179
EE87963,Healthy,163,861401
EE87963,Healthy,164,968004
EE87963,Healthy,165,1059592
EE87963,Healthy,166,1092094
EE87963,Healthy,167,1078252
EE87963,Healthy,168,1046903
EE87963,Healthy,169,994532
EE87963,Healthy,170,931930
EE87963,Healthy,171,869205
EE87963,Healthy,172,814851
EE87963,Healthy,173,782817
EE87963,Healthy,174,764246
EE87963,Healthy,175,744183
EE87963,Healthy,176,716841
EE87963,Healthy,177,675908
EE87963,Healthy,178,622508
EE87963,Healthy,179,567620
EE87963,Healthy,180,514551
EE87963,Healthy,181,463027
EE87963,Healthy,182,420788
EE87963,Healthy,183,385508
EE87963,Healthy,184,356771
EE87963,Healthy,185,334623
EE87963,Healthy,186,316408
EE87963,Healthy,187,298734
EE87963,Healthy,188,280555
EE87963,Healthy,189,259673
EE87963,Healthy,190,237717
EE87963,Healthy,191,215871
EE87963,Healthy,192,195612
EE87963,Healthy,193,177292
EE87963,Healthy,194,161889
EE87963,Healthy,195,150169
EE87963,Healthy,196,139702
EE87963,Healthy,197,132141
EE87963,Healthy,198,124945
EE87963,Healthy,199,117387
EE87963,Healthy,200,111459
EE87963,Healthy,201,102173
EE87963,Healthy,202,93719
EE87963,Healthy,203,86276
EE87963,Healthy,204,78947
EE87963,Healthy,205,72600
EE87963,Healthy,206,67331
EE87963,Healthy,207,62991
EE87963,Healthy,208,58863
EE87963,Healthy,209,55799
EE87963,Healthy,210,52052
EE87963,Healthy,211,48777
EE87963,Healthy,212,45029
EE87963,Healthy,213,41374
EE87963,Healthy,214,37674
EE87963,Healthy,215,34564
EE87963,Healthy,216,31906
EE87963,Healthy,217,29872
EE87963,Healthy,218,27910
EE87963,Healthy,219,26341
EE87963,Healthy,220,24753
EE87963,Healthy,221,23111
EE87963,Healthy,222,21357
EE87963,Healthy,223,19567
EE87963,Healthy,224,18042
EE87963,Healthy,225,16608
EE87963,Healthy,226,15478
EE87963,Healthy,227,14186
EE87963,Healthy,228,13141
EE87963,Healthy,229,12472
EE87963,Healthy,230,12062
EE87963,Healthy,231,11356
EE87963,Healthy,232,10601
EE87963,Healthy,233,9881
EE87963,Healthy,234,8992
EE87963,Healthy,235,8521
EE87963,Healthy,236,7888
EE87963,Healthy,237,7577
EE87963,Healthy,238,7318
EE87963,Healthy,239,7092
EE87963,Healthy,240,6878
EE87963,Healthy,241,6710
EE87963,Healthy,242,6421
EE87963,Healthy,243,6324
EE87963,Healthy,244,5382
EE87963,Healthy,245,4814
EE87963,Healthy,246,4558
EE87963,Healthy,247,3990
EE87963,Healthy,248,649
EE87963,Healthy,249,596
EE87963,Healthy,250,625
EE87964,Healthy,83,10
EE87964,Healthy,84,5
EE87964,Healthy,85,9
EE87964,Healthy,86,164
EE87964,Healthy,87,174
EE87964,Healthy,88,204
EE87964,Healthy,89,251
EE87964,Healthy,90,363
EE87964,Healthy,91,375
EE87964,Healthy,92,399
EE87964,Healthy,93,438
EE87964,Healthy,94,435
EE87964,Healthy,95,441
EE87964,Healthy,96,543
EE87964,Healthy,97,508
EE87964,Healthy,98,584
EE87964,Healthy,99,6769
EE87964,Healthy,100,8491
EE87964,Healthy,101,9636
EE87964,Healthy,102,10459
EE87964,Healthy,103,10608
EE87964,Healthy,104,10677
EE87964,Healthy,105,10871
EE87964,Healthy,106,11651
EE87964,Healthy,107,13274
EE87964,Healthy,108,15580
EE87964,Healthy,109,18446
EE87964,Healthy,110,22781
EE87964,Healthy,111,26301
EE87964,Healthy,112,27597
EE87964,Healthy,113,25128
EE87964,Healthy,114,23248
EE87964,Healthy,115,24001
EE87964,Healthy,116,25850
EE87964,Healthy,117,28832
EE87964,Healthy,118,32589
EE87964,Healthy,119,38023
EE87964,Healthy,120,46586
EE87964,Healthy,121,58310
EE87964,Healthy,122,68508
EE87964,Healthy,123,67073
EE87964,Healthy,124,55404
EE87964,Healthy,125,45916
EE87964,Healthy,126,44305
EE87964,Healthy,127,47135
EE87964,Healthy,128,51957
EE87964,Healthy,129,59275
EE87964,Healthy,130,70465
EE87964,Healthy,131,87973
EE87964,Healthy,132,114006
EE87964,Healthy,133,139239
EE87964,Healthy,134,144531
EE87964,Healthy,135,128588
EE87964,Healthy,136,114024
EE87964,Healthy,137,117133
EE87964,Healthy,138,135495
EE87964,Healthy,139,167104
EE87964,Healthy,140,206891
EE87964,Healthy,141,239069
EE87964,Healthy,142,252482
EE87964,Healthy,143,254607
EE87964,Healthy,144,259806
EE87964,Healthy,145,264486
EE87964,Healthy,146,265095
EE87964,Healthy,147,267458
EE87964,Healthy,148,281352
EE87964,Healthy,149,300045
EE87964,Healthy,150,321998
EE87964,Healthy,151,350067
EE87964,Healthy,152,376116
EE87964,Healthy,153,379709
EE87964,Healthy,154,366272
EE87964,Healthy,155,361633
EE87964,Healthy,156,379442
EE87964,Healthy,157,413628
EE87964,Healthy,158,461398
EE87964,Healthy,159,511714
EE87964,Healthy,160,555774
EE87964,Healthy,161,585007
EE87964,Healthy,162,611858
EE87964,Healthy,163,656693
EE87964,Healthy,164,724419
EE87964,Healthy,165,793122
EE87964,Healthy,166,833254
EE87964,Healthy,167,842114
EE87964,Healthy,168,839038
EE87964,Healthy,169,822459
EE87964,Healthy,170,795020
EE87964,Healthy,171,762313
EE87964,Healthy,172,734135
EE87964,Healthy,173,721138
EE87964,Healthy,174,717646
EE87964,Healthy,175,715068
EE87964,Healthy,176,698349
EE87964,Healthy,177,667125
EE87964,Healthy,178,622099
EE87964,Healthy,179,574528
EE87964,Healthy,180,527536
EE87964,Healthy,181,484530
EE87964,Healthy,182,448677
EE87964,Healthy,183,418846
EE87964,Healthy,184,393950
EE87964,Healthy,185,376185
EE87964,Healthy,186,360058
EE87964,Healthy,187,343865
EE87964,Healthy,188,325698
EE87964,Healthy,189,304379
EE87964,Healthy,190,281137
EE87964,Healthy,191,258604
EE87964,Healthy,192,236424
EE87964,Healthy,193,216727
EE87964,Healthy,194,200702
EE87964,Healthy,195,188316
EE87964,Healthy,196,178197
EE87964,Healthy,197,169540
EE87964,Healthy,198,161179
EE87964,Healthy,199,153127
EE87964,Healthy,200,144416
EE87964,Healthy,201,134660
EE87964,Healthy,202,124559
EE87964,Healthy,203,114296
EE87964,Healthy,204,105003
EE87964,Healthy,205,97601
EE87964,Healthy,206,90744
EE87964,Healthy,207,85394
EE87964,Healthy,208,80734
EE87964,Healthy,209,75925
EE87964,Healthy,210,71300
EE87964,Healthy,211,67102
EE87964,Healthy,212,61789
EE87964,Healthy,213,56687
EE87964,Healthy,214,51564
EE87964,Healthy,215,48027
EE87964,Healthy,216,43831
EE87964,Healthy,217,40730
EE87964,Healthy,218,38231
EE87964,Healthy,219,35788
EE87964,Healthy,220,34015
EE87964,Healthy,221,31504
EE87964,Healthy,222,29501
EE87964,Healthy,223,26966
EE87964,Healthy,224,24967
EE87964,Healthy,225,22796
EE87964,Healthy,226,20897
EE87964,Healthy,227,19228
EE87964,Healthy,228,18534
EE87964,Healthy,229,16917
EE87964,Healthy,230,16272
EE87964,Healthy,231,14827
EE87964,Healthy,232,14018
EE87964,Healthy,233,13128
EE87964,Healthy,234,11809
EE87964,Healthy,235,10971
EE87964,Healthy,236,10410
EE87964,Healthy,237,9728
EE87964,Healthy,238,9110
EE87964,Healthy,239,8725
EE87964,Healthy,240,8286
EE87964,Healthy,241,7868
EE87964,Healthy,242,7447
EE87964,Healthy,243,7175
EE87964,Healthy,244,6793
EE87964,Healthy,245,6387
EE87964,Healthy,246,5867
EE87964,Healthy,247,5544
EE87964,Healthy,248,5035
EE87964,Healthy,249,4815
EE87964,Healthy,250,4660
EE87964,Healthy,251,4603
EE87964,Healthy,252,3527
EE87964,Healthy,253,3411
EE87964,Healthy,254,3427
EE87964,Healthy,255,2874
EE87964,Healthy,256,880
EE87964,Healthy,257,878
EE87964,Healthy,258,812
EE87965,Healthy,81,5
EE87965,Healthy,82,23
EE87965,Healthy,83,24
EE87965,Healthy,84,31
EE87965,Healthy,85,330
EE87965,Healthy,86,341
EE87965,Healthy,87,327
EE87965,Healthy,88,391
EE87965,Healthy,89,481
EE87965,Healthy,90,429
EE87965,Healthy,91,484
EE87965,Healthy,92,493
EE87965,Healthy,93,520
EE87965,Healthy,94,635
EE87965,Healthy,95,655
EE87965,Healthy,96,679
EE87965,Healthy,97,737
EE87965,Healthy,98,750
EE87965,Healthy,99,8308
EE87965,Healthy,100,10047
EE87965,Healthy,101,11025
EE87965,Healthy,102,11928
EE87965,Healthy,103,12311
EE87965,Healthy,104,12432
EE87965,Healthy,105,12556
EE87965,Healthy,106,14009
EE87965,Healthy,107,15743
EE87965,Healthy,108,17726
EE87965,Healthy,109,20934
EE87965,Healthy,110,25486
EE87965,Healthy,111,29771
EE87965,Healthy,112,30722
EE87965,Healthy,113,28129
EE87965,Healthy,114,26171
EE87965,Healthy,115,26697
EE87965,Healthy,116,29457
EE87965,Healthy,117,32672
EE87965,Healthy,118,36669
EE87965,Healthy,119,42840
EE87965,Healthy,120,54527
EE87965,Healthy,121,71736
EE87965,Healthy,122,86480
EE87965,Healthy,123,84276
EE87965,Healthy,124,67404
EE87965,Healthy,125,53723
EE87965,Healthy,126,51411
EE87965,Healthy,127,54442
EE87965,Healthy,128,60849
EE87965,Healthy,129,69738
EE87965,Healthy,130,85527
EE87965,Healthy,131,111685
EE87965,Healthy,132,149508
EE87965,Healthy,133,188469
EE87965,Healthy,134,196331
EE87965,Healthy,135,172421
EE87965,Healthy,136,150328
EE87965,Healthy,137,154872
EE87965,Healthy,138,184594
EE87965,Healthy,139,233448
EE87965,Healthy,140,293826
EE87965,Healthy,141,339627
EE87965,Healthy,142,351846
EE87965,Healthy,143,344887
EE87965,Healthy,144,345238
EE87965,Healthy,145,350387
EE87965,Healthy,146,347846
EE87965,Healthy,147,350676
EE87965,Healthy,148,366244
EE87965,Healthy,149,390258
EE87965,Healthy,150,422257
EE87965,Healthy,151,460800
EE87965,Healthy,152,494856
EE87965,Healthy,153,492003
EE87965,Healthy,154,463631
EE87965,Healthy,155,454809
EE87965,Healthy,156,477417
EE87965,Healthy,157,523597
EE87965,Healthy,158,585899
EE87965,Healthy,159,653018
EE87965,Healthy,160,703875
EE87965,Healthy,161,731687
EE87965,Healthy,162,755467
EE87965,Healthy,163,805996
EE87965,Healthy,164,893729
EE87965,Healthy,165,977455
EE87965,Healthy,166,1017832
EE87965,Healthy,167,1021533
EE87965,Healthy,168,1007820
EE87965,Healthy,169,971624
EE87965,Healthy,170,920474
EE87965,Healthy,171,863574
EE87965,Healthy,172,817124
EE87965,Healthy,173,789963
EE87965,Healthy,174,774048
EE87965,Healthy,175,766012
EE87965,Healthy,176,751951
EE87965,Healthy,177,721302
EE87965,Healthy,178,678461
EE87965,Healthy,179,630397
EE87965,Healthy,180,579002
EE87965,Healthy,181,531198
EE87965,Healthy,182,486849
EE87965,Healthy,183,449533
EE87965,Healthy,184,420690
EE87965,Healthy,185,400960
EE87965,Healthy,186,382607
EE87965,Healthy,187,368842
EE87965,Healthy,188,351648
EE87965,Healthy,189,331610
EE87965,Healthy,190,306336
EE87965,Healthy,191,282222
EE87965,Healthy,192,256412
EE87965,Healthy,193,232088
EE87965,Healthy,194,214457
EE87965,Healthy,195,197864
EE87965,Healthy,196,186483
EE87965,Healthy,197,176438
EE87965,Healthy,198,168641
EE87965,Healthy,199,159321
EE87965,Healthy,200,150545
EE87965,Healthy,201,139122
EE87965,Healthy,202,128697
EE87965,Healthy,203,117147
EE87965,Healthy,204,106989
EE87965,Healthy,205,98612
EE87965,Healthy,206,91111
EE87965,Healthy,207,85928
EE87965,Healthy,208,80315
EE87965,Healthy,209,75773
EE87965,Healthy,210,71600
EE87965,Healthy,211,66528
EE87965,Healthy,212,61856
EE87965,Healthy,213,56096
EE87965,Healthy,214,51615
EE87965,Healthy,215,47193
EE87965,Healthy,216,42831
EE87965,Healthy,217,40382
EE87965,Healthy,218,37491
EE87965,Healthy,219,35211
EE87965,Healthy,220,33383
EE87965,Healthy,221,30986
EE87965,Healthy,222,28351
EE87965,Healthy,223,26137
EE87965,Healthy,224,23919
EE87965,Healthy,225,21763
EE87965,Healthy,226,19882
EE87965,Healthy,227,18670
EE87965,Healthy,228,17291
EE87965,Healthy,229,16269
EE87965,Healthy,230,15239
EE87965,Healthy,231,14193
EE87965,Healthy,232,13408
EE87965,Healthy,233,12143
EE87965,Healthy,234,11475
EE87965,Healthy,235,10610
EE87965,Healthy,236,9776
EE87965,Healthy,237,9127
EE87965,Healthy,238,8591
EE87965,Healthy,239,8243
EE87965,Healthy,240,7992
EE87965,Healthy,241,7519
EE87965,Healthy,242,7090
EE87965,Healthy,243,6866
EE87965,Healthy,244,6500
EE87965,Healthy,245,6206
EE87965,Healthy,246,5973
EE87965,Healthy,247,5160
EE87965,Healthy,248,4839
EE87965,Healthy,249,4898
EE87965,Healthy,250,4770
EE87965,Healthy,251,4638
EE87965,Healthy,252,4599
EE87965,Healthy,253,4407
EE87965,Healthy,254,624
EE87965,Healthy,255,641
EE87965,Healthy,256,599
EE87966,Healthy,93,27
EE87966,Healthy,94,52
EE87966,Healthy,95,70
EE87966,Healthy,96,202
EE87966,Healthy,97,458
EE87966,Healthy,98,588
EE87966,Healthy,99,4150
EE87966,Healthy,100,5031
EE87966,Healthy,101,5856
EE87966,Healthy,102,6173
EE87966,Healthy,103,6381
EE87966,Healthy,104,6573
EE87966,Healthy,105,6413
EE87966,Healthy,106,7211
EE87966,Healthy,107,8137
EE87966,Healthy,108,9531
EE87966,Healthy,109,11487
EE87966,Healthy,110,14110
EE87966,Healthy,111,16371
EE87966,Healthy,112,17402
EE87966,Healthy,113,15571
EE87966,Healthy,114,14667
EE87966,Healthy,115,14946
EE87966,Healthy,116,16576
EE87966,Healthy,117,18777
EE87966,Healthy,118,21437
EE87966,Healthy,119,25131
EE87966,Healthy,120,32256
EE87966,Healthy,121,42250
EE87966,Healthy,122,51076
EE87966,Healthy,123,50575
EE87966,Healthy,124,40486
EE87966,Healthy,125,32643
EE87966,Healthy,126,31225
EE87966,Healthy,127,34113
EE87966,Healthy,128,38745
EE87966,Healthy,129,44720
EE87966,Healthy,130,55339
EE87966,Healthy,131,72341
EE87966,Healthy,132,97277
EE87966,Healthy,133,123153
EE87966,Healthy,134,128538
EE87966,Healthy,135,113447
EE87966,Healthy,136,99647
EE87966,Healthy,137,104538
EE87966,Healthy,138,127586
EE87966,Healthy,139,161737
EE87966,Healthy,140,202031
EE87966,Healthy,141,235016
EE87966,Healthy,142,247940
EE87966,Healthy,143,248990
EE87966,Healthy,144,253635
EE87966,Healthy,145,257785
EE87966,Healthy,146,258043
EE87966,Healthy,147,263592
EE87966,Healthy,148,281243
EE87966,Healthy,149,305774
EE87966,Healthy,150,333040
EE87966,Healthy,151,367807
EE87966,Healthy,152,397030
EE87966,Healthy,153,401825
EE87966,Healthy,154,386825
EE87966,Healthy,155,385635
EE87966,Healthy,156,408015
EE87966,Healthy,157,452633
EE87966,Healthy,158,508378
EE87966,Healthy,159,572673
EE87966,Healthy,160,621464
EE87966,Healthy,161,654890
EE87966,Healthy,162,689300
EE87966,Healthy,163,752408
EE87966,Healthy,164,847340
EE87966,Healthy,165,938356
EE87966,Healthy,166,979255
EE87966,Healthy,167,984011
EE87966,Healthy,168,973257
EE87966,Healthy,169,948515
EE87966,Healthy,170,903088
EE87966,Healthy,171,855011
EE87966,Healthy,172,812333
EE87966,Healthy,173,789561
EE87966,Healthy,174,778893
EE87966,Healthy,175,767141
EE87966,Healthy,176,745775
EE87966,Healthy,177,705043
EE87966,Healthy,178,656045
EE87966,Healthy,179,600838
EE87966,Healthy,180,547431
EE87966,Healthy,181,498187
EE87966,Healthy,182,454096
EE87966,Healthy,183,417570
EE87966,Healthy,184,388764
EE87966,Healthy,185,364241
EE87966,Healthy,186,345293
EE87966,Healthy,187,329012
EE87966,Healthy,188,309081
EE87966,Healthy,189,287011
EE87966,Healthy,190,264973
EE87966,Healthy,191,241571
EE87966,Healthy,192,219865
EE87966,Healthy,193,198552
EE87966,Healthy,194,182496
EE87966,Healthy,195,169882
EE87966,Healthy,196,159377
EE87966,Healthy,197,150528
EE87966,Healthy,198,142915
EE87966,Healthy,199,134936
EE87966,Healthy,200,127414
EE87966,Healthy,201,117658
EE87966,Healthy,202,108427
EE87966,Healthy,203,98905
EE87966,Healthy,204,90761
EE87966,Healthy,205,83269
EE87966,Healthy,206,77381
EE87966,Healthy,207,72280
EE87966,Healthy,208,68449
EE87966,Healthy,209,64586
EE87966,Healthy,210,60429
EE87966,Healthy,211,56574
EE87966,Healthy,212,52288
EE87966,Healthy,213,47735
EE87966,Healthy,214,43340
EE87966,Healthy,215,39990
EE87966,Healthy,216,37040
EE87966,Healthy,217,34343
EE87966,Healthy,218,31578
EE87966,Healthy,219,29753
EE87966,Healthy,220,28032
EE87966,Healthy,221,26176
EE87966,Healthy,222,24260
EE87966,Healthy,223,22371
EE87966,Healthy,224,20230
EE87966,Healthy,225,18486
EE87966,Healthy,226,16979
EE87966,Healthy,227,15765
EE87966,Healthy,228,14533
EE87966,Healthy,229,13796
EE87966,Healthy,230,12798
EE87966,Healthy,231,11902
EE87966,Healthy,232,11057
EE87966,Healthy,233,10114
EE87966,Healthy,234,9503
EE87966,Healthy,235,8829
EE87966,Healthy,236,8086
EE87966,Healthy,237,7437
EE87966,Healthy,238,6593
EE87966,Healthy,239,6377
EE87966,Healthy,240,6032
EE87966,Healthy,241,5495
EE87966,Healthy,242,5392
EE87966,Healthy,243,4820
EE87967,Healthy,84,9
EE87967,Healthy,85,26
EE87967,Healthy,86,32
EE87967,Healthy,87,26
EE87967,Healthy,88,246
EE87967,Healthy,89,305
EE87967,Healthy,90,315
EE87967,Healthy,91,380
EE87967,Healthy,92,428
EE87967,Healthy,93,418
EE87967,Healthy,94,471
EE87967,Healthy,95,530
EE87967,Healthy,96,617
EE87967,Healthy,97,576
EE87967,Healthy,98,630
EE87967,Healthy,99,5559
EE87967,Healthy,100,6664
EE87967,Healthy,101,7483
EE87967,Healthy,102,8263
EE87967,Healthy,103,8493
EE87967,Healthy,104,8460
EE87967,Healthy,105,8623
EE87967,Healthy,106,9588
EE87967,Healthy,107,10674
EE87967,Healthy,108,12495
EE87967,Healthy,109,15153
EE87967,Healthy,110,18703
EE87967,Healthy,111,22218
EE87967,Healthy,112,23077
EE87967,Healthy,113,21349
EE87967,Healthy,114,19928
EE87967,Healthy,115,20214
EE87967,Healthy,116,22386
EE87967,Healthy,117,25022
EE87967,Healthy,118,28445
EE87967,Healthy,119,33469
EE87967,Healthy,120,42227
EE87967,Healthy,121,55464
EE87967,Healthy,122,66098
EE87967,Healthy,123,65756
EE87967,Healthy,124,53418
EE87967,Healthy,125,43818
EE87967,Healthy,126,42362
EE87967,Healthy,127,45049
EE87967,Healthy,128,50305
EE87967,Healthy,129,58346
EE87967,Healthy,130,70494
EE87967,Healthy,131,89488
EE87967,Healthy,132,119728
EE87967,Healthy,133,149457
EE87967,Healthy,134,156866
EE87967,Healthy,135,139524
EE87967,Healthy,136,123282
EE87967,Healthy,137,126514
EE87967,Healthy,138,148822
EE87967,Healthy,139,184428
EE87967,Healthy,140,229081
EE87967,Healthy,141,264535
EE87967,Healthy,142,276055
EE87967,Healthy,143,274354
EE87967,Healthy,144,278958
EE87967,Healthy,145,285190
EE87967,Healthy,146,284539
EE87967,Healthy,147,286911
EE87967,Healthy,148,298992
EE87967,Healthy,149,317896
EE87967,Healthy,150,342424
EE87967,Healthy,151,373598
EE87967,Healthy,152,400309
EE87967,Healthy,153,398395
EE87967,Healthy,154,382097
EE87967,Healthy,155,379629
EE87967,Healthy,156,398828
EE87967,Healthy,157,439023
EE87967,Healthy,158,488180
EE87967,Healthy,159,541367
EE87967,Healthy,160,583402
EE87967,Healthy,161,609745
EE87967,Healthy,162,636225
EE87967,Healthy,163,688096
EE87967,Healthy,164,771004
EE87967,Healthy,165,848006
EE87967,Healthy,166,882348
EE87967,Healthy,167,883820
EE87967,Healthy,168,864626
EE87967,Healthy,169,831387
EE87967,Healthy,170,786367
EE87967,Healthy,171,738845
EE87967,Healthy,172,701225
EE87967,Healthy,173,675425
EE87967,Healthy,174,664185
EE87967,Healthy,175,652912
EE87967,Healthy,176,635190
EE87967,Healthy,177,601408
EE87967,Healthy,178,555532
EE87967,Healthy,179,508400
EE87967,Healthy,180,462646
EE87967,Healthy,181,418917
EE87967,Healthy,182,381849
EE87967,Healthy,183,350708
EE87967,Healthy,184,326829
EE87967,Healthy,185,306976
EE87967,Healthy,186,292131
EE87967,Healthy,187,275936
EE87967,Healthy,188,262472
EE87967,Healthy,189,242706
EE87967,Healthy,190,224913
EE87967,Healthy,191,203601
EE87967,Healthy,192,185058
EE87967,Healthy,193,168584
EE87967,Healthy,194,154643
EE87967,Healthy,195,143144
EE87967,Healthy,196,135212
EE87967,Healthy,197,127192
EE87967,Healthy,198,121345
EE87967,Healthy,199,114808
EE87967,Healthy,200,107885
EE87967,Healthy,201,100184
EE87967,Healthy,202,92257
EE87967,Healthy,203,84366
EE87967,Healthy,204,77343
EE87967,Healthy,205,71667
EE87967,Healthy,206,66324
EE87967,Healthy,207,62660
EE87967,Healthy,208,58673
EE87967,Healthy,209,55398
EE87967,Healthy,210,52235
EE87967,Healthy,211,48917
EE87967,Healthy,212,45060
EE87967,Healthy,213,41188
EE87967,Healthy,214,37455
EE87967,Healthy,215,34567
EE87967,Healthy,216,32124
EE87967,Healthy,217,29511
EE87967,Healthy,218,27790
EE87967,Healthy,219,26257
EE87967,Healthy,220,24689
EE87967,Healthy,221,22961
EE87967,Healthy,222,21343
EE87967,Healthy,223,19702
EE87967,Healthy,224,17684
EE87967,Healthy,225,16684
EE87967,Healthy,226,15239
EE87967,Healthy,227,13968
EE87967,Healthy,228,13219
EE87967,Healthy,229,12171
EE87967,Healthy,230,11354
EE87967,Healthy,231,10728
EE87967,Healthy,232,10100
EE87967,Healthy,233,9436
EE87967,Healthy,234,8665
EE87967,Healthy,235,7927
EE87967,Healthy,236,7479
EE87967,Healthy,237,6892
EE87967,Healthy,238,6473
EE87967,Healthy,239,6418
EE87967,Healthy,240,6181
EE87967,Healthy,241,5866
EE87967,Healthy,242,5477
EE87967,Healthy,243,4889
EE87967,Healthy,244,4642
EE87967,Healthy,245,4253
EE87967,Healthy,246,484
EE87967,Healthy,247,460
EE87967,Healthy,248,405
EE87968,Healthy,89,127
EE87968,Healthy,90,143
EE87968,Healthy,91,153
EE87968,Healthy,92,133
EE87968,Healthy,93,380
EE87968,Healthy,94,431
EE87968,Healthy,95,712
EE87968,Healthy,96,776
EE87968,Healthy,97,812
EE87968,Healthy,98,808
EE87968,Healthy,99,5779
EE87968,Healthy,100,6697
EE87968,Healthy,101,7306
EE87968,Healthy,102,8033
EE87968,Healthy,103,8373
EE87968,Healthy,104,8423
EE87968,Healthy,105,8913
EE87968,Healthy,106,9590
EE87968,Healthy,107,10951
EE87968,Healthy,108,12353
EE87968,Healthy,109,14031
EE87968,Healthy,110,16662
EE87968,Healthy,111,19206
EE87968,Healthy,112,20161
EE87968,Healthy,113,18839
EE87968,Healthy,114,18330
EE87968,Healthy,115,18982
EE87968,Healthy,116,21337
EE87968,Healthy,117,23970
EE87968,Healthy,118,27235
EE87968,Healthy,119,31157
EE87968,Healthy,120,38917
EE87968,Healthy,121,51783
EE87968,Healthy,122,62534
EE87968,Healthy,123,62822
EE87968,Healthy,124,52594
EE87968,Healthy,125,44744
EE87968,Healthy,126,44833
EE87968,Healthy,127,50016
EE87968,Healthy,128,57155
EE87968,Healthy,129,67164
EE87968,Healthy,130,83221
EE87968,Healthy,131,108848
EE87968,Healthy,132,145861
EE87968,Healthy,133,184220
EE87968,Healthy,134,195522
EE87968,Healthy,135,179882
EE87968,Healthy,136,168348
EE87968,Healthy,137,180966
EE87968,Healthy,138,216813
EE87968,Healthy,139,266925
EE87968,Healthy,140,323236
EE87968,Healthy,141,369152
EE87968,Healthy,142,387343
EE87968,Healthy,143,390393
EE87968,Healthy,144,398015
EE87968,Healthy,145,407815
EE87968,Healthy,146,412288
EE87968,Healthy,147,422238
EE87968,Healthy,148,443442
EE87968,Healthy,149,474081
EE87968,Healthy,150,504576
EE87968,Healthy,151,544408
EE87968,Healthy,152,578711
EE87968,Healthy,153,579025
EE87968,Healthy,154,560775
EE87968,Healthy,155,565117
EE87968,Healthy,156,598378
EE87968,Healthy,157,653329
EE87968,Healthy,158,721715
EE87968,Healthy,159,791029
EE87968,Healthy,160,841743
EE87968,Healthy,161,878978
EE87968,Healthy,162,920167
EE87968,Healthy,163,999055
EE87968,Healthy,164,1116222
EE87968,Healthy,165,1217417
EE87968,Healthy,166,1249013
EE87968,Healthy,167,1225643
EE87968,Healthy,168,1175084
EE87968,Healthy,169,1109499
EE87968,Healthy,170,1030137
EE87968,Healthy,171,949687
EE87968,Healthy,172,878459
EE87968,Healthy,173,827334
EE87968,Healthy,174,791023
EE87968,Healthy,175,755021
EE87968,Healthy,176,713384
EE87968,Healthy,177,657828
EE87968,Healthy,178,598050
EE87968,Healthy,179,537177
EE87968,Healthy,180,478671
EE87968,Healthy,181,428584
EE87968,Healthy,182,382787
EE87968,Healthy,183,345521
EE87968,Healthy,184,317108
EE87968,Healthy,185,293188
EE87968,Healthy,186,273954
EE87968,Healthy,187,255461
EE87968,Healthy,188,237495
EE87968,Healthy,189,218652
EE87968,Healthy,190,198413
EE87968,Healthy,191,178431
EE87968,Healthy,192,161349
EE87968,Healthy,193,144785
EE87968,Healthy,194,132826
EE87968,Healthy,195,122524
EE87968,Healthy,196,114444
EE87968,Healthy,197,108172
EE87968,Healthy,198,102542
EE87968,Healthy,199,96609
EE87968,Healthy,200,90207
EE87968,Healthy,201,84065
EE87968,Healthy,202,77430
EE87968,Healthy,203,70425
EE87968,Healthy,204,64197
EE87968,Healthy,205,59256
EE87968,Healthy,206,55313
EE87968,Healthy,207,51650
EE87968,Healthy,208,48729
EE87968,Healthy,209,45641
EE87968,Healthy,210,42840
EE87968,Healthy,211,40006
EE87968,Healthy,212,36872
EE87968,Healthy,213,33535
EE87968,Healthy,214,30868
EE87968,Healthy,215,27941
EE87968,Healthy,216,25448
EE87968,Healthy,217,23755
EE87968,Healthy,218,22237
EE87968,Healthy,219,20724
EE87968,Healthy,220,19484
EE87968,Healthy,221,18180
EE87968,Healthy,222,16844
EE87968,Healthy,223,15546
EE87968,Healthy,224,14287
EE87968,Healthy,225,12724
EE87968,Healthy,226,11881
EE87968,Healthy,227,10887
EE87968,Healthy,228,10216
EE87968,Healthy,229,9720
EE87968,Healthy,230,9181
EE87968,Healthy,231,8651
EE87968,Healthy,232,8082
EE87968,Healthy,233,7428
EE87968,Healthy,234,6737
EE87968,Healthy,235,6028
EE87968,Healthy,236,397
EE87968,Healthy,237,203
EE87968,Healthy,238,236
EE87969,Healthy,84,18
EE87969,Healthy,85,21
EE87969,Healthy,86,24
EE87969,Healthy,87,69
EE87969,Healthy,88,160
EE87969,Healthy,89,157
EE87969,Healthy,90,221
EE87969,Healthy,91,380
EE87969,Healthy,92,388
EE87969,Healthy,93,415
EE87969,Healthy,94,566
EE87969,Healthy,95,655
EE87969,Healthy,96,611
EE87969,Healthy,97,681
EE87969,Healthy,98,742
EE87969,Healthy,99,6787
EE87969,Healthy,100,8142
EE87969,Healthy,101,8990
EE87969,Healthy,102,9485
EE87969,Healthy,103,9943
EE87969,Healthy,104,10138
EE87969,Healthy,105,9932
EE87969,Healthy,106,10982
EE87969,Healthy,107,12407
EE87969,Healthy,108,14166
EE87969,Healthy,109,17123
EE87969,Healthy,110,20396
EE87969,Healthy,111,23773
EE87969,Healthy,112,24211
EE87969,Healthy,113,22296
EE87969,Healthy,114,20911
EE87969,Healthy,115,21401
EE87969,Healthy,116,23428
EE87969,Healthy,117,26012
EE87969,Healthy,118,29815
EE87969,Healthy,119,35040
EE87969,Healthy,120,44838
EE87969,Healthy,121,59686
EE87969,Healthy,122,71780
EE87969,Healthy,123,70187
EE87969,Healthy,124,56678
EE87969,Healthy,125,46361
EE87969,Healthy,126,44529
EE87969,Healthy,127,48017
EE87969,Healthy,128,54655
EE87969,Healthy,129,63138
EE87969,Healthy,130,78260
EE87969,Healthy,131,102305
EE87969,Healthy,132,139309
EE87969,Healthy,133,176470
EE87969,Healthy,134,184112
EE87969,Healthy,135,162640
EE87969,Healthy,136,143168
EE87969,Healthy,137,148843
EE87969,Healthy,138,177457
EE87969,Healthy,139,223069
EE87969,Healthy,140,277345
EE87969,Healthy,141,320176
EE87969,Healthy,142,334912
EE87969,Healthy,143,333282
EE87969,Healthy,144,336902
EE87969,Healthy,145,340492
EE87969,Healthy,146,338923
EE87969,Healthy,147,342363
EE87969,Healthy,148,358861
EE87969,Healthy,149,385848
EE87969,Healthy,150,417693
EE87969,Healthy,151,457635
EE87969,Healthy,152,492476
EE87969,Healthy,153,493666
EE87969,Healthy,154,472222
EE87969,Healthy,155,469695
EE87969,Healthy,156,493640
EE87969,Healthy,157,543913
EE87969,Healthy,158,608404
EE87969,Healthy,159,675643
EE87969,Healthy,160,728022
EE87969,Healthy,161,762653
EE87969,Healthy,162,798672
EE87969,Healthy,163,864909
EE87969,Healthy,164,970624
EE87969,Healthy,165,1062685
EE87969,Healthy,166,1095829
EE87969,Healthy,167,1082454
EE87969,Healthy,168,1052047
EE87969,Healthy,169,1005817
EE87969,Healthy,170,945343
EE87969,Healthy,171,880066
EE87969,Healthy,172,824209
EE87969,Healthy,173,788459
EE87969,Healthy,174,765036
EE87969,Healthy,175,743033
EE87969,Healthy,176,714814
EE87969,Healthy,177,672699
EE87969,Healthy,178,622236
EE87969,Healthy,179,568869
EE87969,Healthy,180,517401
EE87969,Healthy,181,468790
EE87969,Healthy,182,425979
EE87969,Healthy,183,389689
EE87969,Healthy,184,361538
EE87969,Healthy,185,339553
EE87969,Healthy,186,321513
EE87969,Healthy,187,304651
EE87969,Healthy,188,289009
EE87969,Healthy,189,270283
EE87969,Healthy,190,249511
EE87969,Healthy,191,229668
EE87969,Healthy,192,209181
EE87969,Healthy,193,189371
EE87969,Healthy,194,174870
EE87969,Healthy,195,162483
EE87969,Healthy,196,152283
EE87969,Healthy,197,145669
EE87969,Healthy,198,138389
EE87969,Healthy,199,131503
EE87969,Healthy,200,124638
EE87969,Healthy,201,116693
EE87969,Healthy,202,107879
EE87969,Healthy,203,99202
EE87969,Healthy,204,91248
EE87969,Healthy,205,84568
EE87969,Healthy,206,78566
EE87969,Healthy,207,73409
EE87969,Healthy,208,69768
EE87969,Healthy,209,66292
EE87969,Healthy,210,62695
EE87969,Healthy,211,59154
EE87969,Healthy,212,54807
EE87969,Healthy,213,50722
EE87969,Healthy,214,46150
EE87969,Healthy,215,42346
EE87969,Healthy,216,39062
EE87969,Healthy,217,36448
EE87969,Healthy,218,34343
EE87969,Healthy,219,31656
EE87969,Healthy,220,30411
EE87969,Healthy,221,28299
EE87969,Healthy,222,26072
EE87969,Healthy,223,24046
EE87969,Healthy,224,22101
EE87969,Healthy,225,20491
EE87969,Healthy,226,18448
EE87969,Healthy,227,17418
EE87969,Healthy,228,16414
EE87969,Healthy,229,15308
EE87969,Healthy,230,14352
EE87969,Healthy,231,13298
EE87969,Healthy,232,12725
EE87969,Healthy,233,11640
EE87969,Healthy,234,10568
EE87969,Healthy,235,9736
EE87969,Healthy,236,9266
EE87969,Healthy,237,8607
EE87969,Healthy,238,8179
EE87969,Healthy,239,7463
EE87969,Healthy,240,7242
EE87969,Healthy,241,6826
EE87969,Healthy,242,2132
EE87969,Healthy,243,1910
EE87969,Healthy,244,1810
EE87969,Healthy,245,47
EE87970,Healthy,87,6
EE87970,Healthy,88,208
EE87970,Healthy,89,262
EE87970,Healthy,90,293
EE87970,Healthy,91,432
EE87970,Healthy,92,431
EE87970,Healthy,93,403
EE87970,Healthy,94,493
EE87970,Healthy,95,534
EE87970,Healthy,96,595
EE87970,Healthy,97,595
EE87970,Healthy,98,630
EE87970,Healthy,99,5883
EE87970,Healthy,100,7242
EE87970,Healthy,101,8154
EE87970,Healthy,102,8813
EE87970,Healthy,103,9357
EE87970,Healthy,104,9175
EE87970,Healthy,105,9306
EE87970,Healthy,106,10224
EE87970,Healthy,107,11666
EE87970,Healthy,108,13287
EE87970,Healthy,109,16104
EE87970,Healthy,110,19441
EE87970,Healthy,111,22667
EE87970,Healthy,112,23676
EE87970,Healthy,113,21583
EE87970,Healthy,114,20291
EE87970,Healthy,115,20893
EE87970,Healthy,116,22891
EE87970,Healthy,117,25757
EE87970,Healthy,118,28925
EE87970,Healthy,119,34133
EE87970,Healthy,120,42865
EE87970,Healthy,121,56061
EE87970,Healthy,122,66683
EE87970,Healthy,123,65509
EE87970,Healthy,124,52995
EE87970,Healthy,125,43224
EE87970,Healthy,126,41669
EE87970,Healthy,127,44797
EE87970,Healthy,128,50438
EE87970,Healthy,129,57706
EE87970,Healthy,130,70707
EE87970,Healthy,131,91661
EE87970,Healthy,132,123424
EE87970,Healthy,133,155106
EE87970,Healthy,134,163560
EE87970,Healthy,135,144270
EE87970,Healthy,136,128342
EE87970,Healthy,137,134041
EE87970,Healthy,138,158535
EE87970,Healthy,139,200130
EE87970,Healthy,140,249560
EE87970,Healthy,141,289817
EE87970,Healthy,142,303448
EE87970,Healthy,143,300489
EE87970,Healthy,144,304379
EE87970,Healthy,145,311050
EE87970,Healthy,146,308663
EE87970,Healthy,147,312686
EE87970,Healthy,148,327438
EE87970,Healthy,149,350286
EE87970,Healthy,150,378289
EE87970,Healthy,151,414129
EE87970,Healthy,152,447059
EE87970,Healthy,153,445460
EE87970,Healthy,154,426485
EE87970,Healthy,155,422698
EE87970,Healthy,156,444626
EE87970,Healthy,157,490842
EE87970,Healthy,158,545364
EE87970,Healthy,159,603106
EE87970,Healthy,160,647189
EE87970,Healthy,161,676254
EE87970,Healthy,162,704684
EE87970,Healthy,163,759983
EE87970,Healthy,164,850041
EE87970,Healthy,165,932362
EE87970,Healthy,166,967608
EE87970,Healthy,167,967010
EE87970,Healthy,168,944012
EE87970,Healthy,169,903849
EE87970,Healthy,170,854034
EE87970,Healthy,171,798061
EE87970,Healthy,172,755526
EE87970,Healthy,173,727363
EE87970,Healthy,174,711624
EE87970,Healthy,175,696529
EE87970,Healthy,176,675963
EE87970,Healthy,177,637372
EE87970,Healthy,178,590669
EE87970,Healthy,179,540921
EE87970,Healthy,180,492423
EE87970,Healthy,181,446483
EE87970,Healthy,182,407186
EE87970,Healthy,183,374497
EE87970,Healthy,184,347951
EE87970,Healthy,185,327988
EE87970,Healthy,186,310898
EE87970,Healthy,187,295505
EE87970,Healthy,188,278694
EE87970,Healthy,189,260212
EE87970,Healthy,190,239494
EE87970,Healthy,191,218927
EE87970,Healthy,192,198915
EE87970,Healthy,193,181584
EE87970,Healthy,194,166915
EE87970,Healthy,195,155062
EE87970,Healthy,196,145840
EE87970,Healthy,197,138682
EE87970,Healthy,198,132261
EE87970,Healthy,199,125857
EE87970,Healthy,200,118575
EE87970,Healthy,201,110625
EE87970,Healthy,202,101865
EE87970,Healthy,203,93887
EE87970,Healthy,204,85988
EE87970,Healthy,205,79757
EE87970,Healthy,206,73729
EE87970,Healthy,207,68766
EE87970,Healthy,208,65326
EE87970,Healthy,209,61261
EE87970,Healthy,210,58251
EE87970,Healthy,211,54415
EE87970,Healthy,212,50423
EE87970,Healthy,213,46699
EE87970,Healthy,214,42010
EE87970,Healthy,215,39043
EE87970,Healthy,216,35845
EE87970,Healthy,217,33419
EE87970,Healthy,218,30966
EE87970,Healthy,219,29550
EE87970,Healthy,220,27851
EE87970,Healthy,221,25954
EE87970,Healthy,222,24166
EE87970,Healthy,223,22120
EE87970,Healthy,224,20095
EE87970,Healthy,225,18490
EE87970,Healthy,226,16976
EE87970,Healthy,227,15743
EE87970,Healthy,228,14767
EE87970,Healthy,229,14087
EE87970,Healthy,230,13006
EE87970,Healthy,231,12129
EE87970,Healthy,232,11377
EE87970,Healthy,233,10514
EE87970,Healthy,234,9854
EE87970,Healthy,235,8995
EE87970,Healthy,236,8624
EE87970,Healthy,237,8039
EE87970,Healthy,238,7504
EE87970,Healthy,239,7332
EE87970,Healthy,240,6848
EE87970,Healthy,241,6812
EE87970,Healthy,242,6414
EE87970,Healthy,243,5489
EE87970,Healthy,244,5289
EE87970,Healthy,245,4825
EE87970,Healthy,246,234
EE87970,Healthy,247,217
EE87970,Healthy,248,210
EE87988,Healthy,85,212
EE87988,Healthy,86,235
EE87988,Healthy,87,232
EE87988,Healthy,88,339
EE87988,Healthy,89,337
EE87988,Healthy,90,343
EE87988,Healthy,91,385
EE87988,Healthy,92,347
EE87988,Healthy,93,422
EE87988,Healthy,94,465
EE87988,Healthy,95,519
EE87988,Healthy,96,540
EE87988,Healthy,97,527
EE87988,Healthy,98,574
EE87988,Healthy,99,6123
EE87988,Healthy,100,7498
EE87988,Healthy,101,8474
EE87988,Healthy,102,8972
EE87988,Healthy,103,9342
EE87988,Healthy,104,9318
EE87988,Healthy,105,9397
EE87988,Healthy,106,10356
EE87988,Healthy,107,12008
EE87988,Healthy,108,13928
EE87988,Healthy,109,16626
EE87988,Healthy,110,20523
EE87988,Healthy,111,24720
EE87988,Healthy,112,25142
EE87988,Healthy,113,22870
EE87988,Healthy,114,21275
EE87988,Healthy,115,21577
EE87988,Healthy,116,23604
EE87988,Healthy,117,26397
EE87988,Healthy,118,29691
EE87988,Healthy,119,35371
EE87988,Healthy,120,43739
EE87988,Healthy,121,57580
EE87988,Healthy,122,68162
EE87988,Healthy,123,66537
EE87988,Healthy,124,53758
EE87988,Healthy,125,43040
EE87988,Healthy,126,41363
EE87988,Healthy,127,43737
EE87988,Healthy,128,49018
EE87988,Healthy,129,56081
EE87988,Healthy,130,68569
EE87988,Healthy,131,87469
EE87988,Healthy,132,116454
EE87988,Healthy,133,144875
EE87988,Healthy,134,150165
EE87988,Healthy,135,131828
EE87988,Healthy,136,114707
EE87988,Healthy,137,118661
EE87988,Healthy,138,141738
EE87988,Healthy,139,177182
EE87988,Healthy,140,221585
EE87988,Healthy,141,254426
EE87988,Healthy,142,264493
EE87988,Healthy,143,260242
EE87988,Healthy,144,259970
EE87988,Healthy,145,263949
EE87988,Healthy,146,261803
EE87988,Healthy,147,263690
EE87988,Healthy,148,277550
EE87988,Healthy,149,299224
EE87988,Healthy,150,324293
EE87988,Healthy,151,356882
EE87988,Healthy,152,383223
EE87988,Healthy,153,383454
EE87988,Healthy,154,363572
EE87988,Healthy,155,359439
EE87988,Healthy,156,376486
EE87988,Healthy,157,413577
EE87988,Healthy,158,464510
EE87988,Healthy,159,519053
EE87988,Healthy,160,560270
EE87988,Healthy,161,586168
EE87988,Healthy,162,609309
EE87988,Healthy,163,655543
EE87988,Healthy,164,730453
EE87988,Healthy,165,802482
EE87988,Healthy,166,835351
EE87988,Healthy,167,838218
EE87988,Healthy,168,821585
EE87988,Healthy,169,795218
EE87988,Healthy,170,754341
EE87988,Healthy,171,710146
EE87988,Healthy,172,673163
EE87988,Healthy,173,651297
EE87988,Healthy,174,641773
EE87988,Healthy,175,633293
EE87988,Healthy,176,619374
EE87988,Healthy,177,594535
EE87988,Healthy,178,555187
EE87988,Healthy,179,517306
EE87988,Healthy,180,476871
EE87988,Healthy,181,436124
EE87988,Healthy,182,400994
EE87988,Healthy,183,371159
EE87988,Healthy,184,346843
EE87988,Healthy,185,330587
EE87988,Healthy,186,314925
EE87988,Healthy,187,301456
EE87988,Healthy,188,289094
EE87988,Healthy,189,271588
EE87988,Healthy,190,253728
EE87988,Healthy,191,231851
EE87988,Healthy,192,212346
EE87988,Healthy,193,194030
EE87988,Healthy,194,178982
EE87988,Healthy,195,166198
EE87988,Healthy,196,156941
EE87988,Healthy,197,148612
EE87988,Healthy,198,143304
EE87988,Healthy,199,135485
EE87988,Healthy,200,128382
EE87988,Healthy,201,119402
EE87988,Healthy,202,110852
EE87988,Healthy,203,101558
EE87988,Healthy,204,93638
EE87988,Healthy,205,85846
EE87988,Healthy,206,80255
EE87988,Healthy,207,75310
EE87988,Healthy,208,70885
EE87988,Healthy,209,67353
EE87988,Healthy,210,64148
EE87988,Healthy,211,59834
EE87988,Healthy,212,55581
EE87988,Healthy,213,50597
EE87988,Healthy,214,46890
EE87988,Healthy,215,42548
EE87988,Healthy,216,39228
EE87988,Healthy,217,36635
EE87988,Healthy,218,34359
EE87988,Healthy,219,32050
EE87988,Healthy,220,30438
EE87988,Healthy,221,28421
EE87988,Healthy,222,26349
EE87988,Healthy,223,24251
EE87988,Healthy,224,22375
EE87988,Healthy,225,20249
EE87988,Healthy,226,18878
EE87988,Healthy,227,17159
EE87988,Healthy,228,16085
EE87988,Healthy,229,15010
EE87988,Healthy,230,13980
EE87988,Healthy,231,13401
EE87988,Healthy,232,12456
EE87988,Healthy,233,11531
EE87988,Healthy,234,10376
EE87988,Healthy,235,9542
EE87988,Healthy,236,8870
EE87988,Healthy,237,8249
EE87988,Healthy,238,7900
EE87988,Healthy,239,7498
EE87988,Healthy,240,7181
EE87988,Healthy,241,6803
EE87988,Healthy,242,6560
EE87988,Healthy,243,6129
EE87988,Healthy,244,5665
EE87988,Healthy,245,5540
EE87988,Healthy,246,5127
EE87988,Healthy,247,4493
EE87988,Healthy,248,4115
EE87988,Healthy,249,4050
EE87988,Healthy,250,3883
EE87988,Healthy,251,2506
EE87988,Healthy,252,2492
EE87988,Healthy,253,2389
EE87989,Healthy,84,6
EE87989,Healthy,85,8
EE87989,Healthy,86,9
EE87989,Healthy,87,36
EE87989,Healthy,88,328
EE87989,Healthy,89,405
EE87989,Healthy,90,407
EE87989,Healthy,91,463
EE87989,Healthy,92,491
EE87989,Healthy,93,535
EE87989,Healthy,94,551
EE87989,Healthy,95,555
EE87989,Healthy,96,671
EE87989,Healthy,97,657
EE87989,Healthy,98,674
EE87989,Healthy,99,6760
EE87989,Healthy,100,8133
EE87989,Healthy,101,8769
EE87989,Healthy,102,9222
EE87989,Healthy,103,9421
EE87989,Healthy,104,9594
EE87989,Healthy,105,9467
EE87989,Healthy,106,10475
EE87989,Healthy,107,11664
EE87989,Healthy,108,13349
EE87989,Healthy,109,15851
EE87989,Healthy,110,19502
EE87989,Healthy,111,22624
EE87989,Healthy,112,23495
EE87989,Healthy,113,21153
EE87989,Healthy,114,19861
EE87989,Healthy,115,20306
EE87989,Healthy,116,21705
EE87989,Healthy,117,24418
EE87989,Healthy,118,27346
EE87989,Healthy,119,32413
EE87989,Healthy,120,41905
EE87989,Healthy,121,55475
EE87989,Healthy,122,66109
EE87989,Healthy,123,65226
EE87989,Healthy,124,51475
EE87989,Healthy,125,41169
EE87989,Healthy,126,39118
EE87989,Healthy,127,41998
EE87989,Healthy,128,47695
EE87989,Healthy,129,54599
EE87989,Healthy,130,67161
EE87989,Healthy,131,88781
EE87989,Healthy,132,121596
EE87989,Healthy,133,155064
EE87989,Healthy,134,161188
EE87989,Healthy,135,141022
EE87989,Healthy,136,122883
EE87989,Healthy,137,127047
EE87989,Healthy,138,152442
EE87989,Healthy,139,193136
EE87989,Healthy,140,242806
EE87989,Healthy,141,280437
EE87989,Healthy,142,289313
EE87989,Healthy,143,286061
EE87989,Healthy,144,286822
EE87989,Healthy,145,291600
EE87989,Healthy,146,290061
EE87989,Healthy,147,291494
EE87989,Healthy,148,304671
EE87989,Healthy,149,324204
EE87989,Healthy,150,351144
EE87989,Healthy,151,385277
EE87989,Healthy,152,414612
EE87989,Healthy,153,411911
EE87989,Healthy,154,390699
EE87989,Healthy,155,384962
EE87989,Healthy,156,405960
EE87989,Healthy,157,447474
EE87989,Healthy,158,500151
EE87989,Healthy,159,554069
EE87989,Healthy,160,596061
EE87989,Healthy,161,618579
EE87989,Healthy,162,646513
EE87989,Healthy,163,696435
EE87989,Healthy,164,780525
EE87989,Healthy,165,857634
EE87989,Healthy,166,890881
EE87989,Healthy,167,883088
EE87989,Healthy,168,860933
EE87989,Healthy,169,822470
EE87989,Healthy,170,775761
EE87989,Healthy,171,724149
EE87989,Healthy,172,681074
EE87989,Healthy,173,656776
EE87989,Healthy,174,643465
EE87989,Healthy,175,631009
EE87989,Healthy,176,611027
EE87989,Healthy,177,582774
EE87989,Healthy,178,542900
EE87989,Healthy,179,499688
EE87989,Healthy,180,455809
EE87989,Healthy,181,414682
EE87989,Healthy,182,376867
EE87989,Healthy,183,346762
EE87989,Healthy,184,322443
EE87989,Healthy,185,303728
EE87989,Healthy,186,289332
EE87989,Healthy,187,274550
EE87989,Healthy,188,261852
EE87989,Healthy,189,245936
EE87989,Healthy,190,226572
EE87989,Healthy,191,209167
EE87989,Healthy,192,190350
EE87989,Healthy,193,173133
EE87989,Healthy,194,158169
EE87989,Healthy,195,146878
EE87989,Healthy,196,138029
EE87989,Healthy,197,131611
EE87989,Healthy,198,125792
EE87989,Healthy,199,120382
EE87989,Healthy,200,113760
EE87989,Healthy,201,106649
EE87989,Healthy,202,98585
EE87989,Healthy,203,90398
EE87989,Healthy,204,82537
EE87989,Healthy,205,76448
EE87989,Healthy,206,71344
EE87989,Healthy,207,66895
EE87989,Healthy,208,63171
EE87989,Healthy,209,59740
EE87989,Healthy,210,56755
EE87989,Healthy,211,53379
EE87989,Healthy,212,49867
EE87989,Healthy,213,45512
EE87989,Healthy,214,41568
EE87989,Healthy,215,38483
EE87989,Healthy,216,35562
EE87989,Healthy,217,32590
EE87989,Healthy,218,31056
EE87989,Healthy,219,29134
EE87989,Healthy,220,27229
EE87989,Healthy,221,25982
EE87989,Healthy,222,24021
EE87989,Healthy,223,22195
EE87989,Healthy,224,20220
EE87989,Healthy,225,18298
EE87989,Healthy,226,16964
EE87989,Healthy,227,15969
EE87989,Healthy,228,14881
EE87989,Healthy,229,13972
EE87989,Healthy,230,13258
EE87989,Healthy,231,12357
EE87989,Healthy,232,11493
EE87989,Healthy,233,10865
EE87989,Healthy,234,9879
EE87989,Healthy,235,9348
EE87989,Healthy,236,8456
EE87989,Healthy,237,7847
EE87989,Healthy,238,7595
EE87989,Healthy,239,7137
EE87989,Healthy,240,6954
EE87989,Healthy,241,6781
EE87989,Healthy,242,6314
EE87989,Healthy,243,5512
EE87989,Healthy,244,4996
EE87989,Healthy,245,4951
EE87989,Healthy,246,4690
EE87989,Healthy,247,4464
EE87989,Healthy,248,4271
EE87989,Healthy,249,3456
EE87989,Healthy,250,843
EE87989,Healthy,251,871
EE87989,Healthy,252,839
EE87990,Healthy,88,68
EE87990,Healthy,89,421
EE87990,Healthy,90,406
EE87990,Healthy,91,417
EE87990,Healthy,92,591
EE87990,Healthy,93,598
EE87990,Healthy,94,676
EE87990,Healthy,95,710
EE87990,Healthy,96,782
EE87990,Healthy,97,748
EE87990,Healthy,98,878
EE87990,Healthy,99,9270
EE87990,Healthy,100,10944
EE87990,Healthy,101,12229
EE87990,Healthy,102,12789
EE87990,Healthy,103,13088
EE87990,Healthy,104,13262
EE87990,Healthy,105,13308
EE87990,Healthy,106,14651
EE87990,Healthy,107,16398
EE87990,Healthy,108,18835
EE87990,Healthy,109,22421
EE87990,Healthy,110,26993
EE87990,Healthy,111,31528
EE87990,Healthy,112,32230
EE87990,Healthy,113,29093
EE87990,Healthy,114,26912
EE87990,Healthy,115,27066
EE87990,Healthy,116,29612
EE87990,Healthy,117,33578
EE87990,Healthy,118,37516
EE87990,Healthy,119,44709
EE87990,Healthy,120,56810
EE87990,Healthy,121,76393
EE87990,Healthy,122,91784
EE87990,Healthy,123,90014
EE87990,Healthy,124,71553
EE87990,Healthy,125,56327
EE87990,Healthy,126,53337
EE87990,Healthy,127,57489
EE87990,Healthy,128,65238
EE87990,Healthy,129,75499
EE87990,Healthy,130,94233
EE87990,Healthy,131,125398
EE87990,Healthy,132,170174
EE87990,Healthy,133,215093
EE87990,Healthy,134,223534
EE87990,Healthy,135,196228
EE87990,Healthy,136,171541
EE87990,Healthy,137,177635
EE87990,Healthy,138,213320
EE87990,Healthy,139,270691
EE87990,Healthy,140,339197
EE87990,Healthy,141,393577
EE87990,Healthy,142,409959
EE87990,Healthy,143,406714
EE87990,Healthy,144,408933
EE87990,Healthy,145,414322
EE87990,Healthy,146,412237
EE87990,Healthy,147,417191
EE87990,Healthy,148,439504
EE87990,Healthy,149,473733
EE87990,Healthy,150,518165
EE87990,Healthy,151,570081
EE87990,Healthy,152,615743
EE87990,Healthy,153,615625
EE87990,Healthy,154,588430
EE87990,Healthy,155,584444
EE87990,Healthy,156,616154
EE87990,Healthy,157,681114
EE87990,Healthy,158,762912
EE87990,Healthy,159,848022
EE87990,Healthy,160,911205
EE87990,Healthy,161,946105
EE87990,Healthy,162,984059
EE87990,Healthy,163,1060905
EE87990,Healthy,164,1180607
EE87990,Healthy,165,1293581
EE87990,Healthy,166,1345217
EE87990,Healthy,167,1345435
EE87990,Healthy,168,1316488
EE87990,Healthy,169,1264670
EE87990,Healthy,170,1194610
EE87990,Healthy,171,1118084
EE87990,Healthy,172,1055447
EE87990,Healthy,173,1020089
EE87990,Healthy,174,998161
EE87990,Healthy,175,982714
EE87990,Healthy,176,954676
EE87990,Healthy,177,910965
EE87990,Healthy,178,851459
EE87990,Healthy,179,788203
EE87990,Healthy,180,720617
EE87990,Healthy,181,657106
EE87990,Healthy,182,600515
EE87990,Healthy,183,553702
EE87990,Healthy,184,516144
EE87990,Healthy,185,487683
EE87990,Healthy,186,465542
EE87990,Healthy,187,444869
EE87990,Healthy,188,420531
EE87990,Healthy,189,395241
EE87990,Healthy,190,364504
EE87990,Healthy,191,333075
EE87990,Healthy,192,302831
EE87990,Healthy,193,276553
EE87990,Healthy,194,253205
EE87990,Healthy,195,234070
EE87990,Healthy,196,218998
EE87990,Healthy,197,208525
EE87990,Healthy,198,198420
EE87990,Healthy,199,188108
EE87990,Healthy,200,177061
EE87990,Healthy,201,164900
EE87990,Healthy,202,152100
EE87990,Healthy,203,138874
EE87990,Healthy,204,127156
EE87990,Healthy,205,116820
EE87990,Healthy,206,108562
EE87990,Healthy,207,101401
EE87990,Healthy,208,95708
EE87990,Healthy,209,90147
EE87990,Healthy,210,84855
EE87990,Healthy,211,79320
EE87990,Healthy,212,73835
EE87990,Healthy,213,67068
EE87990,Healthy,214,61556
EE87990,Healthy,215,56632
EE87990,Healthy,216,51824
EE87990,Healthy,217,48219
EE87990,Healthy,218,45103
EE87990,Healthy,219,42302
EE87990,Healthy,220,39702
EE87990,Healthy,221,37128
EE87990,Healthy,222,34091
EE87990,Healthy,223,31696
EE87990,Healthy,224,29117
EE87990,Healthy,225,26507
EE87990,Healthy,226,24250
EE87990,Healthy,227,22283
EE87990,Healthy,228,20778
EE87990,Healthy,229,19644
EE87990,Healthy,230,18829
EE87990,Healthy,231,17575
EE87990,Healthy,232,16370
EE87990,Healthy,233,15002
EE87990,Healthy,234,13901
EE87990,Healthy,235,12876
EE87990,Healthy,236,12259
EE87990,Healthy,237,11341
EE87990,Healthy,238,10746
EE87990,Healthy,239,10362
EE87990,Healthy,240,10060
EE87990,Healthy,241,9758
EE87990,Healthy,242,9220
EE87990,Healthy,243,8659
EE87990,Healthy,244,7547
EE87990,Healthy,245,7317
EE87990,Healthy,246,6998
EE87990,Healthy,247,3713
EE87990,Healthy,248,3742
EE87990,Healthy,249,3293
